wyscout_team,wyscout_competition,opta_contestant_id,opta_team,opta_country,opta_league,match_method,match_score,rating,rank,review_status,notes
Aldosivi,Argentina. Liga Profesional de Fútbol,daclh04s6dduu6f9yw7fm8w6r,Aldosivi,Argentina,Liga Profesional Argentina,exact_name,100,78.2778593861,458,auto_confirmed,""
Argentinos Juniors,Argentina. Liga Profesional de Fútbol,7tev5pifn8hdy4vlts0coha1b,Argentinos Juniors,Argentina,Liga Profesional Argentina,exact_name,100,85.0205799948,104,auto_confirmed,""
Arsenal,Argentina. Liga Profesional de Fútbol,ancihw39hzlr6vjfgl8jsihe1,Arsenal,Argentina,Prim B Metro,exact_name,100,65.1124592023,2443,auto_confirmed,""
Atlético Tucumán,Argentina. Liga Profesional de Fútbol,6u0o1i04y2mnw2avru97sn970,Atlético Tucumán,Argentina,Liga Profesional Argentina,exact_name,100,81.4799671709,247,auto_confirmed,""
Banfield,Argentina. Liga Profesional de Fútbol,3lbqswe4h5wyrayjt580zmujx,Banfield,Argentina,Liga Profesional Argentina,exact_name,100,79.4717533078,368,auto_confirmed,""
Barracas Central,Argentina. Liga Profesional de Fútbol,8bh6iyg42ta2y8mgkkgd2hy6o,Barracas Central,Argentina,Liga Profesional Argentina,exact_name,100,80.2006264007,323,auto_confirmed,""
Belgrano,Argentina. Liga Profesional de Fútbol,2biw4all5ru5xiorgyqbevwr1,Belgrano,Argentina,Liga Profesional Argentina,exact_name,100,84.023026242,133,auto_confirmed,""
Boca Juniors,Argentina. Liga Profesional de Fútbol,ciqt22ivoc48zj62detdyh1mm,Boca Juniors,Argentina,Liga Profesional Argentina,exact_name,100,87.4126060578,56,auto_confirmed,""
Central Córdoba SdE,Argentina. Liga Profesional de Fútbol,1x5i9dl7uyrh5o2th8ore61e6,Central Córdoba SdE,Argentina,Liga Profesional Argentina,exact_name,100,79.2356052877,390,auto_confirmed,""
Colón,Argentina. Liga Profesional de Fútbol,64a7qygl90q6k3319f29fwduo,Colón,Argentina,Primera Nacional,exact_name,100,76.2004852551,643,auto_confirmed,""
Defensa y Justicia,Argentina. Liga Profesional de Fútbol,1n4ioqcbh1hemy9ezzu6v86n7,Defensa y Justicia,Argentina,Liga Profesional Argentina,exact_name,100,81.9524867893,229,auto_confirmed,""
Deportivo Riestra,Argentina. Liga Profesional de Fútbol,7gcwwr8m5docs6jqrn2stilie,Deportivo Riestra,Argentina,Liga Profesional Argentina,exact_name,100,80.434236247,309,auto_confirmed,""
Estudiantes,Argentina. Liga Profesional de Fútbol,91j32z6ga16tjj140ss2i24mt,Estudiantes,Argentina,Liga Profesional Argentina,exact_name,100,84.4873946206,119,auto_confirmed,""
Estudiantes Río Cuarto,Argentina. Liga Profesional de Fútbol,40t5qm271m6s8i8r6hdlqdzv5,Estudiantes Río Cuarto,Argentina,Liga Profesional Argentina,exact_name,100,77.0843890458,561,auto_confirmed,""
Gimnasia La Plata,Argentina. Liga Profesional de Fútbol,1rio0xlpk4s2ttmchsqjs6eik,Gimnasia La Plata,Argentina,Liga Profesional Argentina,exact_name,100,83.5585703598,148,auto_confirmed,""
Gimnasia Mendoza,Argentina. Liga Profesional de Fútbol,9vph9w7uflam4cks28dfp98h4,Gimnasia Mendoza,Argentina,Liga Profesional Argentina,exact_name,100,82.0573623591,226,auto_confirmed,""
Godoy Cruz,Argentina. Liga Profesional de Fútbol,1we2nqwg18sjn6cevduuapbkf,Godoy Cruz,Argentina,Primera Nacional,exact_name,100,78.7231125416,426,auto_confirmed,""
Huracán,Argentina. Liga Profesional de Fútbol,3rw8ouixzsh3x8dgy8ifev925,Huracán,Argentina,Liga Profesional Argentina,exact_name,100,83.1340767973,169,auto_confirmed,""
Independiente,Argentina. Liga Profesional de Fútbol,8inprqnxjps9ckiamn3cfoo8v,Independiente Rivadavia,Argentina,Liga Profesional Argentina,exact_name,100,85.8556287076,78,auto_confirmed,""
Independiente Rivadavia,Argentina. Liga Profesional de Fútbol,8inprqnxjps9ckiamn3cfoo8v,Independiente Rivadavia,Argentina,Liga Profesional Argentina,exact_name,100,85.8556287076,78,auto_confirmed,""
Instituto,Argentina. Liga Profesional de Fútbol,2zjoq67ogz8lmaoesxkubxhp6,Instituto,Argentina,Liga Profesional Argentina,exact_name,100,84.2172779024,125,auto_confirmed,""
Lanús,Argentina. Liga Profesional de Fútbol,19ij50t7wklqr3w2bye5r7tp4,Lanús,Argentina,Liga Profesional Argentina,exact_name,100,83.3980445468,157,auto_confirmed,""
Newell's Old Boys,Argentina. Liga Profesional de Fútbol,3oj3koph7uf63y1f9zr8r7ylo,Newell's Old Boys,Argentina,Liga Profesional Argentina,exact_name,100,81.2133495742,269,auto_confirmed,""
Patronato,Argentina. Liga Profesional de Fútbol,6dxnbgs53o32c955668uki7cr,Patronato,Argentina,Primera Nacional,exact_name,100,74.6972833976,790,auto_confirmed,""
Platense,Argentina. Liga Profesional de Fútbol,d08q2rnrt7mss1axbuu595tyu,Platense,Argentina,Liga Profesional Argentina,exact_name,100,80.8201647253,290,auto_confirmed,""
Racing Club,Argentina. Liga Profesional de Fútbol,39acfbxikh52o6y9opfb0q0nb,Racing Club,Argentina,Liga Profesional Argentina,exact_name,100,82.3524528018,202,auto_confirmed,""
River Plate,Argentina. Liga Profesional de Fútbol,115foion8jwrvp2e7xif675kx,River Plate,Argentina,Liga Profesional Argentina,exact_name,100,85.285738095,94,auto_confirmed,""
Rosario Central,Argentina. Liga Profesional de Fútbol,e8ma1lonj51sqmwy00mwnw1ke,Rosario Central,Argentina,Liga Profesional Argentina,exact_name,100,85.1851761937,97,auto_confirmed,""
San Lorenzo,Argentina. Liga Profesional de Fútbol,2sciofe2reang4qdncm1bihgr,San Lorenzo,Argentina,Liga Profesional Argentina,exact_name,100,81.2206688873,267,auto_confirmed,""
San Martín San Juan,Argentina. Liga Profesional de Fútbol,c4f6hp1oyal1ispkv638ipumk,San Martín San Juan,Argentina,Primera Nacional,exact_name,100,78.093242353,475,auto_confirmed,""
Sarmiento,Argentina. Liga Profesional de Fútbol,1tsjuhn8qeikaj837w2ybx77n,Sarmiento,Argentina,Liga Profesional Argentina,exact_name,100,81.0700956214,277,auto_confirmed,""
Talleres Córdoba,Argentina. Liga Profesional de Fútbol,ajeh0pq7dtphe0btz4wc4xb0g,Talleres de Córdoba,Argentina,Liga Profesional Argentina,fuzzy_country,91.43,80.6001897446,302,needs_review,""
Tigre,Argentina. Liga Profesional de Fútbol,cs3122cdx3g2nviltzfilmz5c,Tigre,Argentina,Liga Profesional Argentina,exact_name,100,82.3026348734,205,auto_confirmed,""
Unión Santa Fe,Argentina. Liga Profesional de Fútbol,"","","","",unmapped,,,,unmapped,""
Vélez Sarsfield,Argentina. Liga Profesional de Fútbol,a3kgi895b7b3ecfzmoyxbw2pl,Vélez Sarsfield,Argentina,Liga Profesional Argentina,exact_name,100,84.6210497354,117,auto_confirmed,""
Adelaide United,Australia. A-League,6lezh5aazy0xca1800e5dqxwl,Adelaide United,Australia,A-League Men,exact_name,100,71.3042655555,1238,auto_confirmed,""
Auckland FC,Australia. A-League,1csft77zeexrhddgjoxuht7v8,Auckland,New Zealand,A-League Men,exact_name,100,73.9636790599,891,auto_confirmed,""
Brisbane Roar,Australia. A-League,v046no35g7ebk8lytdjmfb43,Brisbane Roar,Australia,A-League Men,exact_name,100,67.2046640133,1947,auto_confirmed,""
Central Coast Mariners,Australia. A-League,c4ygb6mnh53kpl2mpxe52l8jw,Central Coast Mariners,Australia,A-League Men,exact_name,100,68.1193767723,1755,auto_confirmed,""
Macarthur,Australia. A-League,7jv344gvcvgqg7oeuc9u554dm,Macarthur,Australia,A-League Men,exact_name,100,69.3939362267,1513,auto_confirmed,""
Melbourne City,Australia. A-League,c33jm806py6adse5wv9wx6ch1,Melbourne City,Australia,A-League Men,exact_name,100,73.181351749,990,auto_confirmed,""
Melbourne Victory,Australia. A-League,9xmhnv6im8h7c9e17oqvcx8gl,Melbourne Victory,Australia,A-League Men,exact_name,100,72.9340388564,1027,auto_confirmed,""
Newcastle Jets,Australia. A-League,chu9blh367xs3yumct5tqto2q,Newcastle Jets,Australia,A-League Men,exact_name,100,72.3168548646,1093,auto_confirmed,""
Perth Glory,Australia. A-League,cuj4qahgk4idsme4dg8clk6gw,Perth Glory,Australia,A-League Men,exact_name,100,67.99489152,1778,auto_confirmed,""
Sydney,Australia. A-League,38ui5tfi8anjuh533emny2tz1,Sydney,Australia,A-League Men,exact_name,100,72.5806846316,1061,auto_confirmed,""
Wellington Phoenix,Australia. A-League,6j4xzc2g1eeafo6v1f38d4x22,Wellington Phoenix,New Zealand,A-League Men,exact_name,100,68.9113401397,1600,auto_confirmed,""
Western Sydney Wanderers,Australia. A-League,6h553bwfqkoxayuv80uikkn42,Western Sydney Wanderers,Australia,A-League Men,exact_name,100,69.0161403265,1574,auto_confirmed,""
Western United,Australia. A-League,edfarqi4vewvh4je2f72dv310,Western United II,Australia,Victoria PL 1,fuzzy_country,90.32,27.6032689007,13909,needs_review,""
Admira,Austria. 2. Liga,4l5d2ebcjlj5rsxqfzx3wc2nh,Admira Wacker,Austria,2. Liga,exact_name,100,68.9696573909,1587,auto_confirmed,""
Amstetten,Austria. 2. Liga,1xmid87fkbcqkezkukhggmuqz,Amstetten,Austria,2. Liga,exact_name,100,67.7590071529,1831,auto_confirmed,""
Austria Klagenfurt,Austria. 2. Liga,8fw92w95mzdtzm4vxhsglfopu,Austria Klagenfurt,Austria,Regionalliga,exact_name,100,59.086373292,4221,auto_confirmed,""
Austria Lustenau,Austria. 2. Liga,9ws0f9wf5r8mdigwo0xpzv06v,Austria Lustenau,Austria,Bundesliga,exact_name,100,75.3438212044,723,auto_confirmed,""
Austria Salzburg,Austria. 2. Liga,a9io8h96ezoam16femvkqsdci,Austria Salzburg,Austria,2. Liga,exact_name,100,66.2191046214,2179,auto_confirmed,""
Austria Wien II,Austria. 2. Liga,dh84jb15hz28bucnz91mv1pzq,Austria Wien II,Austria,2. Liga,exact_name,100,65.2536224461,2406,auto_confirmed,""
Blau-Weiß Linz,Austria. 2. Liga,bm759tfjxbog9lhge0pbs219p,Blau-Weiß Linz,Austria,2. Liga,exact_name,100,70.56065455,1324,auto_confirmed,""
Bregenz,Austria. 2. Liga,"","","","",unmapped,,,,unmapped,""
Dornbirn,Austria. 2. Liga,9nxjca31oik16pmqqsfl4m23o,Dornbirn,Austria,Regionalliga,exact_name,100,60.3942989061,3813,auto_confirmed,""
First Vienna,Austria. 2. Liga,1gurvegli2702alzniefj6e0t,First Vienna,Austria,2. Liga,exact_name,100,69.6358494795,1482,auto_confirmed,""
Floridsdorfer AC,Austria. 2. Liga,1ol9hddzir7o6zgcdp2rgatkw,Floridsdorfer AC,Austria,2. Liga,exact_name,100,68.9184835513,1597,auto_confirmed,""
Grazer AK,Austria. 2. Liga,39vgp5h6xs9igypqgqq2dobf9,Grazer AK,Austria,Bundesliga,exact_name,100,76.5011984797,612,auto_confirmed,""
Hertha Wels,Austria. 2. Liga,2ijvxa3iwb72ntub8w0g3kk5w,Hertha Wels,Austria,2. Liga,exact_name,100,63.7612378601,2842,auto_confirmed,""
Horn,Austria. 2. Liga,1edf8w4r0lxpx9vg1498lntkx,Horn,Austria,Regionalliga,exact_name,100,58.2964790723,4501,auto_confirmed,""
Kapfenberger SV,Austria. 2. Liga,d2ct6l5jqdryxd2ozx5x3s5h,Kapfenberger SV,Austria,2. Liga,exact_name,100,62.1438186169,3306,auto_confirmed,""
Lafnitz,Austria. 2. Liga,cxurxrgv6ybpkp39a53e692kb,Lafnitz,Austria,Regionalliga,exact_name,100,56.1744761427,5200,auto_confirmed,""
Leoben,Austria. 2. Liga,2ludyjttpxe2kfcev7babrkfi,Leoben,Austria,Landesliga,exact_name,100,40.1318024102,11948,auto_confirmed,""
Liefering,Austria. 2. Liga,bkrmyopzqndrathh3vwhr8plb,Liefering,Austria,2. Liga,exact_name,100,67.3517835179,1912,auto_confirmed,""
Rapid Wien II,Austria. 2. Liga,8vptjbbpyl30j22jw58psjjyt,Rapid Wien II,Austria,2. Liga,exact_name,100,62.4677702299,3195,auto_confirmed,""
Ried,Austria. 2. Liga,do3l4dhs0ooog6se728jxc06z,Ried,Austria,Bundesliga,exact_name,100,76.7229631691,592,auto_confirmed,""
St. Pölten,Austria. 2. Liga,5z4worzp3ahwy7w7o6q0z3fk,St. Pölten,Austria,2. Liga,exact_name,100,69.2412774095,1537,auto_confirmed,""
Stripfing,Austria. 2. Liga,6h328ajn9ihs4fwdpsgbqqcqk,Stripfing,Austria,"",exact_name,100,63.5587877685,2907,auto_confirmed,""
Sturm Graz II,Austria. 2. Liga,bkdfxcscvinu0k0r04f8zb2yg,Sturm Graz II,Austria,2. Liga,exact_name,100,62.3320061197,3241,auto_confirmed,""
Voitsberg,Austria. 2. Liga,5xn6qbeq9jbmkgfk2zphzwhzp,Voitsberg,Austria,2. Liga,exact_name,100,64.7910691237,2514,auto_confirmed,""
Vorwärts Steyr,Austria. 2. Liga,wotujh61hdq6vm9r11u54lu1,Vorwärts Steyr,Austria,Regionalliga,exact_name,100,53.8138499846,6064,auto_confirmed,""
WSPG Wels,Austria. 2. Liga,"","","","",unmapped,,,,unmapped,""
Wacker Innsbruck,Austria. 2. Liga,cxwf7r6qzcvnngne52adlzg2y,Wacker Innsbruck,Austria,2. Liga,exact_name,100,65.0639788594,2458,auto_confirmed,""
Austria Klagenfurt,Austria. Bundesliga,8fw92w95mzdtzm4vxhsglfopu,Austria Klagenfurt,Austria,Regionalliga,exact_name,100,59.086373292,4221,auto_confirmed,""
Austria Lustenau,Austria. Bundesliga,9ws0f9wf5r8mdigwo0xpzv06v,Austria Lustenau,Austria,Bundesliga,exact_name,100,75.3438212044,723,auto_confirmed,""
Austria Wien,Austria. Bundesliga,84gk4ytf9vr8oml51cqyit78w,Austria Wien,Austria,Bundesliga,exact_name,100,78.1515117536,471,auto_confirmed,""
Blau-Weiß Linz,Austria. Bundesliga,bm759tfjxbog9lhge0pbs219p,Blau-Weiß Linz,Austria,2. Liga,exact_name,100,70.56065455,1324,auto_confirmed,""
Grazer AK,Austria. Bundesliga,39vgp5h6xs9igypqgqq2dobf9,Grazer AK,Austria,Bundesliga,exact_name,100,76.5011984797,612,auto_confirmed,""
Hartberg,Austria. Bundesliga,1vli32f09v65mc3vc6yh34z9f,Hartberg,Austria,Bundesliga,exact_name,100,76.8982639478,576,auto_confirmed,""
LASK,Austria. Bundesliga,boxkkgnpn38ywao4kzu7dx58h,LASK,Austria,Bundesliga,exact_name,100,84.6756791919,116,auto_confirmed,""
Rapid Wien,Austria. Bundesliga,8vptjbbpyl30j22jw58psjjyt,Rapid Wien II,Austria,2. Liga,fuzzy_country,86.96,62.4677702299,3195,needs_review,""
Rheindorf Altach,Austria. Bundesliga,89mmrtshvodpx7ptshk78az7g,Rheindorf Altach II,Austria,Regionalliga,fuzzy_country,91.43,51.7887615066,6970,needs_review,""
Ried,Austria. Bundesliga,do3l4dhs0ooog6se728jxc06z,Ried,Austria,Bundesliga,exact_name,100,76.7229631691,592,auto_confirmed,""
Salzburg,Austria. Bundesliga,bonj6qc7po4anunhydmjmi6g5,Salzburg,Austria,Bundesliga,exact_name,100,84.8643114365,113,auto_confirmed,""
Sturm Graz,Austria. Bundesliga,4lauow63npvttmvxgh2koqb0r,Sturm Graz,Austria,Bundesliga,exact_name,100,82.528361089,193,auto_confirmed,""
WSG Swarovski Tirol,Austria. Bundesliga,"","","","",unmapped,,,,unmapped,""
Wolfsberger AC,Austria. Bundesliga,9pn4d8sj6pmqidrhhlvev437k,Wolfsberger AC,Austria,Bundesliga,exact_name,100,75.5063028492,707,auto_confirmed,""
Araz Saatlı,Azerbaijan. Birinci Dasta,"","","","",unmapped,,,,unmapped,""
Asta Mingachevir,Azerbaijan. Birinci Dasta,"","","","",unmapped,,,,unmapped,""
Baku Sporting,Azerbaijan. Birinci Dasta,6h3u9i2n5l5w9mqil3y4v6sr8,Baku Sportinq,Azerbaijan,Birinci Dasta,fuzzy_country,92.31,57.4190839921,4799,needs_review,""
Baku Sportinq,Azerbaijan. Birinci Dasta,6h3u9i2n5l5w9mqil3y4v6sr8,Baku Sportinq,Azerbaijan,Birinci Dasta,exact_name,100,57.4190839921,4799,auto_confirmed,""
Cabrayil,Azerbaijan. Birinci Dasta,"","","","",unmapped,,,,unmapped,""
Difai Ağsu,Azerbaijan. Birinci Dasta,5yegjol04k8x0qhcmg56o7rbo,Difai Ağsu,Azerbaijan,"",exact_name,100,52.7086000271,6525,auto_confirmed,""
Energetik,Azerbaijan. Birinci Dasta,"","","","",unmapped,,,,unmapped,""
Ganjabasar,Azerbaijan. Birinci Dasta,"","","","",unmapped,,,,unmapped,""
Karvan,Azerbaijan. Birinci Dasta,bcxl71nh9okv94c8mpuwkm1mg,Karvan,Azerbaijan,Birinci Dasta,exact_name,100,61.3218915687,3529,auto_confirmed,""
MOIK,Azerbaijan. Birinci Dasta,chrxzef1ap5znq681ev7vgcv0,MOIK,Azerbaijan,Birinci Dasta,exact_name,100,56.6446250326,5048,auto_confirmed,""
MOIK Baku,Azerbaijan. Birinci Dasta,chrxzef1ap5znq681ev7vgcv0,MOIK,Azerbaijan,Birinci Dasta,exact_name,100,56.6446250326,5048,auto_confirmed,""
Qabala,Azerbaijan. Birinci Dasta,"","","","",unmapped,,,,unmapped,""
Qarabag Khankendi,Azerbaijan. Birinci Dasta,"","","","",unmapped,,,,unmapped,""
Qaradag Lokbatan,Azerbaijan. Birinci Dasta,"","","","",unmapped,,,,unmapped,""
Sabail,Azerbaijan. Birinci Dasta,"","","","",unmapped,,,,unmapped,""
Shafa Baku,Azerbaijan. Birinci Dasta,"","","","",unmapped,,,,unmapped,""
Shamakhi FK,Azerbaijan. Birinci Dasta,"","","","",unmapped,,,,unmapped,""
Zaqatala,Azerbaijan. Birinci Dasta,b3fsgcirbd703qsek66sptpt5,Zaqatala,Azerbaijan,Birinci Dasta,exact_name,100,56.5803935834,5069,auto_confirmed,""
İmişli,Azerbaijan. Birinci Dasta,4jgfntp8n9aiyexfb20okjol5,İmişli,Azerbaijan,Premyer Liqa,exact_name,100,70.0842924055,1403,auto_confirmed,""
İrəvan,Azerbaijan. Birinci Dasta,"","","","",unmapped,,,,unmapped,""
Şahdağ,Azerbaijan. Birinci Dasta,bi0s9yfdtf1wnyjzm2a3evkpa,Şahdağ,Azerbaijan,Birinci Dasta,exact_name,100,60.3442969301,3825,auto_confirmed,""
Şimal,Azerbaijan. Birinci Dasta,6n3r8q9qnj3v4vgalzu4s8e8k,Şimal,Azerbaijan,Birinci Dasta,exact_name,100,52.36996507,6686,auto_confirmed,""
Araz,Azerbaijan. Premyer Liqa,7a2tbo29mvdo54wusbqp6i0wg,Araz Naxçıvan,Azerbaijan,Premyer Liqa,exact_name,100,71.2700886255,1242,auto_confirmed,""
Kapaz,Azerbaijan. Premyer Liqa,bvajvatode80d4lx90fl86hi,Kapaz,Azerbaijan,Premyer Liqa,exact_name,100,67.1714695507,1958,auto_confirmed,""
Karvan,Azerbaijan. Premyer Liqa,bcxl71nh9okv94c8mpuwkm1mg,Karvan,Azerbaijan,Birinci Dasta,exact_name,100,61.3218915687,3529,auto_confirmed,""
Neftchi,Azerbaijan. Premyer Liqa,ds29ggecv78whcgnr2neij683,Neftchi,Uzbekistan,Super League,exact_name,100,74.5054331123,813,auto_confirmed,""
Qabala,Azerbaijan. Premyer Liqa,"","","","",unmapped,,,,unmapped,""
Qarabag,Azerbaijan. Premyer Liqa,dz0fc3304a30bzm9lht0bhpqt,Qarabağ,Azerbaijan,Premyer Liqa,exact_name,100,82.208904702,219,auto_confirmed,""
Sabah,Azerbaijan. Premyer Liqa,evvhmz4bq4dq1v9llaev1j97u,Sabah,Azerbaijan,Premyer Liqa,exact_name,100,83.5307002123,150,auto_confirmed,""
Sabail,Azerbaijan. Premyer Liqa,"","","","",unmapped,,,,unmapped,""
Shafa Baku,Azerbaijan. Premyer Liqa,"","","","",unmapped,,,,unmapped,""
Shamakhi FK,Azerbaijan. Premyer Liqa,"","","","",unmapped,,,,unmapped,""
Sumqayıt,Azerbaijan. Premyer Liqa,4toevlhgg3kvh24y5b2qob6jy,Sumqayıt,Azerbaijan,Premyer Liqa,exact_name,100,69.2360205976,1538,auto_confirmed,""
Turan-T,Azerbaijan. Premyer Liqa,"","","","",unmapped,,,,unmapped,""
Zira,Azerbaijan. Premyer Liqa,8oxa17y70f9muh5ytwsbikqeq,Zira,Azerbaijan,Premyer Liqa,exact_name,100,77.0648219141,562,auto_confirmed,""
İmişli,Azerbaijan. Premyer Liqa,4jgfntp8n9aiyexfb20okjol5,İmişli,Azerbaijan,Premyer Liqa,exact_name,100,70.0842924055,1403,auto_confirmed,""
Anderlecht II,Belgium. Challenger Pro League,d011rbp4etj5styzfmpd7wa38,Anderlecht II,Belgium,Challenger Pro League,exact_name,100,65.5868571911,2328,auto_confirmed,""
Beerschot VA,Belgium. Challenger Pro League,"","","","",unmapped,,,,unmapped,""
Club Brugge II,Belgium. Challenger Pro League,5ukcnyjjogw7wlb0lrgwg8siy,Club Brugge II,Belgium,Challenger Pro League,exact_name,100,66.8553534292,2027,auto_confirmed,""
Deinze,Belgium. Challenger Pro League,"","","","",unmapped,,,,unmapped,""
Dender,Belgium. Challenger Pro League,4dtif7outbuivua8umbwegoo5,Dender,Belgium,Challenger Pro League,exact_name,100,75.6170630245,695,auto_confirmed,""
Eupen,Belgium. Challenger Pro League,9njsy633rh1tyri7l2jaju5o,Eupen,Belgium,Challenger Pro League,exact_name,100,71.411175975,1218,auto_confirmed,""
Excelsior Virton,Belgium. Challenger Pro League,3azhmz8ph0ei9qflbo7mrkw9d,Excelsior Virton,Belgium,Challenger Pro League,exact_name,100,68.9822753963,1583,auto_confirmed,""
Francs Borains,Belgium. Challenger Pro League,5g75yizfkepv8ez7027z9p5pd,Francs Borains,Belgium,Challenger Pro League,exact_name,100,69.5433457437,1495,auto_confirmed,""
Genk II,Belgium. Challenger Pro League,5vctyv2w431ao3bcfl7809w4,Genk II,Belgium,Challenger Pro League,exact_name,100,66.6483237141,2080,auto_confirmed,""
Gent II,Belgium. Challenger Pro League,bg64t5s9u3l44nlilrdh1oums,Gent II,Belgium,Challenger Pro League,exact_name,100,68.1475619458,1747,auto_confirmed,""
KSC Lokeren-Temse,Belgium. Challenger Pro League,"","","","",unmapped,,,,unmapped,""
Kortrijk,Belgium. Challenger Pro League,1uk609mhtsfhokhaewjapb26,Kortrijk,Belgium,First Division A,exact_name,100,78.1717535306,469,auto_confirmed,""
La Louvière,Belgium. Challenger Pro League,75b9wl3zixoytzcmvwavlp46i,RAAL La Louvière,Belgium,First Division A,exact_name,100,77.402788445,538,auto_confirmed,""
Lierse Kempenzonen,Belgium. Challenger Pro League,"","","","",unmapped,,,,unmapped,""
Liège,Belgium. Challenger Pro League,4xh8rj4z6innctbx7vu46tqix,Liège,Belgium,Challenger Pro League,exact_name,100,69.4708114338,1502,auto_confirmed,""
Lokeren-Temse,Belgium. Challenger Pro League,"","","","",unmapped,,,,unmapped,""
Lommel SK,Belgium. Challenger Pro League,30lkpynopz5r9obxg9f6glpqc,Lommel,Belgium,First Division A,exact_name,100,80.182829259,324,auto_confirmed,""
Olympic Charleroi,Belgium. Challenger Pro League,bg8usydd9rv3dh4ua95s1u1pc,Olympic Charleroi,Belgium,Division 1,exact_name,100,61.4718091525,3490,auto_confirmed,""
Oostende,Belgium. Challenger Pro League,"","","","",unmapped,,,,unmapped,""
Patro Eisden,Belgium. Challenger Pro League,cz6529flu1ynqzvmcwzu7ziyn,Patro Eisden,Belgium,Challenger Pro League,exact_name,100,70.988935479,1279,auto_confirmed,""
RFC Seraing,Belgium. Challenger Pro League,jb4xejoxjfk5a0a50bo8hvst,Seraing,Belgium,Challenger Pro League,exact_name,100,66.9188614808,2017,auto_confirmed,""
RWD Molenbeek,Belgium. Challenger Pro League,"","","","",unmapped,,,,unmapped,""
SK Beveren,Belgium. Challenger Pro League,ecakpwuj70mwiptbpd1i3xgzd,Beveren,Belgium,First Division A,exact_name,100,80.955053997,282,auto_confirmed,""
Sporting Hasselt,Belgium. Challenger Pro League,dh4rrq0v4e2ozf7e7yk9xxuxf,Sporting Hasselt,Belgium,Challenger Pro League,exact_name,100,67.996778144,1777,auto_confirmed,""
Standard Liège II,Belgium. Challenger Pro League,3uqlc9y1iwym6d6szxwsg3jmc,Standard Liège II,Belgium,Division 1,exact_name,100,57.4885732413,4774,auto_confirmed,""
Zulte-Waregem,Belgium. Challenger Pro League,547zzwqbiugzphhnrhj3z5k5i,Zulte Waregem,Belgium,First Division A,exact_name,100,82.0744207565,225,auto_confirmed,""
Anderlecht,Belgium. Pro League,6vyr13j6kbwdtxjwm1m4m8nu2,Anderlecht,Belgium,First Division A,exact_name,100,84.7452868514,114,auto_confirmed,""
Antwerp,Belgium. Pro League,7zibyotq1x1hq6pmgibhr0e6s,Antwerp,Belgium,First Division A,exact_name,100,80.3177689519,318,auto_confirmed,""
Beerschot VA,Belgium. Pro League,"","","","",unmapped,,,,unmapped,""
Cercle Brugge,Belgium. Pro League,3ix9om1svhd6obl0mbk1otgop,Cercle Brugge,Belgium,First Division A,exact_name,100,79.8689859689,342,auto_confirmed,""
Charleroi,Belgium. Pro League,920raeoumft3q2wmvc296uceo,Sporting Charleroi,Belgium,First Division A,exact_name,100,84.7449388179,115,auto_confirmed,""
Club Brugge,Belgium. Pro League,1oyb7oym5nwzny8vxf03szd2h,Club Brugge,Belgium,First Division A,exact_name,100,90.6254809524,30,auto_confirmed,""
Dender,Belgium. Pro League,4dtif7outbuivua8umbwegoo5,Dender,Belgium,Challenger Pro League,exact_name,100,75.6170630245,695,auto_confirmed,""
Eupen,Belgium. Pro League,9njsy633rh1tyri7l2jaju5o,Eupen,Belgium,Challenger Pro League,exact_name,100,71.411175975,1218,auto_confirmed,""
Genk,Belgium. Pro League,89xivtxk59uzvhdsd6miao6tm,Genk,Belgium,First Division A,exact_name,100,85.1427093243,99,auto_confirmed,""
Gent,Belgium. Pro League,8y3iucyxguipljcmf87a11bk9,Gent,Belgium,First Division A,exact_name,100,84.3290039801,123,auto_confirmed,""
Kortrijk,Belgium. Pro League,1uk609mhtsfhokhaewjapb26,Kortrijk,Belgium,First Division A,exact_name,100,78.1717535306,469,auto_confirmed,""
La Louvière,Belgium. Pro League,75b9wl3zixoytzcmvwavlp46i,RAAL La Louvière,Belgium,First Division A,exact_name,100,77.402788445,538,auto_confirmed,""
Lommel SK,Belgium. Pro League,30lkpynopz5r9obxg9f6glpqc,Lommel,Belgium,First Division A,exact_name,100,80.182829259,324,auto_confirmed,""
Mechelen,Belgium. Pro League,b7jmo07lqav0wfe2mtlzyspak,Mechelen,Belgium,First Division A,exact_name,100,78.9345287209,411,auto_confirmed,""
OH Leuven,Belgium. Pro League,bw9wm8pqfzcchumhiwdt2w15c,OH Leuven,Belgium,First Division A,exact_name,100,77.6607681014,515,auto_confirmed,""
Oostende,Belgium. Pro League,"","","","",unmapped,,,,unmapped,""
RFC Seraing,Belgium. Pro League,jb4xejoxjfk5a0a50bo8hvst,Seraing,Belgium,Challenger Pro League,exact_name,100,66.9188614808,2017,auto_confirmed,""
RWD Molenbeek,Belgium. Pro League,"","","","",unmapped,,,,unmapped,""
SK Beveren,Belgium. Pro League,ecakpwuj70mwiptbpd1i3xgzd,Beveren,Belgium,First Division A,exact_name,100,80.955053997,282,auto_confirmed,""
Sint-Truiden,Belgium. Pro League,2989v3kho9h5jaboe1nr7lx21,Sint-Truiden,Belgium,First Division A,exact_name,100,83.2427179572,164,auto_confirmed,""
Standard Liège,Belgium. Pro League,5z1b7fuvpqe6vnigvopomvecu,Standard Liège,Belgium,First Division A,exact_name,100,81.9716365042,228,auto_confirmed,""
Union Saint-Gilloise,Belgium. Pro League,ecj1gmc7pqcjo4sc9hvghj5u3,Union Saint-Gilloise,Belgium,First Division A,exact_name,100,91.4479672455,21,auto_confirmed,""
Westerlo,Belgium. Pro League,2nhn3ikl1ciq34w3hcp883d6p,Westerlo,Belgium,First Division A,exact_name,100,82.1622194172,223,auto_confirmed,""
Zulte-Waregem,Belgium. Pro League,547zzwqbiugzphhnrhj3z5k5i,Zulte Waregem,Belgium,First Division A,exact_name,100,82.0744207565,225,auto_confirmed,""
ABB,Bolivia. LFPB,e9d9hqcad8iq0ujm2g86sscug,ABB,Bolivia,Primera División,exact_name,100,71.3289193682,1234,auto_confirmed,""
Always Ready,Bolivia. LFPB,ai0pkwqf76czud754b5vrmwbe,Always Ready,Bolivia,Primera División,exact_name,100,81.3471848832,255,auto_confirmed,""
Atlético Palmaflor,Bolivia. LFPB,"","","","",unmapped,,,,unmapped,""
Aurora,Bolivia. LFPB,5nk1xw91dxp0t0znt9p8gpiw1,Aurora,Bolivia,Primera División,exact_name,100,75.7442521632,686,auto_confirmed,""
Blooming,Bolivia. LFPB,18vvpk4zd1sj61x56tyx8iirk,Blooming,Bolivia,Primera División,exact_name,100,74.1561291217,860,auto_confirmed,""
Bolívar,Bolivia. LFPB,dj7mlv2txjphj4xtannqj8q6z,Bolívar,Bolivia,Primera División,exact_name,100,83.0943746911,172,auto_confirmed,""
Club Universitario,Bolivia. LFPB,blnwupja8ttva04e9yqvyijqi,Universitario de Vinto,Bolivia,Primera División,exact_name,100,71.6191275205,1193,auto_confirmed,""
Gran Mamoré,Bolivia. LFPB,"","","","",unmapped,,,,unmapped,""
Guabirá,Bolivia. LFPB,bmbblhqnpzp7jck3i91xw27ys,Guabirá,Bolivia,Primera División,exact_name,100,74.7710349302,785,auto_confirmed,""
Gualberto Villarroel SJ,Bolivia. LFPB,6fy33pc8528uihi0dzbkvias4,Gualberto Villarroel SJ,Bolivia,Primera División,exact_name,100,72.1997724207,1109,auto_confirmed,""
Independiente Petrolero,Bolivia. LFPB,4wok4lbythsvj88b2odi6eooa,Independiente,Bolivia,Primera División,exact_name,100,72.043689653,1134,auto_confirmed,""
Nacional Potosí,Bolivia. LFPB,dpzg67jk1bxbhjo13o2lpem1q,Nacional Potosí,Bolivia,Primera División,exact_name,100,75.7756954412,683,auto_confirmed,""
Oriente Petrolero,Bolivia. LFPB,9z3b3uu4qfr7pthke78bvj3y1,Oriente Petrolero,Bolivia,Primera División,exact_name,100,75.5531372639,702,auto_confirmed,""
Real Oruro,Bolivia. LFPB,36mrl64r74lum5sv99kog874k,Real Oruro,Bolivia,Primera División,exact_name,100,71.9631939894,1143,auto_confirmed,""
Real Potosí,Bolivia. LFPB,cb4x5832dxmhckrl8ssztjl66,Real Potosí,Bolivia,Primera División,exact_name,100,76.0747335996,652,auto_confirmed,""
Real Tomayapo,Bolivia. LFPB,a2yy3p6tihu263x73yayp9r3e,Real Tomayapo,Bolivia,Primera División,exact_name,100,71.34187283,1230,auto_confirmed,""
Royal Pari,Bolivia. LFPB,"","","","",unmapped,,,,unmapped,""
San Antonio Bulo Bulo,Bolivia. LFPB,dfvuhyfm6ecmhp8ow5ivhjg9g,San Antonio Bulo Bulo,Bolivia,Primera División,exact_name,100,72.2921567445,1096,auto_confirmed,""
Santa Cruz,Bolivia. LFPB,6n1i99d69ktxseecp7cpfu971,Deportes Santa Cruz,Chile,Primera B,exact_name,100,70.0065367152,1418,auto_confirmed,""
The Strongest,Bolivia. LFPB,by2oauw9w521ognfw0mg5ixfc,The Strongest,Bolivia,Primera División,exact_name,100,79.7706536848,352,auto_confirmed,""
Universitario de Vinto,Bolivia. LFPB,blnwupja8ttva04e9yqvyijqi,Universitario de Vinto,Bolivia,Primera División,exact_name,100,71.6191275205,1193,auto_confirmed,""
Vaca Díez,Bolivia. LFPB,"","","","",unmapped,,,,unmapped,""
Wilstermann,Bolivia. LFPB,788ii0y8wg9veyuglme99rtk8,Jorge Wilstermann,Bolivia,"",exact_name,100,70.3925534526,1349,auto_confirmed,""
BSK Banja Luka,Bosnia and Herzegovina. Premijer Liga,2y9bb1ig3wovtzfbb0p99z00l,BSK Banja Luka,Bosnia and Herzegovina,Premijer Liga,exact_name,100,66.691485982,2066,auto_confirmed,""
Borac Banja Luka,Bosnia and Herzegovina. Premijer Liga,399xya5sk812vkpg0no4dq552,Borac Banja Luka,Bosnia and Herzegovina,Premijer Liga,exact_name,100,80.2748819834,319,auto_confirmed,""
GOŠK Gabela,Bosnia and Herzegovina. Premijer Liga,55vl8d7q3eyl0m1ktsm7eyif3,GOŠK Gabela,Bosnia and Herzegovina,1st League,exact_name,100,60.2245680048,3868,auto_confirmed,""
Igman Konjic,Bosnia and Herzegovina. Premijer Liga,asm3uotjvwqykf8eyoks9bu1a,Igman Konjic,Bosnia and Herzegovina,1st League,exact_name,100,56.6890914598,5028,auto_confirmed,""
Leotar,Bosnia and Herzegovina. Premijer Liga,d8l2b33wpdbp6jpd2ugc7859r,Leotar,Bosnia and Herzegovina,1st League,exact_name,100,61.1811122457,3566,auto_confirmed,""
Posušje,Bosnia and Herzegovina. Premijer Liga,eh5dnfrmvmy41om5abeu8znu5,Posušje,Bosnia and Herzegovina,1st League,exact_name,100,58.8174773975,4319,auto_confirmed,""
Radnik Bijeljina,Bosnia and Herzegovina. Premijer Liga,15xmagscegf6zxibryschiz6s,Radnik Bijeljina,Bosnia and Herzegovina,Premijer Liga,exact_name,100,66.4412717169,2127,auto_confirmed,""
Rudar Prijedor,Bosnia and Herzegovina. Premijer Liga,2cldwkju9781muwc4uc07umb6,Rudar Prijedor,Bosnia and Herzegovina,1st League,exact_name,100,56.3372084301,5138,auto_confirmed,""
Sarajevo,Bosnia and Herzegovina. Premijer Liga,5lgdd15clfwbntgxl31nd9h61,Sarajevo,Bosnia and Herzegovina,Premijer Liga,exact_name,100,74.1019223331,870,auto_confirmed,""
Sloboda Tuzla,Bosnia and Herzegovina. Premijer Liga,c09o2d3ap1x6fklm9bcncvhr1,Sloboda Tuzla,Bosnia and Herzegovina,1st League,exact_name,100,58.5679260626,4402,auto_confirmed,""
Sloga Doboj,Bosnia and Herzegovina. Premijer Liga,daa6q5v7gmscctw0niodzjrl9,Sloga Doboj,Bosnia and Herzegovina,Premijer Liga,exact_name,100,66.9820165892,1997,auto_confirmed,""
Tuzla City,Bosnia and Herzegovina. Premijer Liga,dk59k31xj94est0kat2a50kjg,Tuzla City,Bosnia and Herzegovina,"",exact_name,100,51.3762571362,7177,auto_confirmed,""
Velež,Bosnia and Herzegovina. Premijer Liga,e91u3jjigugmki8asdh3zgpi6,Velež,Bosnia and Herzegovina,Premijer Liga,exact_name,100,69.8712944049,1440,auto_confirmed,""
Zrinjski,Bosnia and Herzegovina. Premijer Liga,39r69xdnw8usnndtetv3un9z3,Zrinjski,Bosnia and Herzegovina,Premijer Liga,exact_name,100,77.723949437,508,auto_confirmed,""
Zvijezda '09 Brgule,Bosnia and Herzegovina. Premijer Liga,"","","","",unmapped,,,,unmapped,""
Čelik,Bosnia and Herzegovina. Premijer Liga,cqum5s6h9iw1c4s76sydutx7v,Čelik,Bosnia and Herzegovina,Premijer Liga,exact_name,100,67.9340065953,1794,auto_confirmed,""
Široki Brijeg,Bosnia and Herzegovina. Premijer Liga,evg8s568ahyh2t9qub0yad8ye,Široki Brijeg,Bosnia and Herzegovina,Premijer Liga,exact_name,100,68.8031623443,1620,auto_confirmed,""
Željezničar,Bosnia and Herzegovina. Premijer Liga,doer7kikrtjedg8uuwa8rrrn5,Željezničar,Bosnia and Herzegovina,Premijer Liga,exact_name,100,71.093278229,1270,auto_confirmed,""
América Mineiro,Brazil. Serie A,d0tpuy1w8ckf8iiea01t1aob5,América Mineiro,Brazil,Serie B,exact_name,100,68.3018544295,1725,auto_confirmed,""
Athletico Paranaense,Brazil. Serie A,5h3amvo8ykt01u4h3upw3c5qf,Athletico Paranaense,Brazil,Paranaense 1,exact_name,100,85.4934604523,89,auto_confirmed,""
Atlético GO,Brazil. Serie A,441ion913h05bwxctg48884uh,Atlético Goianiense,Brazil,Serie B,exact_name,100,73.9515878582,894,auto_confirmed,""
Atlético Mineiro,Brazil. Serie A,1f6qzkdjh8fih5ii1eyqmkolq,Atlético Mineiro,Brazil,Mineiro 1,exact_name,100,84.9990042131,105,auto_confirmed,""
Avaí,Brazil. Serie A,4junv0ald7bkwrsr0hynf05iz,Avaí,Brazil,Catarinense 1,exact_name,100,70.9668897706,1284,auto_confirmed,""
Bahia,Brazil. Serie A,e93fgat6j6g86zqul1m3m2kpn,Bahia,Brazil,Baiano 1,exact_name,100,85.3525451528,90,auto_confirmed,""
Botafogo,Brazil. Serie A,2x94b2pn1o1tb5l1bbu8x9yu9,Botafogo,Brazil,Carioca Série A,exact_name,100,83.8071731057,140,auto_confirmed,""
Ceará,Brazil. Serie A,c2r7yor7e9edg7r2mfg44heqe,Ceará,Brazil,Serie B,exact_name,100,71.6604324998,1186,auto_confirmed,""
Chapecoense,Brazil. Serie A,dcmhxgsc612y27h5p2rzqy7i,Chapecoense,Brazil,Catarinense 1,exact_name,100,79.4501277531,370,auto_confirmed,""
Corinthians,Brazil. Serie A,f0td6lvs326lppbwh1fj8v2ls,Corinthians,Brazil,Paulista A1,exact_name,100,83.3674006782,159,auto_confirmed,""
Coritiba,Brazil. Serie A,ewfcgj6z5nzaswg3n2qwtmut8,Coritiba,Brazil,Paranaense 1,exact_name,100,82.1643237584,222,auto_confirmed,""
Criciúma,Brazil. Serie A,9ri292j4uqvn567soly0xrmrx,Criciúma,Brazil,Catarinense 1,exact_name,100,73.1237832371,997,auto_confirmed,""
Cruzeiro,Brazil. Serie A,bd6vujl7jfv4wtc8gvo1o1t5y,Cruzeiro,Brazil,Mineiro 1,exact_name,100,86.5192950602,66,auto_confirmed,""
Cuiabá,Brazil. Serie A,3oau1zwakraexd8ej8xvtlaqo,Cuiabá,Brazil,Matogrossense 1,exact_name,100,73.9592803599,892,auto_confirmed,""
Flamengo,Brazil. Serie A,102ykb145wz6dtveg65nistwm,Flamengo,Brazil,Carioca Série A,exact_name,100,91.3150255294,23,auto_confirmed,""
Fluminense,Brazil. Serie A,2ldx5vhhqfz2rllkgp7wpa744,Fluminense,Brazil,Carioca Série A,exact_name,100,85.9787749272,74,auto_confirmed,""
Fortaleza,Brazil. Serie A,1vvaya787s5wg5geudzacya7m,Fortaleza,Brazil,Serie B,exact_name,100,75.140104636,756,auto_confirmed,""
Goiás,Brazil. Serie A,5umkgpd22oex45aoco3wqgddl,Goiás,Brazil,Serie B,exact_name,100,72.418128818,1087,auto_confirmed,""
Grêmio,Brazil. Serie A,1yd80wg4djlmtgkei51x0x4t6,Grêmio,Brazil,Gaúcho 1,exact_name,100,81.3276677028,258,auto_confirmed,""
Internacional,Brazil. Serie A,c7n1isjmpyqt5pj51yekr08wo,Internacional,Brazil,Gaúcho 1,exact_name,100,82.7579255716,185,auto_confirmed,""
Juventude,Brazil. Serie A,7avb9meepw828qkp0tiugzd1b,Juventude,Brazil,Serie B,exact_name,100,74.1952869452,856,auto_confirmed,""
Mirassol,Brazil. Serie A,cllomrn9h2sg6vmxy0pdnmups,Mirassol,Brazil,Paulista A1,exact_name,100,83.9199761382,135,auto_confirmed,""
Palmeiras,Brazil. Serie A,b9d2xcvxxcwplyp4le9ulnlv9,Palmeiras,Brazil,Paulista A1,exact_name,100,88.9123519827,44,auto_confirmed,""
Red Bull Bragantino,Brazil. Serie A,4ayjm36vlnc5j8jhwpsdwxuph,RB Bragantino,Brazil,Paulista A1,exact_name,100,83.8573084255,136,auto_confirmed,""
Remo,Brazil. Serie A,eks7plclfqznw5kd17zlq6dhm,Remo,Brazil,Paraense A1,exact_name,100,80.2076001654,322,auto_confirmed,""
Santos,Brazil. Serie A,1icvp50kgaw8oduqmhyt3iex0,Santos,Brazil,Paulista A1,exact_name,100,85.6201035035,84,auto_confirmed,""
Sport Recife,Brazil. Serie A,724zlangqbn2pr3e6rws1c9um,Sport Recife,Brazil,Pernambucano 1,exact_name,100,73.0755109535,1010,auto_confirmed,""
São Paulo,Brazil. Serie A,5p301ikmaba9gesscss3zo745,São Paulo,Brazil,Paulista A1,exact_name,100,83.9739387235,134,auto_confirmed,""
Vasco da Gama,Brazil. Serie A,5ponlslulpugdlvd93n9yqu2b,Vasco da Gama,Brazil,Carioca Série A,exact_name,100,85.2039666138,96,auto_confirmed,""
Vitória,Brazil. Serie A,436xob9epu7bzdu7c1zzjjdak,Vitória,Brazil,Baiano 1,exact_name,100,81.483103671,245,auto_confirmed,""
ABC,Brazil. Serie B,da82lx4m0aorqf80r6xovocvy,ABC,Brazil,Serie D,exact_name,100,59.1350166657,4208,auto_confirmed,""
Amazonas,Brazil. Serie B,4mg2pej61prq61834y3ew13ze,Amazonas,Brazil,Serie C,exact_name,100,62.128354702,3311,auto_confirmed,""
América Mineiro,Brazil. Serie B,d0tpuy1w8ckf8iiea01t1aob5,América Mineiro,Brazil,Serie B,exact_name,100,68.3018544295,1725,auto_confirmed,""
Athletic Club,Brazil. Serie B,3czravw89omgc9o4s0w3l1bg5,Athletic Club,Spain,Primera División,exact_name,100,86.3161648347,68,auto_confirmed,""
Athletico Paranaense,Brazil. Serie B,5h3amvo8ykt01u4h3upw3c5qf,Athletico Paranaense,Brazil,Paranaense 1,exact_name,100,85.4934604523,89,auto_confirmed,""
Atlético GO,Brazil. Serie B,441ion913h05bwxctg48884uh,Atlético Goianiense,Brazil,Serie B,exact_name,100,73.9515878582,894,auto_confirmed,""
Avaí,Brazil. Serie B,4junv0ald7bkwrsr0hynf05iz,Avaí,Brazil,Catarinense 1,exact_name,100,70.9668897706,1284,auto_confirmed,""
Bahia,Brazil. Serie B,e93fgat6j6g86zqul1m3m2kpn,Bahia,Brazil,Baiano 1,exact_name,100,85.3525451528,90,auto_confirmed,""
Botafogo SP,Brazil. Serie B,53r1xghhsn5zog9gxjkt2am8o,Botafogo SP,Brazil,Serie B,exact_name,100,70.4489436033,1337,auto_confirmed,""
Brusque,Brazil. Serie B,bde5jse6ssrqor2pmrhe4xu07,Brusque,Brazil,Catarinense 1,exact_name,100,64.8434203035,2501,auto_confirmed,""
CRB,Brazil. Serie B,85zkra6ckfbkyiimw5ip28jsd,CRB,Brazil,Serie B,exact_name,100,73.5431463723,940,auto_confirmed,""
CSA,Brazil. Serie B,d2ek7khu1tzo6yiz0q6waajcy,CSA,Brazil,Serie D,exact_name,100,57.1178262679,4893,auto_confirmed,""
Ceará,Brazil. Serie B,c2r7yor7e9edg7r2mfg44heqe,Ceará,Brazil,Serie B,exact_name,100,71.6604324998,1186,auto_confirmed,""
Chapecoense,Brazil. Serie B,dcmhxgsc612y27h5p2rzqy7i,Chapecoense,Brazil,Catarinense 1,exact_name,100,79.4501277531,370,auto_confirmed,""
Coritiba,Brazil. Serie B,ewfcgj6z5nzaswg3n2qwtmut8,Coritiba,Brazil,Paranaense 1,exact_name,100,82.1643237584,222,auto_confirmed,""
Criciúma,Brazil. Serie B,9ri292j4uqvn567soly0xrmrx,Criciúma,Brazil,Catarinense 1,exact_name,100,73.1237832371,997,auto_confirmed,""
Cruzeiro,Brazil. Serie B,bd6vujl7jfv4wtc8gvo1o1t5y,Cruzeiro,Brazil,Mineiro 1,exact_name,100,86.5192950602,66,auto_confirmed,""
Cuiabá,Brazil. Serie B,3oau1zwakraexd8ej8xvtlaqo,Cuiabá,Brazil,Matogrossense 1,exact_name,100,73.9592803599,892,auto_confirmed,""
Ferroviária,Brazil. Serie B,bf6uzpzw5t8n1ax1cpjo6sf7u,Ferroviária,Brazil,Serie C,exact_name,100,65.7726003909,2280,auto_confirmed,""
Fortaleza,Brazil. Serie B,1vvaya787s5wg5geudzacya7m,Fortaleza,Brazil,Serie B,exact_name,100,75.140104636,756,auto_confirmed,""
Goiás,Brazil. Serie B,5umkgpd22oex45aoco3wqgddl,Goiás,Brazil,Serie B,exact_name,100,72.418128818,1087,auto_confirmed,""
Grêmio,Brazil. Serie B,1yd80wg4djlmtgkei51x0x4t6,Grêmio,Brazil,Gaúcho 1,exact_name,100,81.3276677028,258,auto_confirmed,""
Grêmio Novorizontino,Brazil. Serie B,9cl05467nuteeh2yk1ylr897l,Novorizontino,Brazil,Serie B,exact_name,100,76.49806917,613,auto_confirmed,""
Guarani,Brazil. Serie B,15akzajbqir3ko16ly444nz1i,Guarani SP,Brazil,Serie C,exact_name,100,64.9329871562,2484,auto_confirmed,""
Ituano,Brazil. Serie B,cg2pa82ewqacfmu7ao65fdejc,Ituano,Brazil,Serie C,exact_name,100,62.3478481411,3233,auto_confirmed,""
Juventude,Brazil. Serie B,7avb9meepw828qkp0tiugzd1b,Juventude,Brazil,Serie B,exact_name,100,74.1952869452,856,auto_confirmed,""
Londrina,Brazil. Serie B,2384oiijiadr9rtnttyghcpy1,Londrina,Brazil,Paranaense 1,exact_name,100,70.1386033182,1391,auto_confirmed,""
Mirassol,Brazil. Serie B,cllomrn9h2sg6vmxy0pdnmups,Mirassol,Brazil,Paulista A1,exact_name,100,83.9199761382,135,auto_confirmed,""
Náutico,Brazil. Serie B,3xiov3h91844kh0omyrnb4qp6,Náutico,Brazil,Pernambucano 1,exact_name,100,71.3292694628,1233,auto_confirmed,""
Operário PR,Brazil. Serie B,20qba9uby7awmiln4c740pjv,Operário PR,Brazil,Paranaense 1,exact_name,100,73.2056337347,982,auto_confirmed,""
Paysandu,Brazil. Serie B,99z75a2ovhdy8t11yljqs3oc6,Paysandu,Brazil,Paraense A1,exact_name,100,62.8581368704,3091,auto_confirmed,""
Ponte Preta,Brazil. Serie B,u414hw3hw8leoqvbymkn9n4j,Ponte Preta,Brazil,Serie B,exact_name,100,65.179888486,2430,auto_confirmed,""
Remo,Brazil. Serie B,eks7plclfqznw5kd17zlq6dhm,Remo,Brazil,Paraense A1,exact_name,100,80.2076001654,322,auto_confirmed,""
Sampaio Corrêa,Brazil. Serie B,c3s344c094ismks0ydi3mkky,Sampaio Corrêa,Brazil,Maranhense 1,exact_name,100,56.2846275898,5158,auto_confirmed,""
Santos,Brazil. Serie B,1icvp50kgaw8oduqmhyt3iex0,Santos,Brazil,Paulista A1,exact_name,100,85.6201035035,84,auto_confirmed,""
Sport Recife,Brazil. Serie B,724zlangqbn2pr3e6rws1c9um,Sport Recife,Brazil,Pernambucano 1,exact_name,100,73.0755109535,1010,auto_confirmed,""
São Bernardo FC,Brazil. Serie B,82ng59yij7r96hwr24uzxibq4,São Bernardo,Brazil,Serie B,exact_name,100,71.7192381739,1176,auto_confirmed,""
Tombense,Brazil. Serie B,5knj6wxpgi0m7g2jtz09md64j,Tombense,Brazil,Serie D,exact_name,100,55.9898519989,5261,auto_confirmed,""
Vasco da Gama,Brazil. Serie B,5ponlslulpugdlvd93n9yqu2b,Vasco da Gama,Brazil,Carioca Série A,exact_name,100,85.2039666138,96,auto_confirmed,""
Vila Nova,Brazil. Serie B,cwgj5vk5ms2zmt1b3zl528hoc,Vila Nova,Brazil,Serie B,exact_name,100,72.6994392336,1050,auto_confirmed,""
Vitória,Brazil. Serie B,436xob9epu7bzdu7c1zzjjdak,Vitória,Brazil,Baiano 1,exact_name,100,81.483103671,245,auto_confirmed,""
Volta Redonda,Brazil. Serie B,cn4ypnxwz86q7d1b2xwvdg3lz,Volta Redonda,Brazil,Carioca Série A,exact_name,100,61.3863084256,3510,auto_confirmed,""
ABC,Brazil. Serie C,da82lx4m0aorqf80r6xovocvy,ABC,Brazil,Serie D,exact_name,100,59.1350166657,4208,auto_confirmed,""
Altos,Brazil. Serie C,98h4gxsepu07sbidp0xy6wr49,Altos,Brazil,Piauiense,exact_name,100,54.4331598217,5817,auto_confirmed,""
Amazonas,Brazil. Serie C,4mg2pej61prq61834y3ew13ze,Amazonas,Brazil,Serie C,exact_name,100,62.128354702,3311,auto_confirmed,""
América RN,Brazil. Serie C,8s13aac2olkq7v7wc7wxe386z,América RN,Brazil,Serie D,exact_name,100,61.472878941,3488,auto_confirmed,""
Anápolis,Brazil. Serie C,1qmxxbs57by054e0yr6fjwmgh,Anápolis,Brazil,Goiano 1,exact_name,100,62.1842858799,3293,auto_confirmed,""
Aparecidense,Brazil. Serie C,5yiafvkcy7k65w7lrhlsv2thg,Aparecidense,Brazil,Goiano 1,exact_name,100,56.5105266211,5082,auto_confirmed,""
Athletic Club,Brazil. Serie C,3czravw89omgc9o4s0w3l1bg5,Athletic Club,Spain,Primera División,exact_name,100,86.3161648347,68,auto_confirmed,""
Atlético Cearense,Brazil. Serie C,77j9lxn1axepp64tak6qwst1b,Atlético Cearense,Brazil,Serie D,exact_name,100,50.8407254091,7473,auto_confirmed,""
Barra,Brazil. Serie C,7ul9821quycdwttvy6s7h8xob,Barra,Brazil,Catarinense 1,exact_name,100,62.3960346002,3216,auto_confirmed,""
Botafogo PB,Brazil. Serie C,bp7joptcwvnp7is338b2s51is,Botafogo PB,Brazil,Paraibano 1,exact_name,100,63.0381629217,3045,auto_confirmed,""
Botafogo SP,Brazil. Serie C,53r1xghhsn5zog9gxjkt2am8o,Botafogo SP,Brazil,Serie B,exact_name,100,70.4489436033,1337,auto_confirmed,""
Brasil de Pelotas,Brazil. Serie C,6u94tnekoz2uycd1s4yo984b,Brasil de Pelotas,Brazil,Serie D,exact_name,100,53.9011886742,6036,auto_confirmed,""
Brusque,Brazil. Serie C,bde5jse6ssrqor2pmrhe4xu07,Brusque,Brazil,Catarinense 1,exact_name,100,64.8434203035,2501,auto_confirmed,""
CSA,Brazil. Serie C,d2ek7khu1tzo6yiz0q6waajcy,CSA,Brazil,Serie D,exact_name,100,57.1178262679,4893,auto_confirmed,""
Campinense,Brazil. Serie C,62pnhb4dpvhkzxnn2vhfa3p3j,Campinense,Brazil,Paraibano 1,exact_name,100,48.719574338,8553,auto_confirmed,""
Caxias,Brazil. Serie C,2p1716ysd19qkp17jz337tpq5,Caxias do Sul,Brazil,Gaúcho 1,exact_name,100,63.8912861902,2804,auto_confirmed,""
Confiança,Brazil. Serie C,b0myud94jki9zwc2ral9lse0n,Confiança,Brazil,Sergipano 1,exact_name,100,59.4035096923,4117,auto_confirmed,""
EC São José,Brazil. Serie C,3273ls9lxxzfjpuspyuk22m98,São José AP,Brazil,Amapaense,fuzzy_country,86.96,44.3968478978,10456,needs_review,""
Ferroviária,Brazil. Serie C,bf6uzpzw5t8n1ax1cpjo6sf7u,Ferroviária,Brazil,Serie C,exact_name,100,65.7726003909,2280,auto_confirmed,""
Ferroviário,Brazil. Serie C,2vhwdx774fhxdmwbj89ay05x3,Ferroviário,Brazil,Serie D,exact_name,100,56.8221446349,4982,auto_confirmed,""
Figueirense,Brazil. Serie C,7ohzxiki0qpo1waxyybhqg9f0,Figueirense,Brazil,Catarinense 1,exact_name,100,63.9868730838,2773,auto_confirmed,""
Floresta EC,Brazil. Serie C,298125vnpqet3u0t6098x4282,Floresta,Brazil,Serie C,exact_name,100,63.4164406842,2940,auto_confirmed,""
Guarani,Brazil. Serie C,15akzajbqir3ko16ly444nz1i,Guarani SP,Brazil,Serie C,exact_name,100,64.9329871562,2484,auto_confirmed,""
Inter de Limeira,Brazil. Serie C,9viv0cf5v7ngdxd4e4r2wxzb2,Inter de Limeira,Brazil,Serie C,exact_name,100,63.9752764092,2776,auto_confirmed,""
Itabaiana,Brazil. Serie C,dnoqzxj58lod85ltzy01hu6pa,Itabaiana,Brazil,Sergipano 1,exact_name,100,59.2269856056,4178,auto_confirmed,""
Ituano,Brazil. Serie C,cg2pa82ewqacfmu7ao65fdejc,Ituano,Brazil,Serie C,exact_name,100,62.3478481411,3233,auto_confirmed,""
Londrina,Brazil. Serie C,2384oiijiadr9rtnttyghcpy1,Londrina,Brazil,Paranaense 1,exact_name,100,70.1386033182,1391,auto_confirmed,""
Manaus,Brazil. Serie C,cab8pc9bgshti49dqooblcnjl,Manaus,Brazil,Serie D,exact_name,100,55.2733367823,5516,auto_confirmed,""
Maranhão,Brazil. Serie C,3hf5mnc78ruz8ewtpkm5ruhs0,Maranhão,Brazil,Maranhense 1,exact_name,100,62.5240565627,3179,auto_confirmed,""
Maringá,Brazil. Serie C,7jl63lirxg1z294w7aj2ep7v0,Maringá,Brazil,Paranaense 1,exact_name,100,64.7626308303,2517,auto_confirmed,""
Mirassol,Brazil. Serie C,cllomrn9h2sg6vmxy0pdnmups,Mirassol,Brazil,Paulista A1,exact_name,100,83.9199761382,135,auto_confirmed,""
Náutico,Brazil. Serie C,3xiov3h91844kh0omyrnb4qp6,Náutico,Brazil,Pernambucano 1,exact_name,100,71.3292694628,1233,auto_confirmed,""
Operário PR,Brazil. Serie C,20qba9uby7awmiln4c740pjv,Operário PR,Brazil,Paranaense 1,exact_name,100,73.2056337347,982,auto_confirmed,""
Paysandu,Brazil. Serie C,99z75a2ovhdy8t11yljqs3oc6,Paysandu,Brazil,Paraense A1,exact_name,100,62.8581368704,3091,auto_confirmed,""
Ponte Preta,Brazil. Serie C,u414hw3hw8leoqvbymkn9n4j,Ponte Preta,Brazil,Serie B,exact_name,100,65.179888486,2430,auto_confirmed,""
Pouso Alegre,Brazil. Serie C,3d4kndkrzmayyc2ya0z507a0a,Pouso Alegre,Brazil,Serie D,exact_name,100,51.4017685295,7159,auto_confirmed,""
Remo,Brazil. Serie C,eks7plclfqznw5kd17zlq6dhm,Remo,Brazil,Paraense A1,exact_name,100,80.2076001654,322,auto_confirmed,""
Retrô,Brazil. Serie C,cjjb4u6zyk1x85nfqs494s5ey,Retrô,Brazil,Pernambucano 1,exact_name,100,54.470620623,5803,auto_confirmed,""
Sampaio Corrêa,Brazil. Serie C,c3s344c094ismks0ydi3mkky,Sampaio Corrêa,Brazil,Maranhense 1,exact_name,100,56.2846275898,5158,auto_confirmed,""
Santa Cruz,Brazil. Serie C,3ki1ckbgv1axnvo1vj7jmo7yz,Santa Cruz,Brazil,Pernambucano 1,exact_name,100,65.1300191449,2436,auto_confirmed,""
São Bernardo FC,Brazil. Serie C,82ng59yij7r96hwr24uzxibq4,São Bernardo,Brazil,Serie B,exact_name,100,71.7192381739,1176,auto_confirmed,""
Tombense,Brazil. Serie C,5knj6wxpgi0m7g2jtz09md64j,Tombense,Brazil,Serie D,exact_name,100,55.9898519989,5261,auto_confirmed,""
Vitória,Brazil. Serie C,436xob9epu7bzdu7c1zzjjdak,Vitória,Brazil,Baiano 1,exact_name,100,81.483103671,245,auto_confirmed,""
Volta Redonda,Brazil. Serie C,cn4ypnxwz86q7d1b2xwvdg3lz,Volta Redonda,Brazil,Carioca Série A,exact_name,100,61.3863084256,3510,auto_confirmed,""
Ypiranga Erechim,Brazil. Serie C,"","","","",unmapped,,,,unmapped,""
Arda,Bulgaria. First League,5y0ugwe1fh4wt4nsen0n47cxl,Arda Kardzhali,Bulgaria,First League,exact_name,100,74.3382629122,835,auto_confirmed,""
Beroe,Bulgaria. First League,a4wlpee3xss8dpq53asz12plz,Beroe Stara Zagora,Bulgaria,Second League,exact_name,100,58.9239131482,4278,auto_confirmed,""
Botev Plovdiv,Bulgaria. First League,4410w9r2fza5ruwgcv0b2kz3,Botev Plovdiv,Bulgaria,First League,exact_name,100,72.787939293,1040,auto_confirmed,""
Botev Vratsa,Bulgaria. First League,a209967pc0sb0o2gocc4grf5s,Botev Vratsa,Bulgaria,First League,exact_name,100,70.4286153087,1342,auto_confirmed,""
CSKA 1948 Sofia,Bulgaria. First League,4kazatxv1xzxdg2470lxzbdyi,CSKA 1948 Sofia,Bulgaria,First League,exact_name,100,77.2453330721,551,auto_confirmed,""
CSKA Sofia,Bulgaria. First League,3p57ay8255exmoe275uofnle9,CSKA Sofia,Bulgaria,First League,exact_name,100,78.2122365461,466,auto_confirmed,""
Cherno More,Bulgaria. First League,8dvknzmkpm7sdaxjpqoawxis,Cherno more Varna,Bulgaria,First League,exact_name,100,71.234727757,1248,auto_confirmed,""
Dobrudzha 1919,Bulgaria. First League,7fd6oe3gy24odgk1kps7l3ipc,Dobrudzha 1919,Bulgaria,Second League,exact_name,100,55.4626357554,5447,auto_confirmed,""
Dunav ot Ruse,Bulgaria. First League,dh8dclby3pro34ot9l49iflw,Dunav ot Ruse,Bulgaria,First League,exact_name,100,66.8872831526,2022,auto_confirmed,""
Etar,Bulgaria. First League,"","","","",unmapped,,,,unmapped,""
Hebar 1918,Bulgaria. First League,90tabptbb6kxxw49vfdoz0mw,Hebar 1918,Bulgaria,Second League,exact_name,100,56.7843725364,4995,auto_confirmed,""
Krumovgrad,Bulgaria. First League,cdsomsc9tpcc6jxiade1mtqms,Krumovgrad,Bulgaria,Third League,exact_name,100,51.5589773686,7091,auto_confirmed,""
Levski Sofia,Bulgaria. First League,c3yrcw3g5bj4rlmcxw9i8tale,Levski Sofia,Bulgaria,First League,exact_name,100,81.9855736097,227,auto_confirmed,""
Lokomotiv Plovdiv,Bulgaria. First League,3j83f5kj3zeed0f5qg85d3lws,Lokomotiv Plovdiv,Bulgaria,First League,exact_name,100,70.9805318061,1281,auto_confirmed,""
Lokomotiv Sofia 1929,Bulgaria. First League,aq7e6kamphe8xgeacluqpll28,Lokomotiv Sofia 1929,Bulgaria,First League,exact_name,100,69.7970200985,1450,auto_confirmed,""
Ludogorets,Bulgaria. First League,6uhzci0mwrzly1e4trka6k4ea,Ludogorets Razgrad,Bulgaria,First League,exact_name,100,79.3929097498,374,auto_confirmed,""
Montana,Bulgaria. First League,c3d6gyg5m1w0mzgcs6iq2qpdr,Montana 1921,Bulgaria,Second League,exact_name,100,56.1755351916,5199,auto_confirmed,""
OFK Pirin,Bulgaria. First League,"","","","",unmapped,,,,unmapped,""
Septemvri Sofia,Bulgaria. First League,4c7h8bsug5a4unc8x6eo80kmt,Septemvri Sofia,Bulgaria,First League,exact_name,100,67.2097087361,1945,auto_confirmed,""
Slavia Sofia,Bulgaria. First League,eoktekjf13w5pah96wubgv5w0,Slavia Sofia,Bulgaria,First League,exact_name,100,69.9816497808,1424,auto_confirmed,""
Spartak Varna,Bulgaria. First League,58qugv325er2846lbm4gvjzlp,Spartak Varna,Bulgaria,First League,exact_name,100,68.9139269129,1599,auto_confirmed,""
Atlético Ottawa,Canada. Canadian Premier League,dn8tjhuq0bax4dgixqvluhzze,Atlético Ottawa,Canada,Canadian Premier League,exact_name,100,65.4409429284,2365,auto_confirmed,""
Cavalry,Canada. Canadian Premier League,41ewt71n8fqwy6trsqta1bjvu,Cavalry,Canada,Canadian Premier League,exact_name,100,72.4648060469,1081,auto_confirmed,""
Edmonton,Canada. Canadian Premier League,"","","","",unmapped,,,,unmapped,""
FC Supra,Canada. Canadian Premier League,4cz8qbw7adttnim8c2tfu5lhw,Supra du Québec,Canada,Canadian Premier League,exact_name,100,64.368959801,2647,auto_confirmed,""
Forge,Canada. Canadian Premier League,c2pdzdl3dgf5b0siidn2ay5ii,Forge,Canada,Canadian Premier League,exact_name,100,70.4088046769,1344,auto_confirmed,""
HFX Wanderers FC,Canada. Canadian Premier League,5gmx3o5y2oc0i6rowjwtu7jvu,HFX Wanderers,Canada,Canadian Premier League,exact_name,100,64.6127741427,2561,auto_confirmed,""
Inter Toronto,Canada. Canadian Premier League,cqthcpums3aas2tdy0qhlkuwa,Inter Toronto,Canada,Canadian Premier League,exact_name,100,62.8804296224,3089,auto_confirmed,""
Pacific FC,Canada. Canadian Premier League,b3436h8h14zw7f1uv6w9vqf6y,Pacific,Canada,Canadian Premier League,exact_name,100,60.8278606728,3682,auto_confirmed,""
Valour FC,Canada. Canadian Premier League,dd2vf0yzjm7jm7cak9tf11sa2,Valour,Canada,"",exact_name,100,62.3557263827,3231,auto_confirmed,""
Vancouver FC,Canada. Canadian Premier League,634fcc7n5o5gzu05biddx8yl0,Vancouver FC,Canada,Canadian Premier League,exact_name,100,64.4546849203,2621,auto_confirmed,""
York United FC,Canada. Canadian Premier League,"","","","",unmapped,,,,unmapped,""
Antofagasta,Chile. Primera B,1f72vqlndphmzn45x0nhdqk3e,Deportes Antofagasta,Chile,Primera B,exact_name,100,75.7701055578,684,auto_confirmed,""
Barnechea,Chile. Primera B,"","","","",unmapped,,,,unmapped,""
Cobreloa,Chile. Primera B,c13hhw4wpbq45nnafm0up66k4,Cobreloa,Chile,Primera B,exact_name,100,75.6289563096,694,auto_confirmed,""
Concepción,Chile. Primera B,6ll06558vic6q1e2usid7f2bs,Deportes Concepción,Chile,Primera División,exact_name,100,77.8094822939,502,auto_confirmed,""
Copiapó,Chile. Primera B,5vzljq8u0ug5b7ot3vytz6xkw,Deportes Copiapó,Chile,Primera B,exact_name,100,72.5335965913,1067,auto_confirmed,""
Curicó Unido,Chile. Primera B,bd1veyn5g4r8zbaquf8b8pksp,Curicó Unido,Chile,Primera B,exact_name,100,70.3890509073,1351,auto_confirmed,""
Deportes Iquique,Chile. Primera B,4wb893al733feakm9teqqqnlg,Deportes Iquique,Chile,Primera B,exact_name,100,73.654006764,929,auto_confirmed,""
Deportes Limache,Chile. Primera B,1llzbzquaazm6ptflv88v48ut,Deportes Limache,Chile,Primera División,exact_name,100,77.778765674,505,auto_confirmed,""
Deportes Santa Cruz,Chile. Primera B,6n1i99d69ktxseecp7cpfu971,Deportes Santa Cruz,Chile,Primera B,exact_name,100,70.0065367152,1418,auto_confirmed,""
Deportes Temuco,Chile. Primera B,3offzg5j5vzqmrra2lx73kbu7,Deportes Temuco,Chile,Primera B,exact_name,100,72.093735395,1129,auto_confirmed,""
Fernández Vial,Chile. Primera B,"","","","",unmapped,,,,unmapped,""
La Serena,Chile. Primera B,2nxp7ufclxwbtaozvx5zj1zym,La Serena,Chile,Primera División,exact_name,100,75.8962238606,666,auto_confirmed,""
Magallanes,Chile. Primera B,7h7fqxh99usu5e961lp7e9ys0,Magallanes,Chile,Primera B,exact_name,100,73.6379201232,932,auto_confirmed,""
Melipilla,Chile. Primera B,435djgwa4ch5t8owl07wc5u6j,Melipilla,Chile,"",exact_name,100,69.9967277122,1423,auto_confirmed,""
Puerto Montt,Chile. Primera B,c79dztwjlrdn268fzce3ssuzz,Puerto Montt,Chile,Primera B,exact_name,100,71.244544835,1245,auto_confirmed,""
Rangers,Chile. Primera B,4vsdvf304gmnqict2ghwzyduu,Rangers,Chile,Primera B,exact_name,100,69.579801132,1489,auto_confirmed,""
Recoleta,Chile. Primera B,ass7ef9okv29r1os5500q1ckg,Recoleta,Chile,Primera B,exact_name,100,72.8414797508,1032,auto_confirmed,""
San Luis,Chile. Primera B,4pem9axjomj07u51fk1pg0wzy,San Luis,Chile,Primera B,exact_name,100,74.6420554937,797,auto_confirmed,""
San Marcos,Chile. Primera B,a6g25i52b5wrzwn7xb5g9u266,San Marcos,Chile,Primera B,exact_name,100,73.8589260168,903,auto_confirmed,""
Santiago Morning,Chile. Primera B,7ezloddyau3psufkdq7uadi9p,Santiago Morning,Chile,Segunda División,exact_name,100,64.3319286421,2661,auto_confirmed,""
Santiago Wanderers,Chile. Primera B,1zsb1ovzidi8rft1vzw4me71m,Santiago Wanderers,Chile,Primera B,exact_name,100,75.185535044,750,auto_confirmed,""
Univ. Concepción,Chile. Primera B,4y5xl8r1nkg1n9hnjzo53v8xk,Universidad Concepción,Chile,Primera División,fuzzy_country,88.89,73.661000918,927,needs_review,""
Unión Española,Chile. Primera B,1iy5a1mzucfenathcnlhmp95a,Unión Española,Chile,Primera B,exact_name,100,73.0744615438,1011,auto_confirmed,""
Unión San Felipe,Chile. Primera B,acnr45k0iyzvr8thv0qvspjzi,Unión San Felipe,Chile,Primera B,exact_name,100,69.7837205055,1453,auto_confirmed,""
Antofagasta,Chile. Primera División,1f72vqlndphmzn45x0nhdqk3e,Deportes Antofagasta,Chile,Primera B,exact_name,100,75.7701055578,684,auto_confirmed,""
Audax Italiano,Chile. Primera División,59d4d2m78t2lqabd1m7o90std,Audax Italiano,Chile,Primera División,exact_name,100,78.0576434,479,auto_confirmed,""
Cobreloa,Chile. Primera División,c13hhw4wpbq45nnafm0up66k4,Cobreloa,Chile,Primera B,exact_name,100,75.6289563096,694,auto_confirmed,""
Cobresal,Chile. Primera División,eizgmllil1zrzpk6zbue0hl7m,Cobresal,Chile,Primera División,exact_name,100,74.5987110923,803,auto_confirmed,""
Colo Colo,Chile. Primera División,ehsvy9m92bp6ktgoy6pwv8rdm,Colo Colo,Chile,Primera División,exact_name,100,82.9111793934,179,auto_confirmed,""
Concepción,Chile. Primera División,6ll06558vic6q1e2usid7f2bs,Deportes Concepción,Chile,Primera División,exact_name,100,77.8094822939,502,auto_confirmed,""
Copiapó,Chile. Primera División,5vzljq8u0ug5b7ot3vytz6xkw,Deportes Copiapó,Chile,Primera B,exact_name,100,72.5335965913,1067,auto_confirmed,""
Coquimbo Unido,Chile. Primera División,bw2py3aiws1rq61pokete3kv2,Coquimbo Unido,Chile,Primera División,exact_name,100,80.353695774,315,auto_confirmed,""
Curicó Unido,Chile. Primera División,bd1veyn5g4r8zbaquf8b8pksp,Curicó Unido,Chile,Primera B,exact_name,100,70.3890509073,1351,auto_confirmed,""
Deportes Iquique,Chile. Primera División,4wb893al733feakm9teqqqnlg,Deportes Iquique,Chile,Primera B,exact_name,100,73.654006764,929,auto_confirmed,""
Deportes Limache,Chile. Primera División,1llzbzquaazm6ptflv88v48ut,Deportes Limache,Chile,Primera División,exact_name,100,77.778765674,505,auto_confirmed,""
Everton,Chile. Primera División,9dqkgu00tn42928lrrxlis95a,Everton,Chile,Primera División,exact_name,100,79.4818684174,367,auto_confirmed,""
Huachipato,Chile. Primera División,cpqaizhc99tbsqm6h2cgampio,Huachipato,Chile,Primera División,exact_name,100,75.8920316781,667,auto_confirmed,""
La Serena,Chile. Primera División,2nxp7ufclxwbtaozvx5zj1zym,La Serena,Chile,Primera División,exact_name,100,75.8962238606,666,auto_confirmed,""
Magallanes,Chile. Primera División,7h7fqxh99usu5e961lp7e9ys0,Magallanes,Chile,Primera B,exact_name,100,73.6379201232,932,auto_confirmed,""
O'Higgins,Chile. Primera División,8rpjhpm2j1q7p40zfmlqpj8am,O'Higgins,Chile,Primera División,exact_name,100,78.7391623748,425,auto_confirmed,""
Palestino,Chile. Primera División,8puc16dm0ut6bvv6u6ivpe2ch,Palestino,Chile,Primera División,exact_name,100,78.3054285132,456,auto_confirmed,""
Univ. Concepción,Chile. Primera División,4y5xl8r1nkg1n9hnjzo53v8xk,Universidad Concepción,Chile,Primera División,fuzzy_country,88.89,73.661000918,927,needs_review,""
Universidad Católica,Chile. Primera División,7gkwmrw0cjz0m168ouw00z4gy,Universidad Católica,Chile,Primera División,exact_name,100,82.4841344027,196,auto_confirmed,""
Universidad de Chile,Chile. Primera División,cdj7tqbsake4a0ks5pwm23t23,Universidad de Chile,Chile,Primera División,exact_name,100,82.2653578482,211,auto_confirmed,""
Unión Española,Chile. Primera División,1iy5a1mzucfenathcnlhmp95a,Unión Española,Chile,Primera B,exact_name,100,73.0744615438,1011,auto_confirmed,""
Unión La Calera,Chile. Primera División,hfu6x1260h62zj7xl6cn95hx,Unión La Calera,Chile,Primera División,exact_name,100,75.1565295846,754,auto_confirmed,""
Ñublense,Chile. Primera División,da47iiy2m3jqh3ra1343t14h,Ñublense,Chile,Primera División,exact_name,100,77.0456317138,566,auto_confirmed,""
Beijing BIT,China PR. China League One,241n9vhil35ur016gjjcwk6o3,Beijing BIT,China PR,Chinese Football League 2,exact_name,100,38.7219437501,12302,auto_confirmed,""
Beijing BSU,China PR. China League One,"","","","",unmapped,,,,unmapped,""
Changchun Yatai,China PR. China League One,a9s5fqudawk9d4x27u6vwqdmj,Changchun Yatai,China PR,Chinese Football League 1,exact_name,100,52.7753342168,6498,auto_confirmed,""
Chongqing Tongliang Long,China PR. China League One,cjnb1ayk5mruxqpud9qmy4t1w,Chongqing Tonglianglong,China PR,Chinese Super League,fuzzy_country,97.87,63.6788616507,2867,needs_review,""
Dalian K'un City,China PR. China League One,6xmspxmfcfgxjg8cow5ox4eay,Dalian K'un City,China PR,Chinese Football League 1,exact_name,100,52.1500479443,6798,auto_confirmed,""
Dalian Young Boy,China PR. China League One,"","","","",unmapped,,,,unmapped,""
Dandong Tengyue,China PR. China League One,"","","","",unmapped,,,,unmapped,""
Dingnan United,China PR. China League One,96vxhhranhtcfytdx7ft1qei1,Dingnan United,China PR,Chinese Football League 1,exact_name,100,50.3285746054,7735,auto_confirmed,""
Foshan Nanshi,China PR. China League One,6igfbbwquu58d2ing6ml04yc,Foshan Nanshi,China PR,Chinese Football League 1,exact_name,100,47.5761289868,9096,auto_confirmed,""
Guangdong GZ-Power,China PR. China League One,dde57qsgaseo5zqtfxftit250,Guangdong GZ-Power,China PR,Chinese Football League 1,exact_name,100,58.3788414642,4469,auto_confirmed,""
Guangxi Hengchen,China PR. China League One,7ak8mykau9svnei3k9mvo7aqc,Guangxi Hengchen,China PR,Chinese Football League 1,exact_name,100,54.8058120294,5679,auto_confirmed,""
Guangxi Pingguo Haliao,China PR. China League One,"","","","",unmapped,,,,unmapped,""
Guangzhou FC,China PR. China League One,"","","","",unmapped,,,,unmapped,""
Heilongjiang Ice City,China PR. China League One,"","","","",unmapped,,,,unmapped,""
Jiangxi Lushan,China PR. China League One,oiuxh370fgupk6yvsvezhrmc,Jiangxi Lushan,China PR,Chinese Football League 2,exact_name,100,44.370568784,10470,auto_confirmed,""
Jinan Xingzhou,China PR. China League One,"","","","",unmapped,,,,unmapped,""
Kunshan,China PR. China League One,"","","","",unmapped,,,,unmapped,""
Liaoning Shenyang,China PR. China League One,"","","","",unmapped,,,,unmapped,""
Liaoning Tieren,China PR. China League One,7u46yssnarhr1uyxsmv4q5x3q,Liaoning Tieren,China PR,Chinese Super League,exact_name,100,63.5955608368,2888,auto_confirmed,""
Meizhou Hakka,China PR. China League One,2ejvm6h0wfgpgsdsi8ul2vdxw,Meizhou Hakka,China PR,Chinese Football League 1,exact_name,100,50.0418435946,7885,auto_confirmed,""
Nanjing City,China PR. China League One,aen58upcv2vqpzfpyh15bfxg4,Nanjing City,China PR,Chinese Football League 1,exact_name,100,49.2054163505,8294,auto_confirmed,""
Nantong Zhiyun,China PR. China League One,4dz044p4oh8x0oeub741j9z3d,Nantong Zhiyun,China PR,Chinese Football League 1,exact_name,100,55.136487343,5568,auto_confirmed,""
Ningbo Professional,China PR. China League One,dz37gs323eyb3j3jy1cu7nfm9,Ningbo,China PR,Chinese Football League 1,exact_name,100,50.6797321429,7556,auto_confirmed,""
Qingdao Hainiu,China PR. China League One,a3rgv4o76uowd2gxzx9pgf02d,Qingdao Hainiu,China PR,Chinese Super League,exact_name,100,61.7844906054,3414,auto_confirmed,""
Qingdao Red Lions,China PR. China League One,b6g82wfet2gxhgsrgv2oaxrai,Qingdao Red Lions,China PR,Chinese Football League 2,exact_name,100,42.8962198591,11033,auto_confirmed,""
Qingdao West Coast,China PR. China League One,2ff3aaqtf2g91wbcz4w80kkr8,Qingdao West Coast,China PR,Chinese Super League,exact_name,100,66.7274959076,2050,auto_confirmed,""
Shaanxi Chang'an Athletic,China PR. China League One,"","","","",unmapped,,,,unmapped,""
Shaanxi Union,China PR. China League One,1t6zcyf3choafn88x4u5so00k,Shaanxi Union,China PR,Chinese Football League 1,exact_name,100,53.3384689858,6258,auto_confirmed,""
Shanghai Jiading Huilong,China PR. China League One,"","","","",unmapped,,,,unmapped,""
Shenzhen Juniors,China PR. China League One,8h7ubdanybaf9yo7su5w327mc,Shenzhen Juniors,China PR,Chinese Football League 1,exact_name,100,53.5223618462,6173,auto_confirmed,""
Shenzhen Peng City,China PR. China League One,a1a0zo3jliehxemg6qpa3lrva,Shenzhen Peng City,China PR,Chinese Super League,exact_name,100,64.2091566894,2699,auto_confirmed,""
Shijiazhuang Gongfu,China PR. China League One,eq2i0g4iax0glxjb0wks8zw9g,Shijiazhuang Gongfu,China PR,Chinese Football League 1,exact_name,100,53.2348425675,6297,auto_confirmed,""
Suzhou Dongwu,China PR. China League One,am0p7k3yysd5cbt9xp3f3qq4,Suzhou Dongwu,China PR,Chinese Football League 1,exact_name,100,51.8350042885,6952,auto_confirmed,""
Wuxi Wugou,China PR. China League One,bwumzal7bdttwpefg9588bbbo,Wuxi Wugou,China PR,Chinese Football League 1,exact_name,100,52.0930619082,6818,auto_confirmed,""
Xinjiang Tianshan,China PR. China League One,"","","","",unmapped,,,,unmapped,""
Yanbian Longding,China PR. China League One,8ol30llqamzrn4dpvf78c9pn8,Yanbian Longding,China PR,Chinese Football League 1,exact_name,100,53.3596885346,6246,auto_confirmed,""
Yunnan Yukun,China PR. China League One,3n4jrcw6w965v1qvp0azx5kwk,Yunnan Yukun,China PR,Chinese Super League,exact_name,100,67.0232838298,1985,auto_confirmed,""
Zibo Cuju,China PR. China League One,"","","","",unmapped,,,,unmapped,""
Antofagasta,China. CSL,1f72vqlndphmzn45x0nhdqk3e,Deportes Antofagasta,Chile,Primera B,exact_name,100,75.7701055578,684,auto_confirmed,""
Cobreloa,China. CSL,c13hhw4wpbq45nnafm0up66k4,Cobreloa,Chile,Primera B,exact_name,100,75.6289563096,694,auto_confirmed,""
Copiapó,China. CSL,5vzljq8u0ug5b7ot3vytz6xkw,Deportes Copiapó,Chile,Primera B,exact_name,100,72.5335965913,1067,auto_confirmed,""
Curicó Unido,China. CSL,bd1veyn5g4r8zbaquf8b8pksp,Curicó Unido,Chile,Primera B,exact_name,100,70.3890509073,1351,auto_confirmed,""
Deportes Iquique,China. CSL,4wb893al733feakm9teqqqnlg,Deportes Iquique,Chile,Primera B,exact_name,100,73.654006764,929,auto_confirmed,""
Deportes Santa Cruz,China. CSL,6n1i99d69ktxseecp7cpfu971,Deportes Santa Cruz,Chile,Primera B,exact_name,100,70.0065367152,1418,auto_confirmed,""
Magallanes,China. CSL,7h7fqxh99usu5e961lp7e9ys0,Magallanes,Chile,Primera B,exact_name,100,73.6379201232,932,auto_confirmed,""
Puerto Montt,China. CSL,c79dztwjlrdn268fzce3ssuzz,Puerto Montt,Chile,Primera B,exact_name,100,71.244544835,1245,auto_confirmed,""
Rangers,China. CSL,cnnku8uihko7u4th0fms4pvg6,Rangers,Scotland,Premiership,exact_name,100,82.2158725774,218,auto_confirmed,""
San Luis,China. CSL,54ph1k82y99hhjsf7m2usns8u,Atlético San Luis,Mexico,Liga MX,exact_name,100,77.6350896397,520,auto_confirmed,""
San Marcos,China. CSL,a6g25i52b5wrzwn7xb5g9u266,San Marcos,Chile,Primera B,exact_name,100,73.8589260168,903,auto_confirmed,""
Unión San Felipe,China. CSL,acnr45k0iyzvr8thv0qvspjzi,Unión San Felipe,Chile,Primera B,exact_name,100,69.7837205055,1453,auto_confirmed,""
Alianza,Colombia. Liga BetPlay,9d9s47ohwsolvt3hknjrqcgv5,Alianza,Colombia,Primera A,exact_name,100,76.5560445084,606,auto_confirmed,""
América de Cali,Colombia. Liga BetPlay,8ohqbddhjvcj22wgxxvcladcx,América de Cali,Colombia,Primera A,exact_name,100,83.3109870972,160,auto_confirmed,""
Atlético Bucaramanga,Colombia. Liga BetPlay,f03olt64rha2kfnrvg2wi3lh8,Atlético Bucaramanga,Colombia,Primera A,exact_name,100,80.9376390165,284,auto_confirmed,""
Atlético Huila,Colombia. Liga BetPlay,iry3mze71anmpn6r5fx8goev,Atlético Huila,Colombia,"",exact_name,100,75.7956092856,680,auto_confirmed,""
Atlético Nacional,Colombia. Liga BetPlay,6j9bbun984g4ajwa5l7caidll,Atlético Nacional,Colombia,Primera A,exact_name,100,85.9332045689,76,auto_confirmed,""
Boyacá Chicó,Colombia. Liga BetPlay,aj3ildn4gf9a7cv6ncdh2p9xi,Boyacá Chicó,Colombia,Primera A,exact_name,100,75.9063549356,664,auto_confirmed,""
Cortuluá,Colombia. Liga BetPlay,"","","","",unmapped,,,,unmapped,""
Cúcuta Deportivo,Colombia. Liga BetPlay,b2kbk81xguin1b3ofs92j97ic,Cúcuta Deportivo,Colombia,Primera A,exact_name,100,75.9989298517,657,auto_confirmed,""
Deportes Tolima,Colombia. Liga BetPlay,epcjkyn8gazuywbotxwikc5kn,Deportes Tolima,Colombia,Primera A,exact_name,100,82.2681449354,210,auto_confirmed,""
Deportivo Cali,Colombia. Liga BetPlay,dmixnuqy63yn1wgkobi9ie5sc,Deportivo Cali,Colombia,Primera A,exact_name,100,81.3377748341,256,auto_confirmed,""
Deportivo Pasto,Colombia. Liga BetPlay,enocf5klc7avko0sapv2mgabr,Deportivo Pasto,Colombia,Primera A,exact_name,100,77.8656786711,496,auto_confirmed,""
Deportivo Pereira,Colombia. Liga BetPlay,2mk5at9e8tbhwghe8s55kldkv,Deportivo Pereira,Colombia,Primera A,exact_name,100,75.1460455891,755,auto_confirmed,""
Envigado,Colombia. Liga BetPlay,4y1gs7g2qffqtyhruxcejusr,Envigado,Colombia,Primera B,exact_name,100,74.6857485716,792,auto_confirmed,""
Fortaleza,Colombia. Liga BetPlay,263edk7xyjafv0cfktqymjcmn,Fortaleza,Colombia,Primera A,exact_name,100,76.7610416203,590,auto_confirmed,""
Inter Bogotá,Colombia. Liga BetPlay,9q3dio6fkecucsmnsiezm5dgf,Inter Bogotá,Colombia,Primera A,exact_name,100,77.601787957,523,auto_confirmed,""
Jaguares de Córdoba,Colombia. Liga BetPlay,eop1idmqahf7r802e6zqng7rh,Jaguares de Córdoba,Colombia,Primera A,exact_name,100,75.9458307507,660,auto_confirmed,""
Junior,Colombia. Liga BetPlay,52pduyh1bfri4d8rv9qby5brp,Junior,Colombia,Primera A,exact_name,100,80.8759395965,287,auto_confirmed,""
La Equidad,Colombia. Liga BetPlay,"","","","",unmapped,,,,unmapped,""
Llaneros,Colombia. Liga BetPlay,an2kmypdiq2lywz13bjyhgoss,Llaneros,Colombia,Primera A,exact_name,100,78.4963094346,441,auto_confirmed,""
Medellín,Colombia. Liga BetPlay,bzpygd5fja0tbb2x8daphil1l,Independiente Medellín,Colombia,Primera A,exact_name,100,82.7958916245,184,auto_confirmed,""
Millonarios,Colombia. Liga BetPlay,eqbww924pupg9vspauc0h7bt6,Millonarios,Colombia,Primera A,exact_name,100,83.1096983877,171,auto_confirmed,""
Once Caldas,Colombia. Liga BetPlay,1m0l6lfeg2gpncu6xjz21pv9n,Once Caldas,Colombia,Primera A,exact_name,100,81.1607195639,272,auto_confirmed,""
Patriotas Boyacá,Colombia. Liga BetPlay,2n5cd2e8sqn7isfazwk3wb3ik,Patriotas Boyacá,Colombia,Primera B,exact_name,100,73.3710740628,965,auto_confirmed,""
Santa Fe,Colombia. Liga BetPlay,5vtngmqlfpmuntxl9fw683ttc,Independiente Santa Fe,Colombia,Primera A,exact_name,100,82.6053587399,190,auto_confirmed,""
Tolima,Colombia. Liga BetPlay,epcjkyn8gazuywbotxwikc5kn,Deportes Tolima,Colombia,Primera A,exact_name,100,82.2681449354,210,auto_confirmed,""
Unión Magdalena,Colombia. Liga BetPlay,1jrsulhvngpatxxrb6qoyr3sr,Unión Magdalena,Colombia,Primera B,exact_name,100,74.012078152,883,auto_confirmed,""
Águilas Doradas,Colombia. Liga BetPlay,64zckvniro8jjvyzul0dfjj0j,Águilas Doradas,Colombia,Primera A,exact_name,100,79.5188405126,365,auto_confirmed,""
Alajuelense,Costa Rica. Primera División,at42hkys62nqs9qvbip8oxkmw,Alajuelense,Costa Rica,Primera División,exact_name,100,78.506218949,440,auto_confirmed,""
Cartaginés,Costa Rica. Primera División,5tlc1uoevh0wrkazhzeoj0vd2,Cartaginés,Costa Rica,Primera División,exact_name,100,78.0916364169,476,auto_confirmed,""
Deportivo Saprissa,Costa Rica. Primera División,69dx4pg0k3unuimmkt71fpz3t,Deportivo Saprissa,Costa Rica,Primera División,exact_name,100,79.2092328459,393,auto_confirmed,""
Escorpiones Belén,Costa Rica. Primera División,emnnszjzguheqmt1ec5wa6k9g,Escorpiones Belén,Costa Rica,Primera División,exact_name,100,68.1214170561,1754,auto_confirmed,""
Guadalupe,Costa Rica. Primera División,8ddrwliisa4lb9n5xka9fqc16,Guadalupe,Costa Rica,Liga de Ascenso,exact_name,100,59.809832522,3999,auto_confirmed,""
Guanacasteca,Costa Rica. Primera División,"","","","",unmapped,,,,unmapped,""
Herediano,Costa Rica. Primera División,1fmcyqtq6gm7ju3g6xisk7aw0,Herediano,Costa Rica,Primera División,exact_name,100,75.51029959,704,auto_confirmed,""
Inter San Carlos,Costa Rica. Primera División,7esbrsdge6pknfynf4npsgg7o,Inter San Carlos,Costa Rica,Primera División,exact_name,100,72.4462610436,1085,auto_confirmed,""
Municipal Grecia,Costa Rica. Primera División,ap5kmn9l7o4u5x1cehy4bsr4u,Municipal Grecia,Costa Rica,Liga de Ascenso,exact_name,100,62.0838190571,3332,auto_confirmed,""
Municipal Liberia,Costa Rica. Primera División,7vdwlmlipvfni2e6ohj0ep8li,Municipal Liberia,Costa Rica,"",exact_name,100,75.2765323058,734,auto_confirmed,""
Puntarenas,Costa Rica. Primera División,dfcvkdokr1xf25ceaj4djvzge,Puntarenas,Costa Rica,Primera División,exact_name,100,72.1754153692,1115,auto_confirmed,""
Pérez Zeledón,Costa Rica. Primera División,a80nhq3xqxty3ab3xmroiuxdb,Pérez Zeledón,Costa Rica,Primera División,exact_name,100,69.650018488,1477,auto_confirmed,""
San Carlos,Costa Rica. Primera División,8gsjo8rs9cfipedjwhdmg1g0q,San Carlos,Costa Rica,Primera División,exact_name,100,72.5585782793,1064,auto_confirmed,""
Santa Ana,Costa Rica. Primera División,9ivj7jgtksukitz3o6hnimesq,Santa Ana,Costa Rica,Liga de Ascenso,exact_name,100,62.2765855707,3262,auto_confirmed,""
Santos de Guápiles,Costa Rica. Primera División,"","","","",unmapped,,,,unmapped,""
Sporting FC,Costa Rica. Primera División,7catg5lpivcmpf4xhggh6d8rk,Sporting CP,Portugal,Primeira Liga,exact_name,100,91.4163778664,22,auto_confirmed,""
Dinamo Zagreb,Croatia. Superleague,7vyubxg6fnmwwyo2nnyhp6j5d,Dinamo Zagreb,Croatia,HNL,exact_name,100,85.6955852944,81,auto_confirmed,""
Gorica,Croatia. Superleague,2lxdu85eno8hnzkzinx44wvjt,HNK Gorica,Croatia,HNL,exact_name,100,75.3812105185,720,auto_confirmed,""
Hajduk Split,Croatia. Superleague,6ouaoxrghzeqpzqk02xn3t4r9,Hajduk Split,Croatia,HNL,exact_name,100,82.6861576586,188,auto_confirmed,""
Istra 1961,Croatia. Superleague,4l55eml592p3mmkgaa92v0xbe,Istra 1961,Croatia,HNL,exact_name,100,76.4575414181,616,auto_confirmed,""
Lokomotiva Zagreb,Croatia. Superleague,7nk3gfpmnuay3xe6v58zsvp0y,Lokomotiva Zagreb,Croatia,HNL,exact_name,100,76.5452039331,609,auto_confirmed,""
Osijek,Croatia. Superleague,c2it9800m1rcfbyhmwtxnp0vu,Osijek,Croatia,HNL,exact_name,100,78.9198757729,413,auto_confirmed,""
Rijeka,Croatia. Superleague,1ej3fkeq5d7359enihddsxzae,Rijeka,Croatia,HNL,exact_name,100,81.6367731876,238,auto_confirmed,""
Rudeš,Croatia. Superleague,7sbwkqxbprov16hqxu943v4sq,Rudeš,Croatia,HNL,exact_name,100,74.0980763404,871,auto_confirmed,""
Slaven Belupo,Croatia. Superleague,"","","","",unmapped,,,,unmapped,""
Varaždin,Croatia. Superleague,auws85cw488audeo1rdgbvs2z,Varaždin,Croatia,HNL,exact_name,100,80.176204113,325,auto_confirmed,""
Vukovar,Croatia. Superleague,c3al88y5b53e2fulu96nxlhil,Vukovar,Croatia,First NL,exact_name,100,67.2623302368,1933,auto_confirmed,""
Šibenik,Croatia. Superleague,3ekhwyrfgdwta79vv97bgyi83,Šibenik,Croatia,"",exact_name,100,43.6225341729,10738,auto_confirmed,""
AE Zakakiou,Cyprus. 1. Division,712d7rsbz9bs8r6g4gzly9j82,AE Zakakiou,Cyprus,3. Division,exact_name,100,52.2018914052,6772,auto_confirmed,""
AEK Larnaca,Cyprus. 1. Division,q4y48hs70h74p3waaxxjtdu5,AEK Larnaca,Cyprus,1. Division,exact_name,100,83.2841588483,161,auto_confirmed,""
AEL,Cyprus. 1. Division,bj3s1qcluvw7exjx5ha4epj6s,AEL,Cyprus,1. Division,exact_name,100,75.4898805189,712,auto_confirmed,""
APOEL,Cyprus. 1. Division,eu0or974evp0gojv63d3imktn,APOEL,Cyprus,1. Division,exact_name,100,78.2412024013,463,auto_confirmed,""
Akritas,Cyprus. 1. Division,dl3gropyt4wp6ukro9c8dhxmh,Akritas,Cyprus,2. Division,exact_name,100,62.0144501807,3351,auto_confirmed,""
Anorthosis,Cyprus. 1. Division,9jwzj3xdnav8glojgp3xhj71t,Anorthosis,Cyprus,1. Division,exact_name,100,75.2124294013,745,auto_confirmed,""
Apollon,Cyprus. 1. Division,2qg4xmt2ucl2o5osmurwagw5g,Apollon,Cyprus,1. Division,exact_name,100,81.2562055749,264,auto_confirmed,""
Aris,Cyprus. 1. Division,90z9l1k46z46ep9oupipgganh,Aris,Greece,Super League 1,exact_name,100,79.0084898,406,auto_confirmed,""
Doxa,Cyprus. 1. Division,97ud9hi6d60g49aq04hv85mfa,Doxa,Cyprus,2. Division,exact_name,100,62.0123394009,3353,auto_confirmed,""
Enosis,Cyprus. 1. Division,4fab4mcajzuy28smknw9x8j62,Enosis,Cyprus,2. Division,exact_name,100,62.0102286186,3354,auto_confirmed,""
Ethnikos Achnas,Cyprus. 1. Division,1a7errx0ntp8kjg0ndi0i61ff,Ethnikos Achna,Cyprus,2. Division,fuzzy_country,96.55,64.2652451791,2683,needs_review,""
Karmiotissa,Cyprus. 1. Division,9zcbg0aj4dyrayb1hurpjwd4c,Karmiotissa,Cyprus,1. Division,exact_name,100,72.4828475354,1078,auto_confirmed,""
Nea Salamis,Cyprus. 1. Division,amj59k1dx265x2bsgv5tbeaum,Nea Salamis,Cyprus,1. Division,exact_name,100,73.7851293656,912,auto_confirmed,""
Olympiakos,Cyprus. 1. Division,2csnjj9himmqzpbridbvcnnwp,Olympiakos Nicosia,Cyprus,1. Division,exact_name,100,73.7323259966,918,auto_confirmed,""
Omonia 29th May,Cyprus. 1. Division,"","","","",unmapped,,,,unmapped,""
Omonia Aradippou,Cyprus. 1. Division,aohbcvmidb57q6tpdocpwckth,Omonia Aradippou,Cyprus,1. Division,exact_name,100,73.2388487478,977,auto_confirmed,""
Omonia Nicosia,Cyprus. 1. Division,1pf6zmsueuc9tr64ql67gynqc,Omonia Nicosia,Cyprus,1. Division,exact_name,100,86.2907741525,69,auto_confirmed,""
Othellos,Cyprus. 1. Division,rh4i22unb10eru99zne4br5w,Othellos,Cyprus,3. Division,exact_name,100,48.1733409976,8796,auto_confirmed,""
Pafos,Cyprus. 1. Division,d6e2elufz1jf4h68k21uahq7d,Pafos,Cyprus,1. Division,exact_name,100,81.7601309899,236,auto_confirmed,""
Ypsonas,Cyprus. 1. Division,bq2f4qok18jsefzb9ynynf1lh,Krasava Ypsonas,Cyprus,1. Division,exact_name,100,71.6516675118,1187,auto_confirmed,""
Artis Brno,Czech Republic. Chance Liga,6onh4wiqdb8r50qa6oyxlbafg,Artis Brno,Czechia,Czech Liga,exact_name,100,74.5724803181,806,auto_confirmed,""
Baník Ostrava,Czech Republic. Chance Liga,dfvvrv84skv23rsn1k6kt4slc,Baník Ostrava,Czechia,Czech Liga,exact_name,100,75.9660784265,659,auto_confirmed,""
Bohemians 1905,Czech Republic. Chance Liga,bqcrqg0367eqzrt4vjb5apu6g,Bohemians 1905,Czechia,Czech Liga,exact_name,100,77.9923632476,484,auto_confirmed,""
Dukla Praha,Czech Republic. Chance Liga,6c02h79m3liphk5hglcg8gmus,Dukla Praha,Czechia,FNL,exact_name,100,69.0383544555,1570,auto_confirmed,""
Hradec Králové,Czech Republic. Chance Liga,1v75g4bk8vzrvu0jmaro6lila,Hradec Králové,Czechia,Czech Liga,exact_name,100,80.1423807074,328,auto_confirmed,""
Jablonec,Czech Republic. Chance Liga,bdz8tx20ekj1ryi2e2u13jdl,Jablonec,Czechia,Czech Liga,exact_name,100,80.0524150464,332,auto_confirmed,""
Karviná,Czech Republic. Chance Liga,4i7i27ldbc5wm2xwwumjpeopn,Karviná,Czechia,FNL,exact_name,100,69.7861590043,1452,auto_confirmed,""
Mladá Boleslav,Czech Republic. Chance Liga,2qui2adwsi022vu84b8gdw4z0,Mladá Boleslav,Czechia,Czech Liga,exact_name,100,78.3120450543,454,auto_confirmed,""
Pardubice,Czech Republic. Chance Liga,4xbgquadoen1b303u4hi9nhg9,Pardubice,Czechia,Czech Liga,exact_name,100,76.7886152668,589,auto_confirmed,""
Sigma Olomouc,Czech Republic. Chance Liga,dchxm00ei80l8ljbcfpdill8k,Sigma Olomouc,Czechia,Czech Liga,exact_name,100,79.6677553705,357,auto_confirmed,""
Slavia Praha,Czech Republic. Chance Liga,8kpapuorr6hf0vosnovbreqqd,Slavia Praha,Czechia,Czech Liga,exact_name,100,88.4345292986,50,auto_confirmed,""
Slovan Liberec,Czech Republic. Chance Liga,2c4rs2vp0tyjiqa7y3gfttf24,Slovan Liberec,Czechia,Czech Liga,exact_name,100,81.3492620595,254,auto_confirmed,""
Slovácko,Czech Republic. Chance Liga,bp5x8iw8pstucx6s4iqht6xqf,Slovácko,Czechia,Czech Liga,exact_name,100,73.7998161644,910,auto_confirmed,""
Sparta Praha,Czech Republic. Chance Liga,5ocdn3a6s75u0d0dy0rbou0xc,Sparta Praha,Czechia,Czech Liga,exact_name,100,84.2384984482,124,auto_confirmed,""
Teplice,Czech Republic. Chance Liga,41eivtin75c5fu33x3zfx956b,Teplice,Czechia,Czech Liga,exact_name,100,79.3241932628,378,auto_confirmed,""
Trinity Zlín,Czech Republic. Chance Liga,"","","","",unmapped,,,,unmapped,""
Viktoria Plzeň,Czech Republic. Chance Liga,c6fx1460nlkawjgh67sp7a1hd,Viktoria Plzeň,Czechia,Czech Liga,exact_name,100,82.3761281504,200,auto_confirmed,""
Zbrojovka Brno,Czech Republic. Chance Liga,6k350zwynsc23f0sxw9akgc6y,Zbrojovka Brno,Czechia,Czech Liga,exact_name,100,78.8389340007,419,auto_confirmed,""
Zlín,Czech Republic. Chance Liga,aj1nbeiatqrs6e47mnhjidn15,Zlín,Czechia,Czech Liga,exact_name,100,72.9411683076,1026,auto_confirmed,""
České Budějovice,Czech Republic. Chance Liga,3obm32hcca4cd7cb3ipw1xg9d,České Budějovice,Czechia,3. liga,exact_name,100,61.4063537496,3502,auto_confirmed,""
AGF,Denmark. Superliga,5rz9enoyknpg8ji78za5b82p0,AGF,Denmark,Superliga,exact_name,100,81.1349130057,274,auto_confirmed,""
AaB,Denmark. Superliga,36g6ifzjliec1jqnbtf7yesme,AaB,Denmark,1. Division,exact_name,100,66.0130592813,2229,auto_confirmed,""
Brøndby,Denmark. Superliga,9qsmopgutr7ut5g6workk8w4i,Brøndby,Denmark,Superliga,exact_name,100,79.9589586833,336,auto_confirmed,""
Fredericia,Denmark. Superliga,6wwwud48qahpwrfxs20334qk5,Fredericia,Denmark,1. Division,exact_name,100,68.5770572972,1673,auto_confirmed,""
Horsens,Denmark. Superliga,a9vw7ikerpr4cuweeeka5aneg,Horsens,Denmark,Superliga,exact_name,100,77.5675636891,526,auto_confirmed,""
Hvidovre,Denmark. Superliga,8gxd9ry2580pu1b1dd5ny9ymy,Hvidovre,Denmark,1. Division,exact_name,100,69.1326338274,1551,auto_confirmed,""
København,Denmark. Superliga,b3r6d8ydtmtjckam6pku9y400,København,Denmark,Superliga,exact_name,100,85.5988668834,85,auto_confirmed,""
Lyngby,Denmark. Superliga,anga7587r1zv4ey71ge9zxol3,Lyngby,Denmark,Superliga,exact_name,100,77.0466652513,565,auto_confirmed,""
Midtjylland,Denmark. Superliga,59as3grjvj19voay31j3yfgni,Midtjylland,Denmark,Superliga,exact_name,100,85.5672064515,86,auto_confirmed,""
Nordsjælland,Denmark. Superliga,77tfx9me4aaqhzv78bmgsy9bg,Nordsjælland,Denmark,Superliga,exact_name,100,83.8416273214,138,auto_confirmed,""
OB,Denmark. Superliga,dbl7ir1qugqz8nvp1vzn8im50,OB,Denmark,Superliga,exact_name,100,77.9152280632,489,auto_confirmed,""
Randers,Denmark. Superliga,9w3sjm5ml4sjr2v81oxzdrt8v,Randers,Denmark,Superliga,exact_name,100,77.4390958863,533,auto_confirmed,""
Silkeborg,Denmark. Superliga,ahnt9ejgwj58ul8auzdvi3czf,Silkeborg,Denmark,Superliga,exact_name,100,77.7089396658,511,auto_confirmed,""
Sønderjyske,Denmark. Superliga,aljua8crr0vkwit0j3m59jw9j,Sønderjyske,Denmark,Superliga,exact_name,100,76.442173929,617,auto_confirmed,""
Vejle,Denmark. Superliga,c165yjiny1qnmfdvefxvflnkc,Vejle,Denmark,1. Division,exact_name,100,69.7244949118,1465,auto_confirmed,""
Viborg,Denmark. Superliga,cftj6g399tknheudaxsdpfdgb,Viborg,Denmark,Superliga,exact_name,100,81.3349727233,257,auto_confirmed,""
9 de Octubre,Ecuador. Liga Pro,7d882rtfmedp5hr9xc4mukmhh,9 de Octubre,Ecuador,Liga Pro Serie B,exact_name,100,73.8333996001,905,auto_confirmed,""
Aucas,Ecuador. Liga Pro,6qtl2ep6r5k1m3y6t8uh57y0g,Aucas,Ecuador,Liga Pro,exact_name,100,80.8236506933,289,auto_confirmed,""
Barcelona,Ecuador. Liga Pro,50127xit7gxvh20pvvv2lyh0r,Barcelona,Ecuador,Liga Pro,exact_name,100,80.4816527252,305,auto_confirmed,""
Cumbayá,Ecuador. Liga Pro,6yrb3b8dowlxog09xzm4rdwtm,Cumbayá,Ecuador,Liga Pro Serie B,exact_name,100,70.5459590393,1326,auto_confirmed,""
Delfin,Ecuador. Liga Pro,82lpmyui5ugjg53te2h5p5evr,Delfín,Ecuador,Liga Pro,exact_name,100,76.9531002451,571,auto_confirmed,""
Deportivo Cuenca,Ecuador. Liga Pro,6gcr0sc8ei7umo38l346y7n7,Deportivo Cuenca,Ecuador,Liga Pro,exact_name,100,77.7180293158,509,auto_confirmed,""
El Nacional,Ecuador. Liga Pro,3fn75lekb1huvocopd7ju96a1,El Nacional,Ecuador,Liga Pro Serie B,exact_name,100,67.7604240448,1830,auto_confirmed,""
Emelec,Ecuador. Liga Pro,8cwds1t3cfvn3x0jswsti8mq4,Emelec,Ecuador,Liga Pro,exact_name,100,78.2412163607,462,auto_confirmed,""
Gualaceo,Ecuador. Liga Pro,8gyqmewbgwaxlwwjxcfarr7c9,Gualaceo,Ecuador,Liga Pro Serie B,exact_name,100,72.2361667308,1105,auto_confirmed,""
Guayaquil City,Ecuador. Liga Pro,a89x9w22vg0m6q3rnlad8qgmt,Guayaquil City,Ecuador,Liga Pro,exact_name,100,77.6660181534,514,auto_confirmed,""
Independiente del Valle,Ecuador. Liga Pro,ddkiejug4w4ri9ch2fnnen6yw,Independiente Valle,Ecuador,Liga Pro,fuzzy_country,92,87.9552562926,52,needs_review,""
LDU Quito,Ecuador. Liga Pro,cxb4hqite921i36gwrezdts7c,LDU Quito,Ecuador,Liga Pro,exact_name,100,83.4544561191,154,auto_confirmed,""
Leones del Norte,Ecuador. Liga Pro,"","","","",unmapped,,,,unmapped,""
Libertad,Ecuador. Liga Pro,37k9jifjhdcnb31yzzkmo7uhg,Libertad,Ecuador,Liga Pro,exact_name,100,79.0580423972,405,auto_confirmed,""
Macará,Ecuador. Liga Pro,4c7u4ex3h310j2unfmd4uc18v,Macará,Ecuador,Liga Pro,exact_name,100,82.3663877026,201,auto_confirmed,""
Manta,Ecuador. Liga Pro,5yyskw5mk1al71eis8hpcqmxi,Manta,Ecuador,Liga Pro,exact_name,100,75.5821374837,699,auto_confirmed,""
Mushuc Runa,Ecuador. Liga Pro,6ov7iz5ful0e0g2epaydpzzn,Mushuc Runa,Ecuador,Liga Pro,exact_name,100,78.770214995,423,auto_confirmed,""
Orense,Ecuador. Liga Pro,f2yd0yzt0om6qhks9gbowu1d6,Orense,Ecuador,Liga Pro,exact_name,100,77.0215389814,568,auto_confirmed,""
Técnico Universitario,Ecuador. Liga Pro,ejshnwzjsikkdhm6ynf40xik5,Técnico Universitario,Ecuador,Liga Pro,exact_name,100,75.5007262589,708,auto_confirmed,""
Universidad Católica,Ecuador. Liga Pro,85tqel61vdk8sfz1vsb1jykk7,Universidad Católica,Ecuador,Liga Pro,exact_name,100,83.2660642399,162,auto_confirmed,""
Vinotinto de Ecuador,Ecuador. Liga Pro,3a5ewydj1isw3lepwoafns74k,Vinotinto de Ecuador,Ecuador,Liga Pro Serie B,exact_name,100,74.2582176737,845,auto_confirmed,""
22 de Julio,Ecuador. Liga Pro Serie B,bv7pwdad2afs5ya817cgd16vo,22 de Julio,Ecuador,Liga Pro Serie B,exact_name,100,63.8986662376,2802,auto_confirmed,""
9 de Octubre,Ecuador. Liga Pro Serie B,7d882rtfmedp5hr9xc4mukmhh,9 de Octubre,Ecuador,Liga Pro Serie B,exact_name,100,73.8333996001,905,auto_confirmed,""
América de Quito,Ecuador. Liga Pro Serie B,"","","","",unmapped,,,,unmapped,""
Atletico FC,Ecuador. Liga Pro Serie B,6n29w56sct2wek5t2xxgqm9zo,Atlético FC,Ecuador,Liga Pro Serie B,exact_name,100,73.2038848254,983,auto_confirmed,""
Atlético Vinotinto,Ecuador. Liga Pro Serie B,8x39t17ru9a977r7c5ryk22ok,Atlético Vinotinto,Ecuador,"",exact_name,100,71.8361445218,1158,auto_confirmed,""
Búhos ULVR,Ecuador. Liga Pro Serie B,ablb3kod13c1037p3jf7w7eqy,Búhos ULVR,Ecuador,Segunda Categoria,exact_name,100,66.0386985721,2222,auto_confirmed,""
Chacaritas,Ecuador. Liga Pro Serie B,atknnp7gimpwzbuytwq38e1d6,Chacaritas,Ecuador,"",exact_name,100,65.7855902177,2277,auto_confirmed,""
Cuenca Juniors,Ecuador. Liga Pro Serie B,514uccbxudsmi6ipf0sgjxgr8,Deportivo Cuenca Juniors,Ecuador,Liga Pro Serie B,exact_name,100,70.0058360737,1419,auto_confirmed,""
Cumbayá,Ecuador. Liga Pro Serie B,6yrb3b8dowlxog09xzm4rdwtm,Cumbayá,Ecuador,Liga Pro Serie B,exact_name,100,70.5459590393,1326,auto_confirmed,""
Cuniburo Futbol Club,Ecuador. Liga Pro Serie B,"","","","",unmapped,,,,unmapped,""
Deportivo Santo Domingo,Ecuador. Liga Pro Serie B,e2ivlsbo0fvgbnpvtvad2f6s4,Santo Domingo,Ecuador,Liga Pro Serie B,exact_name,100,71.5284637125,1202,auto_confirmed,""
El Nacional,Ecuador. Liga Pro Serie B,3fn75lekb1huvocopd7ju96a1,El Nacional,Ecuador,Liga Pro Serie B,exact_name,100,67.7604240448,1830,auto_confirmed,""
Gualaceo,Ecuador. Liga Pro Serie B,8gyqmewbgwaxlwwjxcfarr7c9,Gualaceo,Ecuador,Liga Pro Serie B,exact_name,100,72.2361667308,1105,auto_confirmed,""
Guayaquil City,Ecuador. Liga Pro Serie B,a89x9w22vg0m6q3rnlad8qgmt,Guayaquil City,Ecuador,Liga Pro,exact_name,100,77.6660181534,514,auto_confirmed,""
Imbabura,Ecuador. Liga Pro Serie B,4ycqh6jyxlqp9mc480viob897,Imbabura,Ecuador,Segunda Categoria,exact_name,100,65.3951543327,2372,auto_confirmed,""
Independiente Juniors,Ecuador. Liga Pro Serie B,5670ob6hq7xu5fme0j1jrx5re,Independiente Juniors,Ecuador,Liga Pro Serie B,exact_name,100,74.1987831449,855,auto_confirmed,""
LDU Portoviejo,Ecuador. Liga Pro Serie B,49mh8p1hkxyv1bzarkeb1ppgq,LDU Portoviejo,Ecuador,Liga Pro Serie B,exact_name,100,71.3989371158,1221,auto_confirmed,""
Leones del Norte,Ecuador. Liga Pro Serie B,"","","","",unmapped,,,,unmapped,""
Macará,Ecuador. Liga Pro Serie B,4c7u4ex3h310j2unfmd4uc18v,Macará,Ecuador,Liga Pro,exact_name,100,82.3663877026,201,auto_confirmed,""
Manta,Ecuador. Liga Pro Serie B,5yyskw5mk1al71eis8hpcqmxi,Manta,Ecuador,Liga Pro,exact_name,100,75.5821374837,699,auto_confirmed,""
San Antonio,Ecuador. Liga Pro Serie B,cptxo7ytrql01nuxr7qt3ut5g,San Antonio,Ecuador,Liga Pro Serie B,exact_name,100,69.9518859514,1425,auto_confirmed,""
Vargas Torres,Ecuador. Liga Pro Serie B,bnt191a6dmrdph8f4nvx6xo4q,Vargas Torres,Ecuador,"",exact_name,100,71.4496985029,1215,auto_confirmed,""
Vinotinto de Ecuador,Ecuador. Liga Pro Serie B,3a5ewydj1isw3lepwoafns74k,Vinotinto de Ecuador,Ecuador,Liga Pro Serie B,exact_name,100,74.2582176737,845,auto_confirmed,""
Abu Qair Semad,Egypt. Premier League,9g4d0xv0srveu6ukr5069ot7l,Abu Qair Semad,Egypt,Premier League,exact_name,100,71.2095530402,1254,auto_confirmed,""
Al Ahly,Egypt. Premier League,1q2hx9pw8c7x88utqunk4e6xl,Al Ahly,Egypt,Premier League,exact_name,100,82.2058023879,220,auto_confirmed,""
Al Ittihad,Egypt. Premier League,87zdolahphujsbgcu4wyyew7n,Al Ittihad,Egypt,Premier League,exact_name,100,73.4564318445,950,auto_confirmed,""
Al Masry,Egypt. Premier League,8fsjv45nwdskm2w1o5iddnwck,Al Masry,Egypt,Premier League,exact_name,100,75.5101796887,706,auto_confirmed,""
Al Mokawloon,Egypt. Premier League,rujv815dna8z56ptdquzovlu,Al Mokawloon,Egypt,Premier League,exact_name,100,74.0746839558,874,auto_confirmed,""
Aswan FC,Egypt. Premier League,e0bxmxjdt67tjpr5id1z8xoh6,Aswan,Egypt,"",exact_name,100,61.4788807941,3486,auto_confirmed,""
Asyut Petrol,Egypt. Premier League,8y48y7oigo67a3fgsvik3y8d2,Asyut Petrol,Egypt,Premier League,exact_name,100,70.1887147067,1384,auto_confirmed,""
Baladiyyat Al Mehalla,Egypt. Premier League,bjkppvn46ysjs3tbwao8k2waa,Baladiyyat Al Mehalla,Egypt,Second Division A,exact_name,100,64.3811361173,2641,auto_confirmed,""
Ceramica,Egypt. Premier League,"","","","",unmapped,,,,unmapped,""
ENPPI,Egypt. Premier League,2t0cc3y6kaifvrgnp48nf9011,ENPPI,Egypt,Premier League,exact_name,100,74.0886695025,873,auto_confirmed,""
El Daklyeh,Egypt. Premier League,"","","","",unmapped,,,,unmapped,""
El Geish,Egypt. Premier League,22uhz0spcrm9f2ew7fyk9lgvl,El Gaish,Egypt,Premier League,fuzzy_country,87.5,72.0339097348,1135,needs_review,""
El Gounah,Egypt. Premier League,cb5ih2ull94awko6tr4mpwkiz,El Gouna,Egypt,Premier League,fuzzy_country,94.12,72.4548886354,1083,needs_review,""
Ghazl El Mehalla,Egypt. Premier League,92b76dpzspmwf6jr0khodmxi4,Ghazl El Mahalla,Egypt,Premier League,fuzzy_country,93.75,70.6223267027,1316,needs_review,""
Haras El Hodood,Egypt. Premier League,7j8kq66frwp7bu4kviuwbet97,Haras El Hodood,Egypt,Second Division A,exact_name,100,69.6621616016,1475,auto_confirmed,""
Ismaily,Egypt. Premier League,b79t25o1zj01kz3rqudr7q5v4,Ismaily,Egypt,Second Division A,exact_name,100,65.8874187427,2257,auto_confirmed,""
Kahraba Ismailia,Egypt. Premier League,5zlswi3fqki2d9z6tbp9xjmzm,Kahraba Ismailia,Egypt,Second Division A,exact_name,100,69.2055642502,1542,auto_confirmed,""
Modern Future,Egypt. Premier League,"","","","",unmapped,,,,unmapped,""
Modern Sport,Egypt. Premier League,"","","","",unmapped,,,,unmapped,""
National Bank of Egypt,Egypt. Premier League,acok6a5p0a2menyjj5ufyeooa,National Bank of Egypt,Egypt,Premier League,exact_name,100,75.1387261224,757,auto_confirmed,""
Olympic El Qanah,Egypt. Premier League,"","","","",unmapped,,,,unmapped,""
Petrojet,Egypt. Premier League,bb1dz5zsbd7x9ezu8yrtbzhrj,Petrojet,Egypt,Premier League,exact_name,100,73.9509079092,895,auto_confirmed,""
Pharco,Egypt. Premier League,ac28s7fw8w1z6ewv4z67z4b8p,Pharco,Egypt,Second Division A,exact_name,100,69.1701674865,1544,auto_confirmed,""
Pyramids,Egypt. Premier League,a5hh43fi88rchrm37263600hu,Pyramids,Egypt,Premier League,exact_name,100,82.5364063152,191,auto_confirmed,""
Smouha,Egypt. Premier League,8znm0r64soyw68izrhpaybr7h,Smouha,Egypt,Premier League,exact_name,100,72.1595473639,1119,auto_confirmed,""
Wadi Degla,Egypt. Premier League,7lsa4shved5oswsk8y4w0zk62,Wadi Degla,Egypt,Premier League,exact_name,100,74.59628357,805,auto_confirmed,""
ZED FC,Egypt. Premier League,7x64g9rxb1npef8weblrwr312,ZED,Egypt,Premier League,exact_name,100,74.118388488,865,auto_confirmed,""
Zamalek,Egypt. Premier League,2c1lvho9eqtqfqf4t3cv0f237,Zamalek,Egypt,Premier League,exact_name,100,79.1459727555,398,auto_confirmed,""
Birmingham City,England. Championship,8kreqtde5jdktcib0kg7dknac,Birmingham City,England,Championship,exact_name,100,82.2601181154,212,auto_confirmed,""
Blackburn Rovers,England. Championship,ep3im6aygoatju4u3ws8v3mog,Blackburn Rovers,England,Championship,exact_name,100,79.679613461,356,auto_confirmed,""
Blackpool,England. Championship,f1ni8k09kpdcwmkasi69rl0bz,Blackpool,England,League One,exact_name,100,73.6987549668,923,auto_confirmed,""
Bolton Wanderers,England. Championship,69t8imcdaqlgfbds2p58596my,Bolton Wanderers,England,Championship,exact_name,100,78.8131157683,420,auto_confirmed,""
Bristol City,England. Championship,c5485h5qulh4l0k0py5b9xug1,Bristol City,England,Championship,exact_name,100,80.3983106556,311,auto_confirmed,""
Burnley,England. Championship,64bxxwu2mv2qqlv0monbkj1om,Burnley,England,Championship,exact_name,100,80.9181045266,285,auto_confirmed,""
Cardiff City,England. Championship,3ash57c0q2tgok6gvzbsta93,Cardiff City,Wales,Championship,exact_name,100,78.8012532402,421,auto_confirmed,""
Charlton Athletic,England. Championship,2ezfenuwk3y65p8jdbj55xqt0,Charlton Athletic,England,Championship,exact_name,100,78.3263529099,453,auto_confirmed,""
Coventry City,England. Championship,dacoc20k0n3fxu4zek8wufmko,Coventry City,England,Premier League,exact_name,100,89.0478461297,42,auto_confirmed,""
Derby County,England. Championship,3ptd7zlc5isrongig0wij2id4,Derby County,England,Championship,exact_name,100,79.7734297559,351,auto_confirmed,""
Huddersfield Town,England. Championship,5n5baro467i8s8efkra3nhgux,Huddersfield Town,England,League One,exact_name,100,77.3731136606,541,auto_confirmed,""
Hull City,England. Championship,f0figafm2v9h8ofo6slajj7xf,Hull City,England,Premier League,exact_name,100,89.8558849517,35,auto_confirmed,""
Ipswich Town,England. Championship,8b523ujgl21tbc01me65q0aoh,Ipswich Town,England,Premier League,exact_name,100,89.7429967297,37,auto_confirmed,""
Leeds United,England. Championship,48gk2hpqtsl6p9sx9kjhaydq4,Leeds United,England,Premier League,exact_name,100,92.0342129714,18,auto_confirmed,""
Leicester City,England. Championship,avxknfz4f6ob0rv9dbnxdzde0,Leicester City,England,League One,exact_name,100,76.5270430575,610,auto_confirmed,""
Lincoln City,England. Championship,b3vbyitzi3nrw9ehj1eoko219,Lincoln City,England,Championship,exact_name,100,80.6632769,295,auto_confirmed,""
Luton Town,England. Championship,aksa492u5hf93giwcn2zt1nzz,Luton Town,England,League One,exact_name,100,77.3322665545,545,auto_confirmed,""
Middlesbrough,England. Championship,cq0jd5ztepqjjeikk5trb15vr,Middlesbrough,England,Championship,exact_name,100,84.9742823139,106,auto_confirmed,""
Millwall,England. Championship,40d2qd8lr1tgsvmg5l1fzaf4o,Millwall,England,Championship,exact_name,100,82.8927058544,180,auto_confirmed,""
Norwich City,England. Championship,suz80crpy3anixyzccmu6jzp,Norwich City,England,Championship,exact_name,100,82.2510600399,215,auto_confirmed,""
Oxford United,England. Championship,ahm0t06rup1bkd9z0mxl2lmph,Oxford United,England,League One,exact_name,100,77.2544106206,550,auto_confirmed,""
Plymouth Argyle,England. Championship,5g1fnexeromjl0lvnxp8hpnhi,Plymouth Argyle,England,League One,exact_name,100,78.6006276891,437,auto_confirmed,""
Portsmouth,England. Championship,80jtkz2echk6yyyb9e2595cxr,Portsmouth,England,Championship,exact_name,100,79.9624459281,335,auto_confirmed,""
Preston North End,England. Championship,5kq4izdz28qjaxoa6ujclwghj,Preston North End,England,Championship,exact_name,100,77.4537583415,532,auto_confirmed,""
Queens Park Rangers,England. Championship,72nmbktwvcj3wizfp37yjf0dp,Queens Park Rangers,England,Championship,exact_name,100,80.5998271699,303,auto_confirmed,""
Reading,England. Championship,egm6z8hhksfg8f6a49jigczxh,Reading,England,League One,exact_name,100,76.3223737317,628,auto_confirmed,""
Rotherham United,England. Championship,6m5s30n9ej0dqfk1hfyrlkhdw,Rotherham United,England,League Two,exact_name,100,70.8404655367,1300,auto_confirmed,""
Sheffield United,England. Championship,bws31egwjda253q9lvykgnivo,Sheffield United,England,Championship,exact_name,100,80.6507265393,297,auto_confirmed,""
Sheffield Wednesday,England. Championship,1musyruv2ufjrjnj6gvdbr8kt,Sheffield Wednesday,England,League One,exact_name,100,76.2074572774,641,auto_confirmed,""
Southampton,England. Championship,d5ydtvt96bv7fq04yqm2w2632,Southampton,England,Championship,exact_name,100,85.1628919644,98,auto_confirmed,""
Stoke City,England. Championship,4qioq44vcv619vnyy2rpovk4e,Stoke City,England,Championship,exact_name,100,79.2028007851,395,auto_confirmed,""
Sunderland,England. Championship,1r3545b2dzan8yqa80gtmcjch,Sunderland,England,Premier League,exact_name,100,90.7070812059,29,auto_confirmed,""
Swansea City,England. Championship,410jti6axb01yhvbc0axsp8li,Swansea City,Wales,Championship,exact_name,100,82.9658468716,178,auto_confirmed,""
Watford,England. Championship,4t83rqbdbekinxl5fz2ygsyta,Watford,England,Championship,exact_name,100,77.7263928787,507,auto_confirmed,""
West Bromwich Albion,England. Championship,d1lhefp805y0rcbjqkpu4fq0n,West Bromwich Albion,England,Championship,exact_name,100,81.471240709,248,auto_confirmed,""
West Ham United,England. Championship,4txjdaqveermfryvbfrr4taf7,West Ham United,England,Championship,exact_name,100,86.0824218202,73,auto_confirmed,""
Wigan Athletic,England. Championship,dmypntcdsl5w8w8pcqs0b8mpj,Wigan Athletic,England,League One,exact_name,100,72.5220361031,1069,auto_confirmed,""
Wolverhampton Wanderers,England. Championship,b9si1jn1lfxfund69e9ogcu2n,Wolverhampton Wanderers,England,Championship,exact_name,100,84.9499220948,109,auto_confirmed,""
Wrexham,England. Championship,206vnsjv8ho5kpf88y0u2gaic,Wrexham,Wales,Championship,exact_name,100,81.9029950788,230,auto_confirmed,""
AFC Wimbledon,England. League One,7sck2yj98lv9ogljofza0c7f9,AFC Wimbledon,England,League One,exact_name,100,71.4790905282,1209,auto_confirmed,""
Accrington Stanley,England. League One,5qwskbjpa17fvmtuu5qijy7cz,Accrington Stanley,England,League Two,exact_name,100,65.7873315499,2276,auto_confirmed,""
Barnsley,England. League One,9db4t34qy4owglhvvgwf5l22i,Barnsley,England,League One,exact_name,100,72.7025740239,1049,auto_confirmed,""
Birmingham City,England. League One,8kreqtde5jdktcib0kg7dknac,Birmingham City,England,Championship,exact_name,100,82.2601181154,212,auto_confirmed,""
Blackpool,England. League One,f1ni8k09kpdcwmkasi69rl0bz,Blackpool,England,League One,exact_name,100,73.6987549668,923,auto_confirmed,""
Bolton Wanderers,England. League One,69t8imcdaqlgfbds2p58596my,Bolton Wanderers,England,Championship,exact_name,100,78.8131157683,420,auto_confirmed,""
Bradford City,England. League One,2b5k2yusdx2ctd5cdv739p3il,Bradford City,England,League One,exact_name,100,76.9178185631,575,auto_confirmed,""
Bristol Rovers,England. League One,5pfqedkme2kabtqhkln35pf3l,Bristol Rovers,England,League Two,exact_name,100,69.6691357703,1474,auto_confirmed,""
Bromley,England. League One,b6fvcpudsv2xhd8jd9ste749x,Bromley,England,League One,exact_name,100,71.2046180257,1255,auto_confirmed,""
Burton Albion,England. League One,8mbtyq0has0uu0565fm9t5cdo,Burton Albion,England,League One,exact_name,100,73.4945198628,945,auto_confirmed,""
Cambridge United,England. League One,dmz37633qbsvl7gncq5s51yjw,Cambridge United,England,League One,exact_name,100,74.3952464928,827,auto_confirmed,""
Cardiff City,England. League One,3ash57c0q2tgok6gvzbsta93,Cardiff City,Wales,Championship,exact_name,100,78.8012532402,421,auto_confirmed,""
Carlisle United,England. League One,4wqa3vdd3owvzbdpmh91uvvhp,Carlisle United,England,National League,exact_name,100,64.0026901273,2767,auto_confirmed,""
Charlton Athletic,England. League One,2ezfenuwk3y65p8jdbj55xqt0,Charlton Athletic,England,Championship,exact_name,100,78.3263529099,453,auto_confirmed,""
Cheltenham Town,England. League One,fvr504m6gaxsfmtx4fwm7iq1,Cheltenham Town,England,League Two,exact_name,100,67.930850431,1795,auto_confirmed,""
Crawley Town,England. League One,41pv4kcoqzdkswdzqhll8ellb,Crawley Town,England,League Two,exact_name,100,65.2336054159,2412,auto_confirmed,""
Derby County,England. League One,3ptd7zlc5isrongig0wij2id4,Derby County,England,Championship,exact_name,100,79.7734297559,351,auto_confirmed,""
Doncaster Rovers,England. League One,6dryhu9wer42nt1dxoophpk96,Doncaster Rovers,England,League One,exact_name,100,74.5972988891,804,auto_confirmed,""
Exeter City,England. League One,dv9l02o316cd9hbkxaho2u12f,Exeter City,England,League Two,exact_name,100,70.1988396532,1379,auto_confirmed,""
Fleetwood Town,England. League One,8rfydplrc9ki0sirqi0drcybk,Fleetwood Town,England,League Two,exact_name,100,69.0818146439,1562,auto_confirmed,""
Forest Green Rovers,England. League One,17zuelixesst1z59fwcix2dil,Forest Green Rovers,England,National League,exact_name,100,61.9602023448,3366,auto_confirmed,""
Huddersfield Town,England. League One,5n5baro467i8s8efkra3nhgux,Huddersfield Town,England,League One,exact_name,100,77.3731136606,541,auto_confirmed,""
Ipswich Town,England. League One,8b523ujgl21tbc01me65q0aoh,Ipswich Town,England,Premier League,exact_name,100,89.7429967297,37,auto_confirmed,""
Leicester City,England. League One,avxknfz4f6ob0rv9dbnxdzde0,Leicester City,England,League One,exact_name,100,76.5270430575,610,auto_confirmed,""
Leyton Orient,England. League One,2fhm98swvvbztf9cy67juhpas,Leyton Orient,England,League One,exact_name,100,73.1094275943,1000,auto_confirmed,""
Lincoln City,England. League One,b3vbyitzi3nrw9ehj1eoko219,Lincoln City,England,Championship,exact_name,100,80.6632769,295,auto_confirmed,""
Luton Town,England. League One,aksa492u5hf93giwcn2zt1nzz,Luton Town,England,League One,exact_name,100,77.3322665545,545,auto_confirmed,""
Mansfield Town,England. League One,4hcdmgl41o4blqpbeelu56h7y,Mansfield Town,England,League One,exact_name,100,75.8329769555,675,auto_confirmed,""
Milton Keynes Dons,England. League One,8w89tsles26jm12aoelwvlttt,MK Dons,England,League One,exact_name,100,73.1968751824,986,auto_confirmed,""
Morecambe,England. League One,8xeuwzxnm7hdlbjjuezgfkz3w,Morecambe,England,National League N / S,exact_name,100,54.5154168942,5788,auto_confirmed,""
Northampton Town,England. League One,761h1nqgu3ogxgvp8ubb71r00,Northampton Town,England,League Two,exact_name,100,68.3733654184,1713,auto_confirmed,""
Notts County,England. League One,d3mskb8nk3afyi3tn0gt8kwh8,Notts County,England,League One,exact_name,100,73.4633932799,948,auto_confirmed,""
Oxford United,England. League One,ahm0t06rup1bkd9z0mxl2lmph,Oxford United,England,League One,exact_name,100,77.2544106206,550,auto_confirmed,""
Peterborough United,England. League One,5jjqm8h6qm1w4s5f93uubhdrj,Peterborough United,England,League One,exact_name,100,72.0604743583,1131,auto_confirmed,""
Plymouth Argyle,England. League One,5g1fnexeromjl0lvnxp8hpnhi,Plymouth Argyle,England,League One,exact_name,100,78.6006276891,437,auto_confirmed,""
Port Vale,England. League One,ejm092fnt9zoxbpuklzd52ji8,Port Vale,England,League Two,exact_name,100,70.1599573662,1390,auto_confirmed,""
Portsmouth,England. League One,80jtkz2echk6yyyb9e2595cxr,Portsmouth,England,Championship,exact_name,100,79.9624459281,335,auto_confirmed,""
Reading,England. League One,egm6z8hhksfg8f6a49jigczxh,Reading,England,League One,exact_name,100,76.3223737317,628,auto_confirmed,""
Rotherham United,England. League One,6m5s30n9ej0dqfk1hfyrlkhdw,Rotherham United,England,League Two,exact_name,100,70.8404655367,1300,auto_confirmed,""
Sheffield Wednesday,England. League One,1musyruv2ufjrjnj6gvdbr8kt,Sheffield Wednesday,England,League One,exact_name,100,76.2074572774,641,auto_confirmed,""
Shrewsbury Town,England. League One,82kapkjwonlv9j1ui0ytv5sii,Shrewsbury Town,England,League Two,exact_name,100,66.4500455598,2123,auto_confirmed,""
Stevenage,England. League One,6xhqd6it53k2s5n7veo817ga4,Stevenage,England,League One,exact_name,100,75.9699211322,658,auto_confirmed,""
Stockport County,England. League One,5adikbrse2tjc3zthxrx8ic2k,Stockport County,England,League One,exact_name,100,78.0974164683,474,auto_confirmed,""
Wigan Athletic,England. League One,dmypntcdsl5w8w8pcqs0b8mpj,Wigan Athletic,England,League One,exact_name,100,72.5220361031,1069,auto_confirmed,""
Wrexham,England. League One,206vnsjv8ho5kpf88y0u2gaic,Wrexham,Wales,Championship,exact_name,100,81.9029950788,230,auto_confirmed,""
Wycombe Wanderers,England. League One,jv3jh5m5t7qy5t37vwwmnj16,Wycombe Wanderers,England,League One,exact_name,100,76.1683354264,645,auto_confirmed,""
AFC Wimbledon,England. League Two,7sck2yj98lv9ogljofza0c7f9,AFC Wimbledon,England,League One,exact_name,100,71.4790905282,1209,auto_confirmed,""
Accrington Stanley,England. League Two,5qwskbjpa17fvmtuu5qijy7cz,Accrington Stanley,England,League Two,exact_name,100,65.7873315499,2276,auto_confirmed,""
Barnet,England. League Two,azw1s2jssnjcsj170y9j0feqp,Barnet,England,League Two,exact_name,100,72.6458951776,1056,auto_confirmed,""
Barrow,England. League Two,2h0f9b45mwop10akb6bp7qx3,Barrow,England,National League,exact_name,100,60.8981291844,3658,auto_confirmed,""
Bradford City,England. League Two,2b5k2yusdx2ctd5cdv739p3il,Bradford City,England,League One,exact_name,100,76.9178185631,575,auto_confirmed,""
Bristol Rovers,England. League Two,5pfqedkme2kabtqhkln35pf3l,Bristol Rovers,England,League Two,exact_name,100,69.6691357703,1474,auto_confirmed,""
Bromley,England. League Two,b6fvcpudsv2xhd8jd9ste749x,Bromley,England,League One,exact_name,100,71.2046180257,1255,auto_confirmed,""
Cambridge United,England. League Two,dmz37633qbsvl7gncq5s51yjw,Cambridge United,England,League One,exact_name,100,74.3952464928,827,auto_confirmed,""
Carlisle United,England. League Two,4wqa3vdd3owvzbdpmh91uvvhp,Carlisle United,England,National League,exact_name,100,64.0026901273,2767,auto_confirmed,""
Cheltenham Town,England. League Two,fvr504m6gaxsfmtx4fwm7iq1,Cheltenham Town,England,League Two,exact_name,100,67.930850431,1795,auto_confirmed,""
Chesterfield,England. League Two,2zyk4fq2f0kh5p366q9y62vny,Chesterfield,England,League Two,exact_name,100,71.5512035476,1198,auto_confirmed,""
Colchester United,England. League Two,crpd0wug26fg7skfzmf11x1k2,Colchester United,England,League Two,exact_name,100,68.7113212256,1641,auto_confirmed,""
Crawley Town,England. League Two,41pv4kcoqzdkswdzqhll8ellb,Crawley Town,England,League Two,exact_name,100,65.2336054159,2412,auto_confirmed,""
Crewe Alexandra,England. League Two,9ze1c55gavzeg6vw37ca1banb,Crewe Alexandra,England,League Two,exact_name,100,68.3442648674,1717,auto_confirmed,""
Doncaster Rovers,England. League Two,6dryhu9wer42nt1dxoophpk96,Doncaster Rovers,England,League One,exact_name,100,74.5972988891,804,auto_confirmed,""
Exeter City,England. League Two,dv9l02o316cd9hbkxaho2u12f,Exeter City,England,League Two,exact_name,100,70.1988396532,1379,auto_confirmed,""
Fleetwood Town,England. League Two,8rfydplrc9ki0sirqi0drcybk,Fleetwood Town,England,League Two,exact_name,100,69.0818146439,1562,auto_confirmed,""
Forest Green Rovers,England. League Two,17zuelixesst1z59fwcix2dil,Forest Green Rovers,England,National League,exact_name,100,61.9602023448,3366,auto_confirmed,""
Gillingham,England. League Two,2597fv0oiboak9jyryf3gt39g,Gillingham,England,League Two,exact_name,100,67.4615774144,1893,auto_confirmed,""
Grimsby Town,England. League Two,6ipyteigr21t78l6fro3ig10j,Grimsby Town,England,League Two,exact_name,100,72.3257360388,1091,auto_confirmed,""
Harrogate Town,England. League Two,bkzx43uwodxey51ivfvbqf37g,Harrogate Town,England,National League,exact_name,100,62.9847230737,3059,auto_confirmed,""
Hartlepool United,England. League Two,47loqs7917u2rbhl1cqdupbre,Hartlepool United,England,National League,exact_name,100,58.4283478974,4451,auto_confirmed,""
Leyton Orient,England. League Two,2fhm98swvvbztf9cy67juhpas,Leyton Orient,England,League One,exact_name,100,73.1094275943,1000,auto_confirmed,""
Mansfield Town,England. League Two,4hcdmgl41o4blqpbeelu56h7y,Mansfield Town,England,League One,exact_name,100,75.8329769555,675,auto_confirmed,""
Milton Keynes Dons,England. League Two,8w89tsles26jm12aoelwvlttt,MK Dons,England,League One,exact_name,100,73.1968751824,986,auto_confirmed,""
Morecambe,England. League Two,8xeuwzxnm7hdlbjjuezgfkz3w,Morecambe,England,National League N / S,exact_name,100,54.5154168942,5788,auto_confirmed,""
Newport County,England. League Two,bewbbriuwh3i7a2zn19e6d0v4,Newport County,Wales,League Two,exact_name,100,65.8217365758,2269,auto_confirmed,""
Northampton Town,England. League Two,761h1nqgu3ogxgvp8ubb71r00,Northampton Town,England,League Two,exact_name,100,68.3733654184,1713,auto_confirmed,""
Notts County,England. League Two,d3mskb8nk3afyi3tn0gt8kwh8,Notts County,England,League One,exact_name,100,73.4633932799,948,auto_confirmed,""
Oldham Athletic,England. League Two,5oj03g835apcc9g551do5vm5e,Oldham Athletic,England,League Two,exact_name,100,69.2899898772,1528,auto_confirmed,""
Port Vale,England. League Two,ejm092fnt9zoxbpuklzd52ji8,Port Vale,England,League Two,exact_name,100,70.1599573662,1390,auto_confirmed,""
Rochdale,England. League Two,dqitrs0w52z0p9f4t07z0aqzw,Rochdale,England,League Two,exact_name,100,64.7120337627,2531,auto_confirmed,""
Rotherham United,England. League Two,6m5s30n9ej0dqfk1hfyrlkhdw,Rotherham United,England,League Two,exact_name,100,70.8404655367,1300,auto_confirmed,""
Salford City,England. League Two,2dakjegmrc2cxx2hqq5wzegt,Salford City,England,League Two,exact_name,100,70.2419245628,1372,auto_confirmed,""
Shrewsbury Town,England. League Two,82kapkjwonlv9j1ui0ytv5sii,Shrewsbury Town,England,League Two,exact_name,100,66.4500455598,2123,auto_confirmed,""
Stevenage,England. League Two,6xhqd6it53k2s5n7veo817ga4,Stevenage,England,League One,exact_name,100,75.9699211322,658,auto_confirmed,""
Stockport County,England. League Two,5adikbrse2tjc3zthxrx8ic2k,Stockport County,England,League One,exact_name,100,78.0974164683,474,auto_confirmed,""
Sutton United,England. League Two,868eewpas8ksqiyprnczkpran,Sutton United,England,National League,exact_name,100,58.1396013115,4552,auto_confirmed,""
Swindon Town,England. League Two,9ws3x82yqn7svjq6onvtunpst,Swindon Town,England,League Two,exact_name,100,68.6853805995,1648,auto_confirmed,""
Tranmere Rovers,England. League Two,9j48z9ohucqbzpneoghrgwevs,Tranmere Rovers,England,League Two,exact_name,100,65.8873852524,2258,auto_confirmed,""
Walsall,England. League Two,1tev1lioyfaxbk2uod5uekzyj,Walsall,England,League Two,exact_name,100,69.5783855371,1490,auto_confirmed,""
Wrexham,England. League Two,206vnsjv8ho5kpf88y0u2gaic,Wrexham,Wales,Championship,exact_name,100,81.9029950788,230,auto_confirmed,""
York City,England. League Two,9y62b5mmv41w75z8jiynbml,York City,England,League Two,exact_name,100,68.0314945083,1771,auto_confirmed,""
Arsenal,England. Premier League,4dsgumo7d4zupm2ugsvm4zm4d,Arsenal,England,Premier League,exact_name,100,100,1,auto_confirmed,""
Aston Villa,England. Premier League,b496gs285it6bheuikox6z9mj,Aston Villa,England,Premier League,exact_name,100,93.6683708356,10,auto_confirmed,""
Bournemouth,England. Premier League,1pse9ta7a45pi2w2grjim70ge,Bournemouth,England,Premier League,exact_name,100,91.9231518891,19,auto_confirmed,""
Brentford,England. Premier League,7yx5dqhhphyvfisohikodajhv,Brentford,England,Premier League,exact_name,100,92.8902724072,13,auto_confirmed,""
Brighton,England. Premier League,e5p0ehyguld7egzhiedpdnc3w,Brighton & Hove Albion,England,Premier League,exact_name,100,94.6907017231,7,auto_confirmed,""
Burnley,England. Premier League,64bxxwu2mv2qqlv0monbkj1om,Burnley,England,Championship,exact_name,100,80.9181045266,285,auto_confirmed,""
Chelsea,England. Premier League,9q0arba2kbnywth8bkxlhgmdr,Chelsea,England,Premier League,exact_name,100,93.4033633309,12,auto_confirmed,""
Coventry City,England. Premier League,dacoc20k0n3fxu4zek8wufmko,Coventry City,England,Premier League,exact_name,100,89.0478461297,42,auto_confirmed,""
Crystal Palace,England. Premier League,1c8m2ko0wxq1asfkuykurdr0y,Crystal Palace,England,Premier League,exact_name,100,90.5334606538,32,auto_confirmed,""
Everton,England. Premier League,ehd2iemqmschhj2ec0vayztzz,Everton,England,Premier League,exact_name,100,92.7043009634,16,auto_confirmed,""
Fulham,England. Premier League,hzqh7z0mdl3v7gwete66syxp,Fulham,England,Premier League,exact_name,100,89.9284782178,34,auto_confirmed,""
Hull City,England. Premier League,f0figafm2v9h8ofo6slajj7xf,Hull City,England,Premier League,exact_name,100,89.8558849517,35,auto_confirmed,""
Ipswich Town,England. Premier League,8b523ujgl21tbc01me65q0aoh,Ipswich Town,England,Premier League,exact_name,100,89.7429967297,37,auto_confirmed,""
Leeds United,England. Premier League,48gk2hpqtsl6p9sx9kjhaydq4,Leeds United,England,Premier League,exact_name,100,92.0342129714,18,auto_confirmed,""
Leicester City,England. Premier League,avxknfz4f6ob0rv9dbnxdzde0,Leicester City,England,League One,exact_name,100,76.5270430575,610,auto_confirmed,""
Liverpool,England. Premier League,c8h9bw1l82s06h77xxrelzhur,Liverpool,England,Premier League,exact_name,100,96.0166095453,5,auto_confirmed,""
Luton Town,England. Premier League,aksa492u5hf93giwcn2zt1nzz,Luton Town,England,League One,exact_name,100,77.3322665545,545,auto_confirmed,""
Manchester City,England. Premier League,a3nyxabgsqlnqfkeg41m6tnpp,Manchester City,England,Premier League,exact_name,100,98.8164963407,3,auto_confirmed,""
Manchester United,England. Premier League,6eqit8ye8aomdsrrq0hk3v7gh,Manchester United,England,Premier League,exact_name,100,94.0412114444,9,auto_confirmed,""
Newcastle United,England. Premier League,7vn2i2kd35zuetw6b38gw9jsz,Newcastle United,England,Premier League,exact_name,100,92.8798638913,14,auto_confirmed,""
Nottingham Forest,England. Premier League,1qtaiy11gswx327s0vkibf70n,Nottingham Forest,England,Premier League,exact_name,100,91.0174866618,27,auto_confirmed,""
Sheffield United,England. Premier League,bws31egwjda253q9lvykgnivo,Sheffield United,England,Championship,exact_name,100,80.6507265393,297,auto_confirmed,""
Southampton,England. Premier League,d5ydtvt96bv7fq04yqm2w2632,Southampton,England,Championship,exact_name,100,85.1628919644,98,auto_confirmed,""
Sunderland,England. Premier League,1r3545b2dzan8yqa80gtmcjch,Sunderland,England,Premier League,exact_name,100,90.7070812059,29,auto_confirmed,""
Tottenham Hotspur,England. Premier League,22doj4sgsocqpxw45h607udje,Tottenham Hotspur,England,Premier League,exact_name,100,91.1994078327,25,auto_confirmed,""
West Ham United,England. Premier League,4txjdaqveermfryvbfrr4taf7,West Ham United,England,Championship,exact_name,100,86.0824218202,73,auto_confirmed,""
Wolverhampton Wanderers,England. Premier League,b9si1jn1lfxfund69e9ogcu2n,Wolverhampton Wanderers,England,Championship,exact_name,100,84.9499220948,109,auto_confirmed,""
Alliance,Estonia. Esiliiga A,"","","","",unmapped,,,,unmapped,""
Elva,Estonia. Esiliiga A,6yjjg08ln02m74hhaajcwlt16,Elva,Estonia,Esiliiga A,exact_name,100,45.5651976393,9971,auto_confirmed,""
FC Tallinn,Estonia. Esiliiga A,8mjemha5zbnxyc4uj46ume8ve,FC Tallinn,Estonia,Esiliiga A,exact_name,100,40.3132922315,11899,auto_confirmed,""
FCI Levadia II,Estonia. Esiliiga A,8hzl2n2jn13936gsh2xd3jpse,FCI Levadia II,Estonia,Esiliiga A,exact_name,100,44.7106303859,10325,auto_confirmed,""
Flora II,Estonia. Esiliiga A,f3j4e19c15qxv43tuyjk508qg,Flora II,Estonia,Esiliiga A,exact_name,100,45.7835494567,9868,auto_confirmed,""
Harju JK,Estonia. Esiliiga A,"","","","",unmapped,,,,unmapped,""
JK Tabasalu,Estonia. Esiliiga A,229vyfw5ekjmyeq5ledwhv32j,JK Tabasalu,Estonia,Esiliiga B,exact_name,100,26.3861365215,14006,auto_confirmed,""
Laagri,Estonia. Esiliiga A,3kt3yl3x165248bz7tonv3t2h,Laagri,Estonia,Premium liiga,exact_name,100,58.9098160848,4281,auto_confirmed,""
Legion,Estonia. Esiliiga A,c9xffml4i7ihblp1qhus9w3fu,Birmingham Legion,USA,USL Championship,exact_name,100,63.7265974784,2852,auto_confirmed,""
Maardu,Estonia. Esiliiga A,9z40dl6dbmay6jow2f3lk0z5f,Maardu,Estonia,Esiliiga A,exact_name,100,44.2916711102,10506,auto_confirmed,""
Nõmme Kalju II,Estonia. Esiliiga A,e2jnxdrqhct8gagcr3dmwky56,Nõmme Kalju II,Estonia,Esiliiga A,exact_name,100,37.8498514992,12520,auto_confirmed,""
Nõmme United,Estonia. Esiliiga A,6hxvdnv0ln4xhvtep8ts8cjia,Nõmme United,Estonia,Premium liiga,exact_name,100,56.7822552402,4996,auto_confirmed,""
Nõmme United U21,Estonia. Esiliiga A,"","","","",unmapped,,,,unmapped,""
Paide II,Estonia. Esiliiga A,"","","","",unmapped,,,,unmapped,""
Tallinna Kalev,Estonia. Esiliiga A,3lo55p57wgjl2ej5f6rksp9gl,Tallinna Kalev,Estonia,Esiliiga A,exact_name,100,44.0004156048,10605,auto_confirmed,""
Tallinna Kalev II,Estonia. Esiliiga A,7k4n7q7crm8glonu6a7sxhunw,Tallinna Kalev II,Estonia,Esiliiga B,exact_name,100,28.7496317719,13807,auto_confirmed,""
Tammeka II,Estonia. Esiliiga A,c2y68ahtw1g98rsvz5i4sqn6u,Tammeka II,Estonia,Esiliiga B,exact_name,100,30.6719476532,13637,auto_confirmed,""
Tartu Welco,Estonia. Esiliiga A,km1s9odogyehlmg05ecd2dfe,Tartu Welco,Estonia,Esiliiga A,exact_name,100,49.5137296326,8137,auto_confirmed,""
Viimsi,Estonia. Esiliiga A,183i8cq11okzj9hubo8g1rvgv,Viimsi,Estonia,Esiliiga A,exact_name,100,48.8614731172,8476,auto_confirmed,""
Ekenäs IF,Finland. Veikkausliiga,5i12r901gcaiem4p10006p1mm,EIF,Finland,Ykkösliiga,exact_name,100,58.8016171888,4323,auto_confirmed,""
Gnistan,Finland. Veikkausliiga,3cbke8cbou2ms925872vk6dwx,Gnistan,Finland,Veikkausliiga,exact_name,100,71.7580770104,1172,auto_confirmed,""
HIFK,Finland. Veikkausliiga,1xelesc1z51f77fb9khaa2kjy,HIFK,Finland,Kakkonen,exact_name,100,45.2372969094,10126,auto_confirmed,""
HJK,Finland. Veikkausliiga,303582z192rnbr2x28o2t7u38,HJK,Finland,Veikkausliiga,exact_name,100,74.1928256172,857,auto_confirmed,""
Haka,Finland. Veikkausliiga,5qxgilg61hlwxzfpdn2nhcayd,Haka,Finland,Ykkösliiga,exact_name,100,63.1822974432,2997,auto_confirmed,""
Honka,Finland. Veikkausliiga,1fq0akvuft4bn80o3uc92r7ee,Honka,Finland,Kakkonen,exact_name,100,54.8141256991,5675,auto_confirmed,""
Ilves,Finland. Veikkausliiga,2rdnn9p03qrmmv34tyx1nahpa,Ilves,Finland,Veikkausliiga,exact_name,100,72.7473562343,1044,auto_confirmed,""
Inter Turku,Finland. Veikkausliiga,8eab5wbcnttsiosd1o8c71gmk,Inter Turku,Finland,Veikkausliiga,exact_name,100,77.5801307998,525,auto_confirmed,""
Jaro,Finland. Veikkausliiga,7efqk7uh63928il0yffxijnv7,Jaro,Finland,Veikkausliiga,exact_name,100,66.1362679437,2199,auto_confirmed,""
KTP,Finland. Veikkausliiga,8sy0cxovuxo76tuoas3uo55xj,KTP,Finland,Ykkösliiga,exact_name,100,65.6925389637,2298,auto_confirmed,""
KuPS,Finland. Veikkausliiga,1c7dv8ays675v9kp6a04sd8pq,KuPS,Finland,Veikkausliiga,exact_name,100,75.2169723344,744,auto_confirmed,""
Lahti,Finland. Veikkausliiga,8hrhwh8rty0eoykwj44ew04ng,Lahti,Finland,Veikkausliiga,exact_name,100,70.5561016147,1325,auto_confirmed,""
Mariehamn,Finland. Veikkausliiga,3ptum5fjcgw51mqui0gu6uuf4,Mariehamn,Finland,Veikkausliiga,exact_name,100,64.9733645979,2474,auto_confirmed,""
Oulu,Finland. Veikkausliiga,cy6zs39z79dcfbr4xzkp38z7q,Oulu,Finland,Veikkausliiga,exact_name,100,68.5016832256,1687,auto_confirmed,""
SJK,Finland. Veikkausliiga,ea3yd0dgq6uy6pupkpn17j5xg,SJK,Finland,Veikkausliiga,exact_name,100,69.9427633342,1427,auto_confirmed,""
TPS,Finland. Veikkausliiga,bzi3odajl7kfbut8jbi7wioa8,TPS,Finland,Veikkausliiga,exact_name,100,68.4434854695,1699,auto_confirmed,""
VPS,Finland. Veikkausliiga,duspptyvnr5kpx2iko5gerhnz,VPS,Finland,Veikkausliiga,exact_name,100,69.9105325607,1433,auto_confirmed,""
Ajaccio,France. Ligue 1,"","","","",unmapped,,,,unmapped,""
Angers SCO,France. Ligue 1,1ll6dzd1q4imz1dh7wldb1ukc,Angers SCO II,France,"",fuzzy_country,86.96,55.3701718675,5484,needs_review,""
Auxerre,France. Ligue 1,9bxav814mkuhueiyivyive82d,Auxerre,France,Ligue 1,exact_name,100,82.7321361817,186,auto_confirmed,""
Brest,France. Ligue 1,3adj8hkws0z1al232bg2h6tk0,Brest,France,Ligue 1,exact_name,100,83.80785551,139,auto_confirmed,""
Clermont,France. Ligue 1,17o35s8assv3kamxowzz77k4r,Clermont,France,Ligue 2,exact_name,100,72.7053729399,1048,auto_confirmed,""
Le Havre,France. Ligue 1,23pqcgxu1tip265hbe01kszbt,Le Havre,France,Ligue 1,exact_name,100,81.5005146564,244,auto_confirmed,""
Le Mans,France. Ligue 1,bj8hrmj01r3zit0x8r6qm2eu2,Le Mans,France,Ligue 1,exact_name,100,81.8782558096,231,auto_confirmed,""
Lens,France. Ligue 1,3xedluek08t2ka7oypwuullcn,Lens,France,Ligue 1,exact_name,100,89.1211565361,39,auto_confirmed,""
Lille,France. Ligue 1,be2k34rut1lz79jxenabttqlc,Lille,France,Ligue 1,exact_name,100,87.74459224,53,auto_confirmed,""
Lorient,France. Ligue 1,70nn27vgkt6l48lvv5e66q7ww,Lorient,France,Ligue 1,exact_name,100,83.8503313214,137,auto_confirmed,""
Metz,France. Ligue 1,2khen2a38l2hkx33s73pehl6o,Metz,France,Ligue 2,exact_name,100,76.0810073789,651,auto_confirmed,""
Monaco,France. Ligue 1,4t4hod56fsj7utpjdor8so5q6,Monaco,France,Ligue 1,exact_name,100,89.5311011962,38,auto_confirmed,""
Montpellier,France. Ligue 1,2cjpmotqo8phcqfpgo9xf4gel,Montpellier,France,Ligue 2,exact_name,100,76.8972163743,577,auto_confirmed,""
Nantes,France. Ligue 1,750ustvk4jfqmo8q4gnrcxy7z,Nantes,France,Ligue 2,exact_name,100,75.915423955,663,auto_confirmed,""
Nice,France. Ligue 1,bx0cdmzr2gwr70ez72dorx82p,Nice,France,Ligue 1,exact_name,100,82.2925178761,208,auto_confirmed,""
Olympique Lyonnais,France. Ligue 1,121le8unjfzug3iu9pgkqa1c7,Olympique Lyonnais,France,Ligue 1,exact_name,100,88.6447759436,48,auto_confirmed,""
Olympique Marseille,France. Ligue 1,27xvwccz8kpmqsefjv2b2sc0o,Olympique Marseille,France,Ligue 1,exact_name,100,85.797518302,80,auto_confirmed,""
PSG,France. Ligue 1,"","","","",unmapped,,,,unmapped,""
Paris,France. Ligue 1,8v00fx2zwhiwm05tqqkt122p5,Paris FC,France,Ligue 1,exact_name,100,85.9161450414,77,auto_confirmed,""
Reims,France. Ligue 1,3c3jcs7vc1t6vz5lev162jyv7,Reims,France,Ligue 2,exact_name,100,78.3528745518,448,auto_confirmed,""
Rennes,France. Ligue 1,z1wbqtd0fz5t5eezjvrbld3h,Rennes,France,Ligue 1,exact_name,100,87.2922967276,58,auto_confirmed,""
Saint-Étienne,France. Ligue 1,2sc9xfhu6tbru9hhlhr4a89zn,Saint-Étienne,France,Ligue 2,exact_name,100,79.155358317,397,auto_confirmed,""
Strasbourg,France. Ligue 1,71ajatxnuhc5cnm3xvgdky49w,Strasbourg,France,Ligue 1,exact_name,100,86.1603385558,71,auto_confirmed,""
Toulouse,France. Ligue 1,4aghw9tyi8ba3ju1ne83gmf9w,Toulouse,France,Ligue 1,exact_name,100,84.8670955692,111,auto_confirmed,""
Troyes,France. Ligue 1,3unkqo2g6ag99gd5ynz1j7vse,Troyes,France,Ligue 1,exact_name,100,81.0244198428,279,auto_confirmed,""
Ajaccio,France. Ligue 2,"","","","",unmapped,,,,unmapped,""
Amiens SC,France. Ligue 2,5191cnvhmuct5kn7yvr0nvd9d,Amiens,France,Ligue 3,exact_name,100,71.7244745985,1174,auto_confirmed,""
Angers SCO,France. Ligue 2,1ll6dzd1q4imz1dh7wldb1ukc,Angers SCO II,France,"",fuzzy_country,86.96,55.3701718675,5484,needs_review,""
Annecy,France. Ligue 2,6sqrk45zcfgwpq97no19o9sk5,Annecy,France,Ligue 2,exact_name,100,76.050267088,656,auto_confirmed,""
Auxerre,France. Ligue 2,9bxav814mkuhueiyivyive82d,Auxerre,France,Ligue 1,exact_name,100,82.7321361817,186,auto_confirmed,""
Bastia,France. Ligue 2,6l07ga27xfsr7485fuc1ilkkc,Bastia,France,Ligue 3,exact_name,100,70.3011210409,1361,auto_confirmed,""
Bordeaux,France. Ligue 2,98dr7jscv8adc8zgi2u403oij,Bordeaux,France,"",exact_name,100,68.287061752,1730,auto_confirmed,""
Boulogne,France. Ligue 2,9az8hqkkijc34ol021425ixg5,Boulogne,France,Ligue 2,exact_name,100,71.9022812097,1150,auto_confirmed,""
Caen,France. Ligue 2,ab80vest6tgco121qtfyphq7c,Caen,France,Ligue 3,exact_name,100,69.9995162765,1420,auto_confirmed,""
Clermont,France. Ligue 2,17o35s8assv3kamxowzz77k4r,Clermont,France,Ligue 2,exact_name,100,72.7053729399,1048,auto_confirmed,""
Concarneau,France. Ligue 2,33u2ehjypfcu7w3s0pul7tmm7,Concarneau,France,Ligue 3,exact_name,100,69.8867094853,1437,auto_confirmed,""
Dijon,France. Ligue 2,79dc2mv3x269nhix3mkhc5wfu,Dijon,France,Ligue 2,exact_name,100,73.8606604034,902,auto_confirmed,""
Dunkerque,France. Ligue 2,15ip1h6m0b4e8xfi597y5uo5u,Dunkerque,France,Ligue 2,exact_name,100,74.2442192413,847,auto_confirmed,""
Grenoble,France. Ligue 2,2ku5qqmv6i842rujioksaatx7,Grenoble,France,Ligue 2,exact_name,100,74.0382877538,879,auto_confirmed,""
Guingamp,France. Ligue 2,e9mmk1w7cem6r4wysgassacef,Guingamp,France,Ligue 2,exact_name,100,74.3047013281,842,auto_confirmed,""
Laval,France. Ligue 2,75gwk94q9jkoh78jk8nlay4xj,Laval,France,Ligue 2,exact_name,100,72.2896932153,1097,auto_confirmed,""
Le Havre,France. Ligue 2,23pqcgxu1tip265hbe01kszbt,Le Havre,France,Ligue 1,exact_name,100,81.5005146564,244,auto_confirmed,""
Le Mans,France. Ligue 2,bj8hrmj01r3zit0x8r6qm2eu2,Le Mans,France,Ligue 1,exact_name,100,81.8782558096,231,auto_confirmed,""
Lorient,France. Ligue 2,70nn27vgkt6l48lvv5e66q7ww,Lorient,France,Ligue 1,exact_name,100,83.8503313214,137,auto_confirmed,""
Martigues,France. Ligue 2,"","","","",unmapped,,,,unmapped,""
Metz,France. Ligue 2,2khen2a38l2hkx33s73pehl6o,Metz,France,Ligue 2,exact_name,100,76.0810073789,651,auto_confirmed,""
Montpellier,France. Ligue 2,2cjpmotqo8phcqfpgo9xf4gel,Montpellier,France,Ligue 2,exact_name,100,76.8972163743,577,auto_confirmed,""
Nancy,France. Ligue 2,69b9aoly33h1gpicvxtfteoug,Nancy,France,Ligue 2,exact_name,100,73.9536718296,893,auto_confirmed,""
Nantes,France. Ligue 2,750ustvk4jfqmo8q4gnrcxy7z,Nantes,France,Ligue 2,exact_name,100,75.915423955,663,auto_confirmed,""
Niort,France. Ligue 2,"","","","",unmapped,,,,unmapped,""
Nîmes,France. Ligue 2,ackp3k0zn4tukl6ejvn3ajnjz,Nîmes,France,National 1,exact_name,100,69.7468658811,1457,auto_confirmed,""
Paris,France. Ligue 2,8v00fx2zwhiwm05tqqkt122p5,Paris FC,France,Ligue 1,exact_name,100,85.9161450414,77,auto_confirmed,""
Pau,France. Ligue 2,25s5qx846iw05y8t9pinrbhh1,Pau,France,Ligue 2,exact_name,100,74.0347912939,880,auto_confirmed,""
Quevilly Rouen,France. Ligue 2,"","","","",unmapped,,,,unmapped,""
Red Star,France. Ligue 2,7qdfg7vuzf70wurnpx0bawlqk,Red Star,France,Ligue 2,exact_name,100,77.1671249858,557,auto_confirmed,""
Reims,France. Ligue 2,3c3jcs7vc1t6vz5lev162jyv7,Reims,France,Ligue 2,exact_name,100,78.3528745518,448,auto_confirmed,""
Rodez,France. Ligue 2,2u30h0xpbfzv0byj4j7d8c4ug,Rodez,France,Ligue 2,exact_name,100,75.7921016671,681,auto_confirmed,""
Saint-Étienne,France. Ligue 2,2sc9xfhu6tbru9hhlhr4a89zn,Saint-Étienne,France,Ligue 2,exact_name,100,79.155358317,397,auto_confirmed,""
Sochaux,France. Ligue 2,d9kwaceoj54pfprd6oc2hwae6,Sochaux,France,Ligue 2,exact_name,100,73.4287687952,957,auto_confirmed,""
Troyes,France. Ligue 2,3unkqo2g6ag99gd5ynz1j7vse,Troyes,France,Ligue 1,exact_name,100,81.0244198428,279,auto_confirmed,""
Valenciennes,France. Ligue 2,g8cvbv4wrvq7uf4347yjkd35,Valenciennes,France,Ligue 3,exact_name,100,68.4298122546,1702,auto_confirmed,""
Amiens SC,France. Ligue 3,5191cnvhmuct5kn7yvr0nvd9d,Amiens,France,Ligue 3,exact_name,100,71.7244745985,1174,auto_confirmed,""
Aubagne,France. Ligue 3,"","","","",unmapped,,,,unmapped,""
Bastia,France. Ligue 3,6l07ga27xfsr7485fuc1ilkkc,Bastia,France,Ligue 3,exact_name,100,70.3011210409,1361,auto_confirmed,""
Bourg-en-Bresse,France. Ligue 3,"","","","",unmapped,,,,unmapped,""
Caen,France. Ligue 3,ab80vest6tgco121qtfyphq7c,Caen,France,Ligue 3,exact_name,100,69.9995162765,1420,auto_confirmed,""
Cannes,France. Ligue 3,fjsypg20bhoa80ro1h2086rc,Cannes,France,Ligue 3,exact_name,100,70.2899123724,1365,auto_confirmed,""
Concarneau,France. Ligue 3,33u2ehjypfcu7w3s0pul7tmm7,Concarneau,France,Ligue 3,exact_name,100,69.8867094853,1437,auto_confirmed,""
Fleury 91 FC,France. Ligue 3,1z48unyzdkaoulghr9kkgt1g0,Fleury,France,Ligue 3,exact_name,100,70.5385902306,1327,auto_confirmed,""
La Roche-sur-Yon Vendée Football,France. Ligue 3,"","","","",unmapped,,,,unmapped,""
Le Puy-en-Velay,France. Ligue 3,"","","","",unmapped,,,,unmapped,""
Orléans,France. Ligue 3,d79cmam5svw9j2mplbu9kut7p,Orléans,France,Ligue 3,exact_name,100,69.7010200182,1469,auto_confirmed,""
Paris 13 Atletico,France. Ligue 3,f0ticxo5bjjif0gb54ewfdppm,Paris 13 Atletico,France,Ligue 3,exact_name,100,66.2956200561,2166,auto_confirmed,""
Quevilly Rouen,France. Ligue 3,"","","","",unmapped,,,,unmapped,""
Rouen,France. Ligue 3,b97a5km6rb42fv858volubsi6,Rouen,France,Ligue 3,exact_name,100,73.7445653038,917,auto_confirmed,""
Thionville Lusitanos,France. Ligue 3,9i961vvra5pvahu0hxjj7kqhg,Thionville Lusitanos,France,Ligue 3,exact_name,100,68.5097466353,1684,auto_confirmed,""
Valenciennes,France. Ligue 3,g8cvbv4wrvq7uf4347yjkd35,Valenciennes,France,Ligue 3,exact_name,100,68.4298122546,1702,auto_confirmed,""
Versailles,France. Ligue 3,dse1eu8y1o3t00rlbxpgo084c,Versailles,France,Ligue 3,exact_name,100,71.0785725236,1272,auto_confirmed,""
Villefranche,France. Ligue 3,36bxy6avfw3xp8ocj9frad4b7,Villefranche,France,Ligue 3,exact_name,100,66.3380883111,2149,auto_confirmed,""
Aubagne,France. National 1,"","","","",unmapped,,,,unmapped,""
Avranches,France. National 1,d7diopos8sjksapsgz29cvz7v,Avranches,France,National 1,exact_name,100,64.3434563212,2656,auto_confirmed,""
Bastia-Borgo,France. National 1,"","","","",unmapped,,,,unmapped,""
Boulogne,France. National 1,9az8hqkkijc34ol021425ixg5,Boulogne,France,Ligue 2,exact_name,100,71.9022812097,1150,auto_confirmed,""
Bourg en Bresse 01,France. National 1,"","","","",unmapped,,,,unmapped,""
Bourg-en-Bresse,France. National 1,"","","","",unmapped,,,,unmapped,""
Caen,France. National 1,ab80vest6tgco121qtfyphq7c,Caen,France,Ligue 3,exact_name,100,69.9995162765,1420,auto_confirmed,""
Cholet,France. National 1,"","","","",unmapped,,,,unmapped,""
Châteauroux,France. National 1,67igj3fctu1kt6ntkrwpdt72i,Châteauroux,France,National 1,exact_name,100,63.8884079636,2805,auto_confirmed,""
Concarneau,France. National 1,33u2ehjypfcu7w3s0pul7tmm7,Concarneau,France,Ligue 3,exact_name,100,69.8867094853,1437,auto_confirmed,""
Dijon,France. National 1,79dc2mv3x269nhix3mkhc5wfu,Dijon,France,Ligue 2,exact_name,100,73.8606604034,902,auto_confirmed,""
Dunkerque,France. National 1,15ip1h6m0b4e8xfi597y5uo5u,Dunkerque,France,Ligue 2,exact_name,100,74.2442192413,847,auto_confirmed,""
Fleury 91 FC,France. National 1,1z48unyzdkaoulghr9kkgt1g0,Fleury,France,Ligue 3,exact_name,100,70.5385902306,1327,auto_confirmed,""
GOAL FC,France. National 1,xbk3b4z3pxeds339u8vxv4jd,GOAL,France,National 1,exact_name,100,64.6462913521,2550,auto_confirmed,""
Le Mans,France. National 1,bj8hrmj01r3zit0x8r6qm2eu2,Le Mans,France,Ligue 1,exact_name,100,81.8782558096,231,auto_confirmed,""
Le Puy F.43 Auvergne,France. National 1,"","","","",unmapped,,,,unmapped,""
Marignane Gignac CB,France. National 1,"","","","",unmapped,,,,unmapped,""
Martigues,France. National 1,"","","","",unmapped,,,,unmapped,""
Nancy,France. National 1,69b9aoly33h1gpicvxtfteoug,Nancy,France,Ligue 2,exact_name,100,73.9536718296,893,auto_confirmed,""
Niort,France. National 1,"","","","",unmapped,,,,unmapped,""
Nîmes,France. National 1,ackp3k0zn4tukl6ejvn3ajnjz,Nîmes,France,National 1,exact_name,100,69.7468658811,1457,auto_confirmed,""
Orléans,France. National 1,d79cmam5svw9j2mplbu9kut7p,Orléans,France,Ligue 3,exact_name,100,69.7010200182,1469,auto_confirmed,""
Paris 13 Atletico,France. National 1,f0ticxo5bjjif0gb54ewfdppm,Paris 13 Atletico,France,Ligue 3,exact_name,100,66.2956200561,2166,auto_confirmed,""
Quevilly Rouen,France. National 1,"","","","",unmapped,,,,unmapped,""
Red Star,France. National 1,7qdfg7vuzf70wurnpx0bawlqk,Red Star,France,Ligue 2,exact_name,100,77.1671249858,557,auto_confirmed,""
Rouen,France. National 1,b97a5km6rb42fv858volubsi6,Rouen,France,Ligue 3,exact_name,100,73.7445653038,917,auto_confirmed,""
Sedan,France. National 1,"","","","",unmapped,,,,unmapped,""
Sochaux,France. National 1,d9kwaceoj54pfprd6oc2hwae6,Sochaux,France,Ligue 2,exact_name,100,73.4287687952,957,auto_confirmed,""
Stade Briochin,France. National 1,rv0okxl2zv1ow3me605xl8b5,Stade Briochin,France,National 1,exact_name,100,65.6643986961,2302,auto_confirmed,""
Valenciennes,France. National 1,g8cvbv4wrvq7uf4347yjkd35,Valenciennes,France,Ligue 3,exact_name,100,68.4298122546,1702,auto_confirmed,""
Versailles,France. National 1,dse1eu8y1o3t00rlbxpgo084c,Versailles,France,Ligue 3,exact_name,100,71.0785725236,1272,auto_confirmed,""
Villefranche,France. National 1,36bxy6avfw3xp8ocj9frad4b7,Villefranche,France,Ligue 3,exact_name,100,66.3380883111,2149,auto_confirmed,""
Épinal,France. National 1,6jsbx4p2eew3o62qvp1jh7s4b,Épinal,France,National 1,exact_name,100,61.0789873729,3596,auto_confirmed,""
Dila,Georgia. Erovnuli Liga,2udrm008c4g48fy6s25m1zfd9,Dila,Georgia,Erovnuli Liga,exact_name,100,70.2895621005,1366,auto_confirmed,""
Dinamo Batumi,Georgia. Erovnuli Liga,bbb0s2q6j68oq0qhe7qsdgwq5,Dinamo Batumi,Georgia,Erovnuli Liga,exact_name,100,69.3930181077,1514,auto_confirmed,""
Dinamo Tbilisi,Georgia. Erovnuli Liga,9h0xr6fy0ngrq5f8gjiredk5j,Dinamo Tbilisi,Georgia,Erovnuli Liga,exact_name,100,69.9448653234,1426,auto_confirmed,""
Gagra,Georgia. Erovnuli Liga,b8p0qo1r0q779fpuj7ebuc8ly,Gagra,Georgia,Erovnuli Liga,exact_name,100,65.3150769096,2396,auto_confirmed,""
Gareji,Georgia. Erovnuli Liga,7g0b40376n8524jxcr4u948gl,Gareji,Georgia,Erovnuli Liga 2,exact_name,100,58.1452251215,4551,auto_confirmed,""
Iberia 1999,Georgia. Erovnuli Liga,8sdwl1q76c1wmj5pj0hz2w8cz,Iberia 1999,Georgia,Erovnuli Liga,exact_name,100,71.4101257325,1219,auto_confirmed,""
Kolkheti Poti,Georgia. Erovnuli Liga,e8dj27u0nr3vumq0zf0utjwbh,Kolkheti Poti,Georgia,Erovnuli Liga 2,exact_name,100,55.2228117582,5529,auto_confirmed,""
Lokomotivi Tbilisi,Georgia. Erovnuli Liga,77kehp9h0rhb78vgh39jf92o7,Lokomotivi Tbilisi,Georgia,Liga 3,exact_name,100,45.4033654346,10039,auto_confirmed,""
Meshakhte,Georgia. Erovnuli Liga,9yorkn9g6g1bsje9c8i3r98oy,Meshakhte,Georgia,Erovnuli Liga,exact_name,100,62.524745887,3178,auto_confirmed,""
Rustavi,Georgia. Erovnuli Liga,cz6gs83k24vxgy4ka0xmolotl,Rustavi,Georgia,Erovnuli Liga,exact_name,100,68.4203461273,1704,auto_confirmed,""
Saburtalo,Georgia. Erovnuli Liga,"","","","",unmapped,,,,unmapped,""
Samgurali,Georgia. Erovnuli Liga,agybhfkt24udg4b121bsjsq3k,Samgurali,Georgia,Erovnuli Liga,exact_name,100,65.1721482892,2431,auto_confirmed,""
Samtredia,Georgia. Erovnuli Liga,3lxaq08k1dux2vedeu8fr6lkk,Samtredia,Georgia,Erovnuli Liga 2,exact_name,100,57.9555211822,4618,auto_confirmed,""
Shukura,Georgia. Erovnuli Liga,"","","","",unmapped,,,,unmapped,""
Sioni,Georgia. Erovnuli Liga,5f7rd9tw0muqvlm3fzeifno4d,Sioni,Georgia,Erovnuli Liga 2,exact_name,100,55.6685232513,5374,auto_confirmed,""
Spaeri,Georgia. Erovnuli Liga,oi708995c54gdqni76i7omi,Spaeri,Georgia,Erovnuli Liga,exact_name,100,64.0666281137,2745,auto_confirmed,""
Telavi,Georgia. Erovnuli Liga,4koqte3bryieawelu9s9ivr3d,Telavi,Georgia,Erovnuli Liga 2,exact_name,100,57.5622921167,4753,auto_confirmed,""
Torpedo Kutaisi,Georgia. Erovnuli Liga,2uml5k81v2tv5i7noj5mozguj,Torpedo Kutaisi,Georgia,Erovnuli Liga,exact_name,100,69.2433801304,1536,auto_confirmed,""
Arminia Bielefeld,Germany. 2. Bundesliga,bdlavlqj0dshxnepyfanzwu47,Arminia Bielefeld,Germany,2. Bundesliga,exact_name,100,76.4980551998,614,auto_confirmed,""
Bochum,Germany. 2. Bundesliga,eq1oq6y61xnzq88zu0cnw131z,Bochum,Germany,2. Bundesliga,exact_name,100,77.6796179659,512,auto_confirmed,""
Darmstadt 98,Germany. 2. Bundesliga,1y7e48j8swyafegsucvewse5a,Darmstadt 98,Germany,2. Bundesliga,exact_name,100,76.2064093797,642,auto_confirmed,""
Dynamo Dresden,Germany. 2. Bundesliga,97lyl18hz6apklot7hbz4h446,Dynamo Dresden,Germany,2. Bundesliga,exact_name,100,75.8532396387,669,auto_confirmed,""
Eintracht Braunschweig,Germany. 2. Bundesliga,kxpw3rqn4ukt7nqmtjj62lbn,Eintracht Braunschweig,Germany,2. Bundesliga,exact_name,100,74.6395946734,798,auto_confirmed,""
Elversberg,Germany. 2. Bundesliga,cig09m7g3wx983agnqgovggoh,Elversberg,Germany,Bundesliga,exact_name,100,84.1382422975,129,auto_confirmed,""
Energie Cottbus,Germany. 2. Bundesliga,9oqny7is99a388pcuflckc9fa,Energie Cottbus,Germany,2. Bundesliga,exact_name,100,76.7400748057,591,auto_confirmed,""
Fortuna Düsseldorf,Germany. 2. Bundesliga,8cf22o379ziez932kkzoi1d8q,Fortuna Düsseldorf,Germany,3. Liga,exact_name,100,73.4522015887,952,auto_confirmed,""
Greuther Fürth,Germany. 2. Bundesliga,9dlxuym0eab00j9ggrdr87soj,Greuther Fürth,Germany,2. Bundesliga,exact_name,100,75.3354347288,728,auto_confirmed,""
Hamburger SV,Germany. 2. Bundesliga,75xi6hloabmnjn2kzgj1g8h1s,Hamburger SV,Germany,Bundesliga,exact_name,100,82.5335863057,192,auto_confirmed,""
Hannover 96,Germany. 2. Bundesliga,5lidfwkteyu9dj9ysmdq2v4tk,Hannover 96,Germany,2. Bundesliga,exact_name,100,79.8829354539,339,auto_confirmed,""
Hansa Rostock,Germany. 2. Bundesliga,32yd2iyyibspuyakdizwy8g3n,Hansa Rostock,Germany,3. Liga,exact_name,100,74.552904907,809,auto_confirmed,""
Heidenheim,Germany. 2. Bundesliga,3xcg7xikgrn2x8oa65sopb2is,Heidenheim,Germany,2. Bundesliga,exact_name,100,78.8818474495,417,auto_confirmed,""
Hertha BSC,Germany. 2. Bundesliga,f0w62l8zql3tukxsy8fqwp72x,Hertha BSC,Germany,2. Bundesliga,exact_name,100,80.9637684107,281,auto_confirmed,""
Holstein Kiel,Germany. 2. Bundesliga,6zwg0wxjie31da2i4wwh2h4ho,Holstein Kiel,Germany,2. Bundesliga,exact_name,100,76.4313467708,619,auto_confirmed,""
Jahn Regensburg,Germany. 2. Bundesliga,d4p104ikzzt5hfwdzppbmp7e0,Jahn Regensburg,Germany,3. Liga,exact_name,100,70.6002296379,1317,auto_confirmed,""
Kaiserslautern,Germany. 2. Bundesliga,dmw05a03pgt48fnf9ikxs6i1o,Kaiserslautern,Germany,2. Bundesliga,exact_name,100,77.961998125,486,auto_confirmed,""
Karlsruher SC,Germany. 2. Bundesliga,aojwbjr39s1w2mcd9l2bf2dhk,Karlsruher SC,Germany,2. Bundesliga,exact_name,100,75.236192332,741,auto_confirmed,""
Köln,Germany. 2. Bundesliga,8q1ul09cygzswb7tb456bmifv,Köln,Germany,Bundesliga,exact_name,100,82.9832610752,177,auto_confirmed,""
Magdeburg,Germany. 2. Bundesliga,7tsc39uwtnq238hrx6d9zi3xy,Magdeburg,Germany,2. Bundesliga,exact_name,100,77.6604190283,517,auto_confirmed,""
Nürnberg,Germany. 2. Bundesliga,c8rdmlwqz77xe8yzv3r881dz3,Nürnberg,Germany,2. Bundesliga,exact_name,100,79.7964473036,348,auto_confirmed,""
Osnabrück,Germany. 2. Bundesliga,8xvajtyria7w2ejfn2ilwq28i,Osnabrück,Germany,2. Bundesliga,exact_name,100,76.1194321433,648,auto_confirmed,""
Paderborn,Germany. 2. Bundesliga,62ljqd4za2a6svd9wgctg8b53,Paderborn,Germany,Bundesliga,exact_name,100,83.2448074307,163,auto_confirmed,""
Preußen Münster,Germany. 2. Bundesliga,cxs2i7zp6sgr6m46syqdww93y,Preußen Münster,Germany,3. Liga,exact_name,100,72.6710859638,1053,auto_confirmed,""
Sandhausen,Germany. 2. Bundesliga,884uzyf1wosc7ykji6e18gifp,Sandhausen,Germany,Regionalliga,exact_name,100,63.7626436853,2841,auto_confirmed,""
Schalke 04,Germany. 2. Bundesliga,cz4a6wmzx2obyisadhgaccx7b,Schalke 04,Germany,Bundesliga,exact_name,100,83.456531483,153,auto_confirmed,""
St. Pauli,Germany. 2. Bundesliga,85jtaw5dcxxx1yp8te6axh3p8,St. Pauli,Germany,2. Bundesliga,exact_name,100,77.4150073606,537,auto_confirmed,""
Ulm,Germany. 2. Bundesliga,6jg331h22e39cb5xt1rpo2kgw,Ulm,Germany,Regionalliga,exact_name,100,63.6529860823,2874,auto_confirmed,""
Wehen Wiesbaden,Germany. 2. Bundesliga,3uen3s9ki7hwcg867jcmimjgq,Wehen Wiesbaden,Germany,3. Liga,exact_name,100,69.8758488727,1439,auto_confirmed,""
Wolfsburg,Germany. 2. Bundesliga,a8l3w3n0j99qjlsxj3jnmgkz1,Wolfsburg,Germany,2. Bundesliga,exact_name,100,79.3510522336,377,auto_confirmed,""
1860 München,Germany. 3. Liga,1e25o4gxxxnibjh9lgr9ykdfe,1860 München,Germany,Regionalliga,exact_name,100,68.0616516607,1768,auto_confirmed,""
Alemannia Aachen,Germany. 3. Liga,ec35ufnr4z8eagfw1aqb0m4bj,Alemannia Aachen,Germany,3. Liga,exact_name,100,74.0893354225,872,auto_confirmed,""
Arminia Bielefeld,Germany. 3. Liga,bdlavlqj0dshxnepyfanzwu47,Arminia Bielefeld,Germany,2. Bundesliga,exact_name,100,76.4980551998,614,auto_confirmed,""
Bayreuth,Germany. 3. Liga,96tu180603rlu7dkd4nvevn4j,Bayreuth,Germany,Regionalliga,exact_name,100,60.8917752232,3660,auto_confirmed,""
Borussia Dortmund II,Germany. 3. Liga,25j61j3nddighxngqktjlmt8n,Borussia Dortmund II,Germany,Regionalliga,exact_name,100,67.8586079485,1814,auto_confirmed,""
Dynamo Dresden,Germany. 3. Liga,97lyl18hz6apklot7hbz4h446,Dynamo Dresden,Germany,2. Bundesliga,exact_name,100,75.8532396387,669,auto_confirmed,""
Elversberg,Germany. 3. Liga,cig09m7g3wx983agnqgovggoh,Elversberg,Germany,Bundesliga,exact_name,100,84.1382422975,129,auto_confirmed,""
Energie Cottbus,Germany. 3. Liga,9oqny7is99a388pcuflckc9fa,Energie Cottbus,Germany,2. Bundesliga,exact_name,100,76.7400748057,591,auto_confirmed,""
Erzgebirge Aue,Germany. 3. Liga,m5tpogrj0txk7qjdbb57wba,Erzgebirge Aue,Germany,Regionalliga,exact_name,100,67.7772442969,1826,auto_confirmed,""
Fortuna Düsseldorf,Germany. 3. Liga,8cf22o379ziez932kkzoi1d8q,Fortuna Düsseldorf,Germany,3. Liga,exact_name,100,73.4522015887,952,auto_confirmed,""
Fortuna Köln,Germany. 3. Liga,bgt6ymfxaqp0k2wnqvp03jhnr,Fortuna Köln,Germany,3. Liga,exact_name,100,68.8890404732,1603,auto_confirmed,""
Freiburg II,Germany. 3. Liga,18h8cv3vojd4f9z7k1zmuaupq,Freiburg II,Germany,Regionalliga,exact_name,100,64.6344002114,2552,auto_confirmed,""
Hallescher FC,Germany. 3. Liga,18a3r3xjq2heoy0u127k92ab5,Hallescher FC,Germany,Regionalliga,exact_name,100,69.8856584609,1438,auto_confirmed,""
Hannover 96 II,Germany. 3. Liga,76srs3o1mg7m0ky71cdqq86q3,Hannover 96 II,Germany,Regionalliga,exact_name,100,67.3595008631,1911,auto_confirmed,""
Hansa Rostock,Germany. 3. Liga,32yd2iyyibspuyakdizwy8g3n,Hansa Rostock,Germany,3. Liga,exact_name,100,74.552904907,809,auto_confirmed,""
Havelse,Germany. 3. Liga,acosbwycf9f9q11i1ozwo7a1q,Havelse,Germany,3. Liga,exact_name,100,66.9557022114,2005,auto_confirmed,""
Hoffenheim II,Germany. 3. Liga,b9b7wdgsx5lvie7f43kng1g5y,Hoffenheim II,Germany,3. Liga,exact_name,100,70.2709976043,1368,auto_confirmed,""
Ingolstadt,Germany. 3. Liga,auoply899efk4rs1a0ew6v9jq,Ingolstadt,Germany,3. Liga,exact_name,100,71.3092999706,1237,auto_confirmed,""
Jahn Regensburg,Germany. 3. Liga,d4p104ikzzt5hfwdzppbmp7e0,Jahn Regensburg,Germany,3. Liga,exact_name,100,70.6002296379,1317,auto_confirmed,""
Lübeck,Germany. 3. Liga,6q4i97a83mdiurw6x83jxq3d3,Lübeck,Germany,Regionalliga,exact_name,100,63.0627604032,3035,auto_confirmed,""
MSV Duisburg,Germany. 3. Liga,1i4jphpy8mkxvkx3e3n6s4mm4,MSV Duisburg,Germany,3. Liga,exact_name,100,76.0694798198,653,auto_confirmed,""
Meppen,Germany. 3. Liga,19qtgsgkohb1oito15hwruc12,Meppen,Germany,3. Liga,exact_name,100,69.5636688981,1492,auto_confirmed,""
Osnabrück,Germany. 3. Liga,8xvajtyria7w2ejfn2ilwq28i,Osnabrück,Germany,2. Bundesliga,exact_name,100,76.1194321433,648,auto_confirmed,""
Preußen Münster,Germany. 3. Liga,cxs2i7zp6sgr6m46syqdww93y,Preußen Münster,Germany,3. Liga,exact_name,100,72.6710859638,1053,auto_confirmed,""
Rot-Weiss Essen,Germany. 3. Liga,rqebmse0wxmnyrtifkz5nqb6,Rot-Weiss Essen,Germany,3. Liga,exact_name,100,74.2131035197,850,auto_confirmed,""
Saarbrücken,Germany. 3. Liga,phapxbb6gx2vjn09uozt2et6,Saarbrücken,Germany,3. Liga,exact_name,100,72.9257759394,1028,auto_confirmed,""
Sandhausen,Germany. 3. Liga,884uzyf1wosc7ykji6e18gifp,Sandhausen,Germany,Regionalliga,exact_name,100,63.7626436853,2841,auto_confirmed,""
Schweinfurt,Germany. 3. Liga,e988fiwnegci3kpusq5wt7yb1,Schweinfurt,Germany,Regionalliga,exact_name,100,63.7447193334,2845,auto_confirmed,""
Sonnenhof Großaspach,Germany. 3. Liga,8se3drutnyux7sv6f5z79a4yp,Sonnenhof Großaspach,Germany,3. Liga,exact_name,100,68.8820301525,1605,auto_confirmed,""
Stuttgart II,Germany. 3. Liga,92vh2szunw2i3qmcxzgppzvet,Stuttgart II,Germany,3. Liga,exact_name,100,68.6958971103,1646,auto_confirmed,""
Ulm,Germany. 3. Liga,6jg331h22e39cb5xt1rpo2kgw,Ulm,Germany,Regionalliga,exact_name,100,63.6529860823,2874,auto_confirmed,""
Unterhaching,Germany. 3. Liga,9hf3qhwxy4k0908nw0xo8rj32,Unterhaching,Germany,Regionalliga,exact_name,100,69.3075120583,1526,auto_confirmed,""
Verl,Germany. 3. Liga,3qheqndokbtwr4smt85w4fr82,Verl,Germany,3. Liga,exact_name,100,72.476899207,1079,auto_confirmed,""
VfB Oldenburg,Germany. 3. Liga,b1p4sg1dtinfs0hhl6zyvcasn,VfB Oldenburg,Germany,Regionalliga,exact_name,100,69.8145378693,1446,auto_confirmed,""
Viktoria Köln,Germany. 3. Liga,dcwu77dqmh2v2qzqlf9sl1cuj,Viktoria Köln,Germany,3. Liga,exact_name,100,73.4298180302,956,auto_confirmed,""
Waldhof Mannheim,Germany. 3. Liga,c4avukfubmikbchq9an2ulrik,Waldhof Mannheim,Germany,3. Liga,exact_name,100,70.5039172476,1332,auto_confirmed,""
Wehen Wiesbaden,Germany. 3. Liga,3uen3s9ki7hwcg867jcmimjgq,Wehen Wiesbaden,Germany,3. Liga,exact_name,100,69.8758488727,1439,auto_confirmed,""
Würzburger Kickers,Germany. 3. Liga,2r8iavmgjceyjzntsl8vnzw7j,Würzburger Kickers,Germany,3. Liga,exact_name,100,69.8103336182,1448,auto_confirmed,""
Zwickau,Germany. 3. Liga,d3yqh4rbam9qi5p1k0j6mcmhy,Zwickau,Germany,Regionalliga,exact_name,100,65.7676712549,2281,auto_confirmed,""
Augsburg,Germany. Bundesliga,ex3psl8e3ajeypwjy4xfltpx6,Augsburg,Germany,Bundesliga,exact_name,100,85.2415331119,95,auto_confirmed,""
Bayer Leverkusen,Germany. Bundesliga,7ad69ngbpjuyzv96drf8d9sn2,Bayer 04 Leverkusen,Germany,Bundesliga,fuzzy_country,91.43,91.0452616837,26,needs_review,""
Bayern München,Germany. Bundesliga,apoawtpvac4zqlancmvw4nk4o,Bayern München,Germany,Bundesliga,exact_name,100,99.3364796393,2,auto_confirmed,""
Bochum,Germany. Bundesliga,eq1oq6y61xnzq88zu0cnw131z,Bochum,Germany,2. Bundesliga,exact_name,100,77.6796179659,512,auto_confirmed,""
Borussia Dortmund,Germany. Bundesliga,dt4pinj0vw0t0cvz7za6mhmzy,Borussia Dortmund,Germany,Bundesliga,exact_name,100,92.8132484534,15,auto_confirmed,""
Borussia M'gladbach,Germany. Bundesliga,go76xxm0xyfgqt1h6tcrtimm,Borussia M'gladbach,Germany,Bundesliga,exact_name,100,83.0327167337,176,auto_confirmed,""
Darmstadt 98,Germany. Bundesliga,1y7e48j8swyafegsucvewse5a,Darmstadt 98,Germany,2. Bundesliga,exact_name,100,76.2064093797,642,auto_confirmed,""
Eintracht Frankfurt,Germany. Bundesliga,c5hderjlkcoaze51e5wgvptk,Eintracht Frankfurt,Germany,Bundesliga,exact_name,100,85.339309146,92,auto_confirmed,""
Elversberg,Germany. Bundesliga,cig09m7g3wx983agnqgovggoh,Elversberg,Germany,Bundesliga,exact_name,100,84.1382422975,129,auto_confirmed,""
Freiburg,Germany. Bundesliga,6k5zscdm9ufw0tguvzyjlp5hq,Freiburg,Germany,Bundesliga,exact_name,100,88.8386743572,46,auto_confirmed,""
Hamburger SV,Germany. Bundesliga,75xi6hloabmnjn2kzgj1g8h1s,Hamburger SV,Germany,Bundesliga,exact_name,100,82.5335863057,192,auto_confirmed,""
Heidenheim,Germany. Bundesliga,3xcg7xikgrn2x8oa65sopb2is,Heidenheim,Germany,2. Bundesliga,exact_name,100,78.8818474495,417,auto_confirmed,""
Hertha BSC,Germany. Bundesliga,f0w62l8zql3tukxsy8fqwp72x,Hertha BSC,Germany,2. Bundesliga,exact_name,100,80.9637684107,281,auto_confirmed,""
Hoffenheim,Germany. Bundesliga,4l9mrqzmajz5crzlz50mtbt6x,Hoffenheim,Germany,Bundesliga,exact_name,100,86.1899045464,70,auto_confirmed,""
Holstein Kiel,Germany. Bundesliga,6zwg0wxjie31da2i4wwh2h4ho,Holstein Kiel,Germany,2. Bundesliga,exact_name,100,76.4313467708,619,auto_confirmed,""
Köln,Germany. Bundesliga,8q1ul09cygzswb7tb456bmifv,Köln,Germany,Bundesliga,exact_name,100,82.9832610752,177,auto_confirmed,""
Mainz 05,Germany. Bundesliga,1c7qokc1j5z50cjj4tcu32haa,Mainz 05,Germany,Bundesliga,exact_name,100,86.834009837,60,auto_confirmed,""
Paderborn,Germany. Bundesliga,62ljqd4za2a6svd9wgctg8b53,Paderborn,Germany,Bundesliga,exact_name,100,83.2448074307,163,auto_confirmed,""
RB Leipzig,Germany. Bundesliga,9gefq4dz9b2hl8rqrxwrlrzmp,RB Leipzig,Germany,Bundesliga,exact_name,100,88.5961253358,49,auto_confirmed,""
Schalke 04,Germany. Bundesliga,cz4a6wmzx2obyisadhgaccx7b,Schalke 04,Germany,Bundesliga,exact_name,100,83.456531483,153,auto_confirmed,""
St. Pauli,Germany. Bundesliga,85jtaw5dcxxx1yp8te6axh3p8,St. Pauli,Germany,2. Bundesliga,exact_name,100,77.4150073606,537,auto_confirmed,""
Stuttgart,Germany. Bundesliga,3dwlvz6cl4lcavvrg0y2dycrt,Stuttgart,Germany,Bundesliga,exact_name,100,89.0495833668,41,auto_confirmed,""
Union Berlin,Germany. Bundesliga,a8d2gb2nag8fy0itbuxmcibh2,Union Berlin,Germany,Bundesliga,exact_name,100,83.2120721397,167,auto_confirmed,""
Werder Bremen,Germany. Bundesliga,cu0eztmjcsbydyp53aleznorw,Werder Bremen,Germany,Bundesliga,exact_name,100,84.1782756235,127,auto_confirmed,""
Wolfsburg,Germany. Bundesliga,a8l3w3n0j99qjlsxj3jnmgkz1,Wolfsburg,Germany,2. Bundesliga,exact_name,100,79.3510522336,377,auto_confirmed,""
AEK Athens,Greece. Stoiximan Super League,7ruua9q5rtswwi5d6xtquuto5,AEK Athens,Greece,Super League 1,exact_name,100,86.916424081,59,auto_confirmed,""
Aris,Greece. Stoiximan Super League,90z9l1k46z46ep9oupipgganh,Aris,Greece,Super League 1,exact_name,100,79.0084898,406,auto_confirmed,""
Asteras Tripolis,Greece. Stoiximan Super League,c53eublb5ds9v1rlscm8x39pq,Asteras Tripolis,Greece,Super League 1,exact_name,100,74.373222342,830,auto_confirmed,""
Athens Kallithea,Greece. Stoiximan Super League,6k2e9m32yn23o0fn4kzg9jemf,Athens Kallithea,Greece,Super League 2,exact_name,100,63.4755342098,2922,auto_confirmed,""
Atromitos,Greece. Stoiximan Super League,4gex5os8jassavy6lopipbcz3,Atromitos,Greece,Super League 1,exact_name,100,75.8389160371,672,auto_confirmed,""
Ionikos,Greece. Stoiximan Super League,gafj2w5j6j5u1k05xdgi3yqp,Ionikos,Greece,Gamma Ethniki,exact_name,100,49.6205045309,8088,auto_confirmed,""
Iraklis 1908,Greece. Stoiximan Super League,ab4q2bo4gqoamuoco75ps4c2c,Iraklis 1908,Greece,Super League 1,exact_name,100,74.0445813674,877,auto_confirmed,""
Kalamata,Greece. Stoiximan Super League,bbcekwfqk3v5b5howjz99gqaz,Kalamata,Greece,Super League 1,exact_name,100,73.3371336101,970,auto_confirmed,""
Kifissia,Greece. Stoiximan Super League,8vht8t1pm8z9gkkeuzxtkfatn,Kifisia,Greece,Super League 1,fuzzy_country,93.33,75.3375313507,727,needs_review,""
Lamia,Greece. Stoiximan Super League,8f2ud0np10grf6a1ke620ma4s,Lamia,Greece,Gamma Ethniki,exact_name,100,49.5056193708,8142,auto_confirmed,""
Larissa,Greece. Stoiximan Super League,3e1v5aemi3afarlqm4raxf7fc,Larissa,Greece,Super League 2,exact_name,100,63.4526858307,2927,auto_confirmed,""
Levadiakos,Greece. Stoiximan Super League,1j8ifp7frhzci6o6kvnl1glif,Levadiakos,Greece,Super League 1,exact_name,100,76.8828994876,580,auto_confirmed,""
OFI,Greece. Stoiximan Super League,dr4emys1xpm2h54oid0q5y2nx,OFI,Greece,Super League 1,exact_name,100,78.7213540313,427,auto_confirmed,""
Olympiacos Piraeus,Greece. Stoiximan Super League,9ghx7vbghs3628n5chm9r8ig3,Olympiakos Piraeus,Greece,Super League 1,fuzzy_country,94.44,86.6761287035,63,needs_review,""
PAOK,Greece. Stoiximan Super League,deazflnflqmejndo05gviznzd,PAOK,Greece,Super League 1,exact_name,100,85.0971237959,101,auto_confirmed,""
PAS Giannina,Greece. Stoiximan Super League,1kij1j9oyr97sxtd0hvgnre10,PAS Giannina,Greece,Gamma Ethniki,exact_name,100,49.1339781872,8334,auto_confirmed,""
Panathinaikos,Greece. Stoiximan Super League,4ws3k9155net1ydbvr8c940dy,Panathinaikos,Greece,Super League 1,exact_name,100,84.3836537942,121,auto_confirmed,""
Panetolikos FC,Greece. Stoiximan Super League,dozhxtpww3paixmvttljtduge,Panaitolikos,Greece,Super League 1,fuzzy_country,86.96,74.2176485407,849,needs_review,""
Panserraikos,Greece. Stoiximan Super League,8cxrfo5i448oo8yq25wnr8kul,Panserraikos,Greece,Super League 2,exact_name,100,61.8360452614,3404,auto_confirmed,""
Volos NFC,Greece. Stoiximan Super League,937i26v5naqzhwxcelwtgou3u,Volos NFC,Greece,Super League 1,exact_name,100,72.2581989795,1102,auto_confirmed,""
AEK Athens B,Greece. Super League 2,7ruua9q5rtswwi5d6xtquuto5,AEK Athens,Greece,Super League 1,fuzzy_country,90.91,86.916424081,59,needs_review,""
AO Egaleo,Greece. Super League 2,"","","","",unmapped,,,,unmapped,""
APO Ellas Syros,Greece. Super League 2,3k2wwy5my7pvamver39c6qot0,Ellas Syros,Greece,Super League 2,exact_name,100,62.3524593248,3232,auto_confirmed,""
Anagennisi Karditsas,Greece. Super League 2,dxgczuy8pokjq6yr8she9mqbg,Anagennisi Karditsas,Greece,Super League 2,exact_name,100,60.7513661309,3708,auto_confirmed,""
Asteras Tripolis II,Greece. Super League 2,1uqm2hibczh12c67krf5o3x1w,Asteras Tripolis II,Greece,Super League 2,exact_name,100,60.279556306,3845,auto_confirmed,""
Athens Kallithea,Greece. Super League 2,6k2e9m32yn23o0fn4kzg9jemf,Athens Kallithea,Greece,Super League 2,exact_name,100,63.4755342098,2922,auto_confirmed,""
Diagoras Rodou,Greece. Super League 2,"","","","",unmapped,,,,unmapped,""
Ethnikos Neou Keramidiou,Greece. Super League 2,6qp6epjwqpnn3g886axlylbai,Ethnikos Neo Keramidi,Greece,Gamma Ethniki,fuzzy_country,94.12,52.8954454988,6439,needs_review,""
Ilioupoli,Greece. Super League 2,28x5vu4wcnwh8vqx3mznto0hb,Ilioupoli,Greece,Gamma Ethniki,exact_name,100,40.6090449449,11802,auto_confirmed,""
Iraklis 1908,Greece. Super League 2,ab4q2bo4gqoamuoco75ps4c2c,Iraklis 1908,Greece,Super League 1,exact_name,100,74.0445813674,877,auto_confirmed,""
Kalamata,Greece. Super League 2,bbcekwfqk3v5b5howjz99gqaz,Kalamata,Greece,Super League 1,exact_name,100,73.3371336101,970,auto_confirmed,""
Kampaniakos Chalastra,Greece. Super League 2,2vv8g6589h8h6q0fvchjosxrl,Kampaniakos Chalastra,Greece,"",exact_name,100,55.6689293494,5373,auto_confirmed,""
Kavala,Greece. Super League 2,3uliteo1pysh0khhyb1bo2p0e,Kavala,Greece,Gamma Ethniki,exact_name,100,49.3499547675,8219,auto_confirmed,""
Kifissia,Greece. Super League 2,8vht8t1pm8z9gkkeuzxtkfatn,Kifisia,Greece,Super League 1,fuzzy_country,93.33,75.3375313507,727,needs_review,""
Larissa,Greece. Super League 2,3e1v5aemi3afarlqm4raxf7fc,Larissa,Greece,Super League 2,exact_name,100,63.4526858307,2927,auto_confirmed,""
Makedonikos Neapolis,Greece. Super League 2,690jqyks1wcjt2yle5tze2hl,Makedonikos Neapolis,Greece,Gamma Ethniki,exact_name,100,48.2571196556,8753,auto_confirmed,""
Marko,Greece. Super League 2,79mxf6jbxfhfjo7jpex4b64hm,Marko,Greece,Super League 2,exact_name,100,63.7546128944,2844,auto_confirmed,""
Nestos Chrisoupolis,Greece. Super League 2,6b8p47j6oivwiaiaeo50y46fv,Nestos Chrisoupolis,Greece,Super League 2,exact_name,100,60.2503280325,3856,auto_confirmed,""
Niki Volos,Greece. Super League 2,6frleveuvm7uocn68qyrnzh55,Niki Volos,Greece,Super League 2,exact_name,100,63.984100431,2774,auto_confirmed,""
Olympiacos Piraeus B,Greece. Super League 2,9ghx7vbghs3628n5chm9r8ig3,Olympiakos Piraeus,Greece,Super League 1,fuzzy_country,89.47,86.6761287035,63,needs_review,""
PAE Chania,Greece. Super League 2,eqn5llk1b8185iabxxn816n0c,Chania,Greece,Gamma Ethniki,exact_name,100,49.0346970334,8393,auto_confirmed,""
PAOK B,Greece. Super League 2,"","","","",unmapped,,,,unmapped,""
PAS Giannina,Greece. Super League 2,1kij1j9oyr97sxtd0hvgnre10,PAS Giannina,Greece,Gamma Ethniki,exact_name,100,49.1339781872,8334,auto_confirmed,""
Panachaiki,Greece. Super League 2,7e7nxxfhvcgp9j6evpwwbhjzy,Panachaiki,Greece,Gamma Ethniki,exact_name,100,47.4083356188,9176,auto_confirmed,""
Panargiakos Argos,Greece. Super League 2,"","","","",unmapped,,,,unmapped,""
Panionios,Greece. Super League 2,4qpz7bpkplhwhet7z704mcbxg,Panionios,Greece,Super League 2,exact_name,100,66.7845272064,2040,auto_confirmed,""
Achuapa,Guatemala. Liga Nacional,1512v7pfydn3a3u3f0z9s6hol,Achuapa,Guatemala,Primera Division,exact_name,100,64.5049236204,2597,auto_confirmed,""
Antigua GFC,Guatemala. Liga Nacional,vb4zqon7l05foj8xxnpygn5m,Antigua,Guatemala,Liga Nacional,exact_name,100,75.482346665,713,auto_confirmed,""
Aurora,Guatemala. Liga Nacional,8zyg0xtflz8ojg6d3losx61va,Aurora,Guatemala,Liga Nacional,exact_name,100,69.899825718,1434,auto_confirmed,""
Coatepeque,Guatemala. Liga Nacional,2yqv78kuiphuz12987q7w7uju,Coatepeque FC,Guatemala,Primera Division,exact_name,100,63.7044551711,2862,auto_confirmed,""
Cobán Imperial,Guatemala. Liga Nacional,ae81rqu5m0swd4j9ux3s0txp3,Cobán Imperial,Guatemala,Liga Nacional,exact_name,100,71.0692723548,1273,auto_confirmed,""
Comunicaciones,Guatemala. Liga Nacional,di07a8qafp5ox30suh1thuq07,Comunicaciones,Guatemala,Liga Nacional,exact_name,100,70.385337696,1352,auto_confirmed,""
Guastatoya,Guatemala. Liga Nacional,2ozcdh9zm10tjkn3lnel9k4wd,Guastatoya,Guatemala,Liga Nacional,exact_name,100,73.1973783639,985,auto_confirmed,""
Iztapa,Guatemala. Liga Nacional,91du90e5gsfiae43foez45n17,Iztapa,Guatemala,Primera Division,exact_name,100,66.2810327135,2168,auto_confirmed,""
Malacateco,Guatemala. Liga Nacional,eztz9ot4kdjgid167qtlif1a7,Malacateco,Guatemala,Liga Nacional,exact_name,100,70.5891762013,1320,auto_confirmed,""
Marquense,Guatemala. Liga Nacional,22n4dbplcsmsa11emk780q71s,Marquense,Guatemala,Liga Nacional,exact_name,100,70.9880385821,1280,auto_confirmed,""
Mictlán,Guatemala. Liga Nacional,vg3z3pa60s1k56zkjoji3p2c,Mictlán,Guatemala,Primera Division,exact_name,100,70.1972418346,1381,auto_confirmed,""
Mixco,Guatemala. Liga Nacional,7zvpa5mvf6mgae5fpqtq573g7,Mixco,Guatemala,Liga Nacional,exact_name,100,72.6380014964,1057,auto_confirmed,""
Municipal,Guatemala. Liga Nacional,1dqnqxuom6omgjpr2a17gvhk4,Municipal,Guatemala,Liga Nacional,exact_name,100,78.9671272027,409,auto_confirmed,""
San Pedro,Guatemala. Liga Nacional,2higf5jwcgxpqvnlustk6jykw,San Pedro,Guatemala,Liga Nacional,exact_name,100,72.2370060857,1104,auto_confirmed,""
Santa Lucía,Guatemala. Liga Nacional,eoiigkowpinulg27ggrlzsull,Santa Lucía,Guatemala,Primera Division,exact_name,100,66.3098131756,2158,auto_confirmed,""
Suchitepéquez,Guatemala. Liga Nacional,eyz1ydqtat7e2iaprfn4hjeh5,Suchitepéquez,Guatemala,Liga Nacional,exact_name,100,68.682028819,1650,auto_confirmed,""
Xelajú,Guatemala. Liga Nacional,7mtw94t97bm3k3ubk2rxg8ys4,Xelajú,Guatemala,Liga Nacional,exact_name,100,74.6729548235,793,auto_confirmed,""
Xinabajul,Guatemala. Liga Nacional,"","","","",unmapped,,,,unmapped,""
Zacapa Tellioz,Guatemala. Liga Nacional,"","","","",unmapped,,,,unmapped,""
Atlético Choloma,Honduras. Liga Nacional,"","","","",unmapped,,,,unmapped,""
Atlético Independiente,Honduras. Liga Nacional,72r9uac6d2k8e9zb456ylzn37,Atlético Independiente,Honduras,Liga Nacional,exact_name,100,69.3237883195,1523,auto_confirmed,""
CD Choloma,Honduras. Liga Nacional,d9i1xm3hxatdolbaaxjhniwvv,Choloma,Honduras,Liga Nacional,exact_name,100,68.1144063239,1757,auto_confirmed,""
Estrella Roja,Honduras. Liga Nacional,bl4aozdau9dbeycsuplv6zn8q,Estrella Roja,Honduras,Liga Nacional,exact_name,100,69.4611558078,1503,auto_confirmed,""
Genesis Policia Nacional FC,Honduras. Liga Nacional,gpsdj05y7o4a9yb1b3ue6rdg,Genesis PN,Honduras,Liga Nacional,exact_name,100,71.5279054094,1203,auto_confirmed,""
Génesis,Honduras. Liga Nacional,"","","","",unmapped,,,,unmapped,""
Honduras Progreso,Honduras. Liga Nacional,"","","","",unmapped,,,,unmapped,""
Juticalpa,Honduras. Liga Nacional,2iqr56y2jdkxbaxea7atmmll,Juticalpa,Honduras,Liga Nacional,exact_name,100,66.6460234981,2081,auto_confirmed,""
Marathón,Honduras. Liga Nacional,3uvgyybl5iiwgh8axx7oirynd,Marathón,Honduras,Liga Nacional,exact_name,100,76.9235609971,574,auto_confirmed,""
Motagua,Honduras. Liga Nacional,2tot0ny4xa5ug81o6hkp7vcvp,Motagua,Honduras,Liga Nacional,exact_name,100,76.9459088631,573,auto_confirmed,""
Olancho,Honduras. Liga Nacional,1zc3q33u9z5977bcuc2saectm,Olancho,Honduras,Liga Nacional,exact_name,100,73.8300444714,906,auto_confirmed,""
Olimpia,Honduras. Liga Nacional,1vxcqmz5lh9iocbkhfq7ac601,Olimpia,Honduras,Liga Nacional,exact_name,100,80.8440104306,288,auto_confirmed,""
Platense,Honduras. Liga Nacional,7d1mrzeknu1lhzb3o15eodqkn,Platense,Honduras,Liga Nacional,exact_name,100,68.979276919,1586,auto_confirmed,""
Real España,Honduras. Liga Nacional,yqz6oey5lo4dm9bavjs0ngag,Real España,Honduras,Liga Nacional,exact_name,100,77.6762826425,513,auto_confirmed,""
Real Sociedad,Honduras. Liga Nacional,63f5h8t5e9qm1fqmvfkb23ghh,Real Sociedad,Spain,Primera División,exact_name,100,85.6607949273,82,auto_confirmed,""
UPNFM,Honduras. Liga Nacional,5o37slslblsqabedmed42ybu2,UPNFM,Honduras,Liga Nacional,exact_name,100,70.0108824829,1415,auto_confirmed,""
Victoria,Honduras. Liga Nacional,cjs7wtaeefheyb2g19nhlo8ss,Victoria,Honduras,"",exact_name,100,67.0621662686,1979,auto_confirmed,""
Vida,Honduras. Liga Nacional,"","","","",unmapped,,,,unmapped,""
Afturelding,Iceland. Besta-deild karla,29qn8cb7sm2p3tsx6olgzqrua,Afturelding,Iceland,1. Deild,exact_name,100,66.7393668942,2048,auto_confirmed,""
Breidablik,Iceland. Besta-deild karla,c6hu27u143y4z4te8b4036bae,Breidablik,Iceland,Besta deild,exact_name,100,69.0786603072,1563,auto_confirmed,""
FH,Iceland. Besta-deild karla,2ci0yr2esa7y4etjvl5vau077,FH,Iceland,Besta deild,exact_name,100,67.8214335957,1820,auto_confirmed,""
Fram,Iceland. Besta-deild karla,ta7x6ep3lniyckj6la77zw,Fram,Iceland,Besta deild,exact_name,100,70.1988396532,1379,auto_confirmed,""
Fylkir,Iceland. Besta-deild karla,4ajfjd27jfzjurj7szzr0rsh2,Fylkir,Iceland,1. Deild,exact_name,100,63.7628018406,2840,auto_confirmed,""
HK,Iceland. Besta-deild karla,88uy33ooshph2myw613a9866w,HK,Iceland,1. Deild,exact_name,100,64.7532906391,2519,auto_confirmed,""
KA,Iceland. Besta-deild karla,4mo70a9j7p2ersbrieg5aw3dg,KA,Iceland,Besta deild,exact_name,100,65.8930021461,2255,auto_confirmed,""
KR,Iceland. Besta-deild karla,629yaod9sjr350jvivp78vwfz,KR,Iceland,Besta deild,exact_name,100,71.6128126869,1194,auto_confirmed,""
Keflavík,Iceland. Besta-deild karla,96h322mg5vnaneem9fjzgvioq,Keflavík,Iceland,Besta deild,exact_name,100,66.7567539151,2045,auto_confirmed,""
Leiknir Reykjavík,Iceland. Besta-deild karla,b156ombr104vokp16y8gae4hc,Leiknir Reykjavík,Iceland,1. Deild,exact_name,100,60.1546459887,3890,auto_confirmed,""
Stjarnan,Iceland. Besta-deild karla,23vg6q15dzr375k6757j06wkq,Stjarnan,Iceland,Besta deild,exact_name,100,68.7533863864,1635,auto_confirmed,""
Thór,Iceland. Besta-deild karla,dys496cnlmowm95ehcfgcrvbm,Thór,Iceland,Besta deild,exact_name,100,63.1692893825,2999,auto_confirmed,""
Valur,Iceland. Besta-deild karla,khmdmbol7850k3i07yusgpn,Valur,Iceland,Besta deild,exact_name,100,68.7873884079,1626,auto_confirmed,""
Vestri,Iceland. Besta-deild karla,c8kfgv5o2vu7s6ksemlb1obl3,Vestri,Iceland,1. Deild,exact_name,100,60.483541798,3786,auto_confirmed,""
Víkingur Reykjavík,Iceland. Besta-deild karla,7gmdb4hmtrz199zv9r66qy9qp,Víkingur Reykjavík,Iceland,Besta deild,exact_name,100,77.400344654,539,auto_confirmed,""
ÍA,Iceland. Besta-deild karla,9ar4wcltrggiz60w77e3z56m2,ÍA,Iceland,Besta deild,exact_name,100,68.8305035381,1614,auto_confirmed,""
ÍBV,Iceland. Besta-deild karla,3tlx1zjkgrsdky3abrqe2c9c3,ÍBV,Iceland,Besta deild,exact_name,100,65.4910011728,2353,auto_confirmed,""
Atalanta,Italy. Serie A,e75syeuawg3ql8nwpi3vr2btz,Atalanta,Italy,Serie A,exact_name,100,87.4014667992,57,auto_confirmed,""
Bologna,Italy. Serie A,ej5er0oyngdw138yuumwqbyqt,Bologna,Italy,Serie A,exact_name,100,85.291987414,93,auto_confirmed,""
Cagliari,Italy. Serie A,5rwlg5cfv1hu7yf0ek1zxpzy3,Cagliari,Italy,Serie A,exact_name,100,84.1977698777,126,auto_confirmed,""
Como,Italy. Serie A,6uzfw7ahyxg4wrrfxo5u7qt0n,Como,Italy,Serie A,exact_name,100,90.6178416521,31,auto_confirmed,""
Cremonese,Italy. Serie A,af91jdcs6x0bqkmdb78rokod2,Cremonese,Italy,Serie B,exact_name,100,76.2696316588,634,auto_confirmed,""
Empoli,Italy. Serie A,8le3orkfz6iix3jns6g9ojqjg,Empoli,Italy,Serie B,exact_name,100,74.4990716157,815,auto_confirmed,""
Fiorentina,Italy. Serie A,4raiad4l2j5lkfaz92pk4osb,Fiorentina,Italy,Serie A,exact_name,100,84.9600142145,108,auto_confirmed,""
Frosinone,Italy. Serie A,5khizzei8z0qbb7exz622wxw3,Frosinone,Italy,Serie A,exact_name,100,83.1361524335,168,auto_confirmed,""
Genoa,Italy. Serie A,4kumqzwifv478caxed8zywlh3,Genoa,Italy,Serie A,exact_name,100,82.2831115388,209,auto_confirmed,""
Hellas Verona,Italy. Serie A,ap6blbxhq9elm62vw6tutzlwg,Hellas Verona,Italy,Serie B,exact_name,100,76.6335614701,601,auto_confirmed,""
Internazionale,Italy. Serie A,3vo5mpj7catp66nrwwqiuhuup,Internazionale,Italy,Serie A,exact_name,100,93.66733028,11,auto_confirmed,""
Juventus,Italy. Serie A,bqbbqm98ud8obe45ds9ohgyrd,Juventus,Italy,Serie A,exact_name,100,90.4827613219,33,auto_confirmed,""
Lazio,Italy. Serie A,btcy9nra9ak4m22ovr2ia6m5v,Lazio,Italy,Serie A,exact_name,100,87.5808572306,55,auto_confirmed,""
Lecce,Italy. Serie A,bi1fxjrncd0ram0oi7ja1jyuo,Lecce,Italy,Serie A,exact_name,100,81.4545125778,249,auto_confirmed,""
Milan,Italy. Serie A,9dntj5dioj5ex52yrgwzxrq9l,Milan,Italy,Serie A,exact_name,100,88.8174782778,47,auto_confirmed,""
Monza,Italy. Serie A,67z1gqyiuzpmmb15q5fy7ntc4,Monza,Italy,Serie A,exact_name,100,81.6242279699,239,auto_confirmed,""
Napoli,Italy. Serie A,gi0l1habji5hpgar77dl5jqe,Napoli,Italy,Serie A,exact_name,100,89.0575746428,40,auto_confirmed,""
Parma,Italy. Serie A,5aosfavi55p40c65lkriqnqnl,Parma,Italy,Serie A,exact_name,100,81.5646372865,242,auto_confirmed,""
Pisa,Italy. Serie A,bfztlrr6176xsdt2bmp0u1d2d,Pisa,Italy,Serie B,exact_name,100,76.0694798198,653,auto_confirmed,""
Roma,Italy. Serie A,2tk2l9sgktwc9jhzqdd4mpdtb,Roma,Italy,Serie A,exact_name,100,91.5698085277,20,auto_confirmed,""
Salernitana,Italy. Serie A,49rkyo4do8uwj06geomw0xr4i,Salernitana,Italy,Serie C,exact_name,100,67.9901153374,1780,auto_confirmed,""
Sampdoria,Italy. Serie A,4plikfte18rv8v4l89z803d4y,Sampdoria,Italy,Serie B,exact_name,100,74.4490823628,822,auto_confirmed,""
Sassuolo,Italy. Serie A,6tuibxq39fdryu8ou06wcm0q3,Sassuolo,Italy,Serie A,exact_name,100,84.3770401866,122,auto_confirmed,""
Spezia,Italy. Serie A,4klvxyeh3xcus4ongu7c00mgc,Spezia,Italy,Serie C,exact_name,100,68.4371747666,1700,auto_confirmed,""
Torino,Italy. Serie A,7gnly6999wao1xarwct4p8fe9,Torino,Italy,Serie A,exact_name,100,83.448870735,155,auto_confirmed,""
Udinese,Italy. Serie A,dxq76zcvnokq07cszdx0i6kve,Udinese,Italy,Serie A,exact_name,100,84.0968158244,132,auto_confirmed,""
Venezia,Italy. Serie A,565sm63rjm2y7xeae0dcdbtnu,Venezia,Italy,Serie A,exact_name,100,79.7123972795,355,auto_confirmed,""
Arezzo,Italy. Serie B,4t5jer3f32ve0pzq3c3e1n80w,Arezzo,Italy,Serie B,exact_name,100,73.2503913332,974,auto_confirmed,""
Ascoli,Italy. Serie B,dibn6hjca9timadlm3pqve4z9,Ascoli,Italy,Serie B,exact_name,100,74.7577388671,787,auto_confirmed,""
Avellino,Italy. Serie B,ax9p8f1fm857nmwjg7357z395,Avellino,Italy,Serie B,exact_name,100,74.3564418862,831,auto_confirmed,""
Bari,Italy. Serie B,e2hi197ydanctu9i74tonpt4r,Bari,Italy,Serie C,exact_name,100,66.8543007919,2029,auto_confirmed,""
Benevento,Italy. Serie B,4cq1gkb2yelnvz4z7jdo6q81,Benevento,Italy,Serie B,exact_name,100,74.4613176012,818,auto_confirmed,""
Brescia,Italy. Serie B,"","","","",unmapped,,,,unmapped,""
Cagliari,Italy. Serie B,5rwlg5cfv1hu7yf0ek1zxpzy3,Cagliari,Italy,Serie A,exact_name,100,84.1977698777,126,auto_confirmed,""
Carrarese,Italy. Serie B,80cgd16maqsywgwte0zzemj3n,Carrarese,Italy,Serie B,exact_name,100,73.1171231264,999,auto_confirmed,""
Catanzaro,Italy. Serie B,91dpo3oaxg1kschcxbedwlxps,Catanzaro,Italy,Serie B,exact_name,100,76.2898903513,632,auto_confirmed,""
Cesena,Italy. Serie B,9sn08yeeqqhlclha1tgjqk6kb,Cesena,Italy,Serie B,exact_name,100,74.5487101531,810,auto_confirmed,""
Cittadella,Italy. Serie B,dlda35ece1taoufqhscwnf6jq,Cittadella,Italy,Serie C,exact_name,100,67.6513343975,1847,auto_confirmed,""
Como,Italy. Serie B,6uzfw7ahyxg4wrrfxo5u7qt0n,Como,Italy,Serie A,exact_name,100,90.6178416521,31,auto_confirmed,""
Cosenza,Italy. Serie B,borsok34ukkl30nox3azxw3wq,Cosenza,Italy,Serie C,exact_name,100,64.8240873495,2508,auto_confirmed,""
Cremonese,Italy. Serie B,af91jdcs6x0bqkmdb78rokod2,Cremonese,Italy,Serie B,exact_name,100,76.2696316588,634,auto_confirmed,""
Empoli,Italy. Serie B,8le3orkfz6iix3jns6g9ojqjg,Empoli,Italy,Serie B,exact_name,100,74.4990716157,815,auto_confirmed,""
FeralpiSalò,Italy. Serie B,"","","","",unmapped,,,,unmapped,""
Frosinone,Italy. Serie B,5khizzei8z0qbb7exz622wxw3,Frosinone,Italy,Serie A,exact_name,100,83.1361524335,168,auto_confirmed,""
Genoa,Italy. Serie B,4kumqzwifv478caxed8zywlh3,Genoa,Italy,Serie A,exact_name,100,82.2831115388,209,auto_confirmed,""
Hellas Verona,Italy. Serie B,ap6blbxhq9elm62vw6tutzlwg,Hellas Verona,Italy,Serie B,exact_name,100,76.6335614701,601,auto_confirmed,""
Juve Stabia,Italy. Serie B,70dnfqu9xoymenwusqduqarf7,Juve Stabia,Italy,Serie B,exact_name,100,75.5594125246,700,auto_confirmed,""
Lecco,Italy. Serie B,eqwkibd0uruwlblzd2wax9zkp,Lecco,Italy,Serie C,exact_name,100,65.5162823532,2347,auto_confirmed,""
Mantova,Italy. Serie B,r8fzkdrr5wh39uknwekrkr2,Mantova,Italy,Serie B,exact_name,100,76.2402911562,636,auto_confirmed,""
Modena,Italy. Serie B,n1m34lh0h7dfk0ag9h0zcxgh,Modena,Italy,Serie B,exact_name,100,77.428273537,534,auto_confirmed,""
Monza,Italy. Serie B,67z1gqyiuzpmmb15q5fy7ntc4,Monza,Italy,Serie A,exact_name,100,81.6242279699,239,auto_confirmed,""
Padova,Italy. Serie B,ddc6ajk7e7emztd1oymfz11zz,Padova,Italy,Serie B,exact_name,100,73.7043501749,922,auto_confirmed,""
Palermo,Italy. Serie B,2ungwfinfq61qrc6py1skd7ds,Palermo,Italy,Serie B,exact_name,100,79.8023760291,347,auto_confirmed,""
Parma,Italy. Serie B,5aosfavi55p40c65lkriqnqnl,Parma,Italy,Serie A,exact_name,100,81.5646372865,242,auto_confirmed,""
Perugia,Italy. Serie B,60gjrw8umdjqn8tp31d1nfwye,Perugia,Italy,Serie C,exact_name,100,62.303515453,3248,auto_confirmed,""
Pescara,Italy. Serie B,13x31xf866impd8gbjf6a05g3,Pescara,Italy,Serie C,exact_name,100,66.2520978908,2172,auto_confirmed,""
Pisa,Italy. Serie B,bfztlrr6176xsdt2bmp0u1d2d,Pisa,Italy,Serie B,exact_name,100,76.0694798198,653,auto_confirmed,""
Reggiana,Italy. Serie B,fdzmkrqxu2s0x9cioolazpy,Reggiana,Italy,Serie C,exact_name,100,67.5313792629,1876,auto_confirmed,""
Reggina,Italy. Serie B,42kf8o5u7a1yab8fcis8vrz0s,Reggina,Italy,Serie D,exact_name,100,64.101767585,2742,auto_confirmed,""
SPAL,Italy. Serie B,"","","","",unmapped,,,,unmapped,""
Salernitana,Italy. Serie B,49rkyo4do8uwj06geomw0xr4i,Salernitana,Italy,Serie C,exact_name,100,67.9901153374,1780,auto_confirmed,""
Sampdoria,Italy. Serie B,4plikfte18rv8v4l89z803d4y,Sampdoria,Italy,Serie B,exact_name,100,74.4490823628,822,auto_confirmed,""
Sassuolo,Italy. Serie B,6tuibxq39fdryu8ou06wcm0q3,Sassuolo,Italy,Serie A,exact_name,100,84.3770401866,122,auto_confirmed,""
Spezia,Italy. Serie B,4klvxyeh3xcus4ongu7c00mgc,Spezia,Italy,Serie C,exact_name,100,68.4371747666,1700,auto_confirmed,""
Südtirol,Italy. Serie B,4os8c4tugzqwx4hef5g7lic78,Südtirol,Italy,Serie B,exact_name,100,75.3162156012,731,auto_confirmed,""
Ternana,Italy. Serie B,e361o6jsbyqoimblxx30fcw1a,Nuova Ternana,Italy,Serie D,exact_name,100,60.8812145716,3663,auto_confirmed,""
Venezia,Italy. Serie B,565sm63rjm2y7xeae0dcdbtnu,Venezia,Italy,Serie A,exact_name,100,79.7123972795,355,auto_confirmed,""
Vicenza,Italy. Serie B,eyq5lo3103vpa83za6fasm0ng,Vicenza,Italy,Serie B,exact_name,100,73.9365384481,896,auto_confirmed,""
Virtus Entella,Italy. Serie B,enq2pb76jjiieq8wr73zfd0u3,Virtus Entella,Italy,Serie B,exact_name,100,74.9370401419,773,auto_confirmed,""
AlbinoLeffe,Italy. Serie C,9gb2rim5qwvadktoq8x7ggdai,AlbinoLeffe,Italy,Serie C,exact_name,100,64.595055275,2566,auto_confirmed,""
Alcione Milano,Italy. Serie C,5j3shrrwqy232fab21phmjvmx,Alcione Milano,Italy,Serie C,exact_name,100,63.7229287089,2856,auto_confirmed,""
Alessandria,Italy. Serie C,50ldk8ed78md0dnbgis0gkotf,Alessandria,Italy,Serie D,exact_name,100,55.6547511689,5379,auto_confirmed,""
Ancona,Italy. Serie C,6hymtxe1swujlnwnlwfpdsat2,Ancona,Italy,Serie D,exact_name,100,61.9390761996,3376,auto_confirmed,""
Arezzo,Italy. Serie C,4t5jer3f32ve0pzq3c3e1n80w,Arezzo,Italy,Serie B,exact_name,100,73.2503913332,974,auto_confirmed,""
Arzignano Valchiampo,Italy. Serie C,dra0oldqv1xetr5127bjxgn3m,Arzignano Valchiampo,Italy,Serie C,exact_name,100,65.1914636028,2425,auto_confirmed,""
Ascoli,Italy. Serie C,dibn6hjca9timadlm3pqve4z9,Ascoli,Italy,Serie B,exact_name,100,74.7577388671,787,auto_confirmed,""
Atalanta U23,Italy. Serie C,"","","","",unmapped,,,,unmapped,""
Audace Cerignola,Italy. Serie C,7n1iotg3lvcjg2hc9k85r5gmi,Audace Cerignola,Italy,Serie C,exact_name,100,66.4844386366,2117,auto_confirmed,""
Avellino,Italy. Serie C,ax9p8f1fm857nmwjg7357z395,Avellino,Italy,Serie B,exact_name,100,74.3564418862,831,auto_confirmed,""
Bari,Italy. Serie C,e2hi197ydanctu9i74tonpt4r,Bari,Italy,Serie C,exact_name,100,66.8543007919,2029,auto_confirmed,""
Barletta,Italy. Serie C,2lduz4bi7parra6neuklm4c7l,Barletta,Italy,Serie C,exact_name,100,63.4635300586,2926,auto_confirmed,""
Benevento,Italy. Serie C,4cq1gkb2yelnvz4z7jdo6q81,Benevento,Italy,Serie B,exact_name,100,74.4613176012,818,auto_confirmed,""
Bra,Italy. Serie C,4nc0pwebmmf2vwrrmjer0yni0,Bra,Italy,Serie D,exact_name,100,57.4159092859,4801,auto_confirmed,""
Brescia,Italy. Serie C,"","","","",unmapped,,,,unmapped,""
Brindisi,Italy. Serie C,3lc2til9464iuauytp66uu5tx,Brindisi,Italy,Serie D,exact_name,100,54.6667307755,5731,auto_confirmed,""
Calcio Caldiero Terme,Italy. Serie C,"","","","",unmapped,,,,unmapped,""
Campobasso,Italy. Serie C,6pacstk50z7dw7a52mj1smevp,Campobasso,Italy,Serie C,exact_name,100,64.8416499977,2502,auto_confirmed,""
Carpi,Italy. Serie C,8a32mba8w39helix6fo1o9jbo,AC Carpi,Italy,Serie C,exact_name,100,61.9485750803,3370,auto_confirmed,""
Carrarese,Italy. Serie C,80cgd16maqsywgwte0zzemj3n,Carrarese,Italy,Serie B,exact_name,100,73.1171231264,999,auto_confirmed,""
Casarano,Italy. Serie C,cclv532o667auf2r1kee32may,Casarano,Italy,Serie C,exact_name,100,66.0758931841,2212,auto_confirmed,""
Casertana,Italy. Serie C,alj09hp6s9yl8olf0tw617eu2,Casertana,Italy,Serie C,exact_name,100,66.993594802,1994,auto_confirmed,""
Catania,Italy. Serie C,d8yo08wsbyak6n04xf75jlxoh,Catania,Italy,Serie C,exact_name,100,67.2837292394,1928,auto_confirmed,""
Catanzaro,Italy. Serie C,91dpo3oaxg1kschcxbedwlxps,Catanzaro,Italy,Serie B,exact_name,100,76.2898903513,632,auto_confirmed,""
Cavese,Italy. Serie C,ap4rggl4p5cxz6as75ar6tpi4,Cavese 1919,Italy,Serie C,exact_name,100,64.0209457996,2757,auto_confirmed,""
Cesena,Italy. Serie C,9sn08yeeqqhlclha1tgjqk6kb,Cesena,Italy,Serie B,exact_name,100,74.5487101531,810,auto_confirmed,""
Cittadella,Italy. Serie C,dlda35ece1taoufqhscwnf6jq,Cittadella,Italy,Serie C,exact_name,100,67.6513343975,1847,auto_confirmed,""
Cosenza,Italy. Serie C,borsok34ukkl30nox3azxw3wq,Cosenza,Italy,Serie C,exact_name,100,64.8240873495,2508,auto_confirmed,""
Crotone,Italy. Serie C,1v6yzccpl159wy8jsz2pk62y0,Crotone,Italy,Serie C,exact_name,100,65.5893149738,2326,auto_confirmed,""
Desenzano Calvina,Italy. Serie C,"","","","",unmapped,,,,unmapped,""
Dolomiti Bellunesi,Italy. Serie C,ci96flja13xnhf65fuw8l2q6s,Dolomiti Bellunesi,Italy,Serie C,exact_name,100,61.3912212403,3509,auto_confirmed,""
FeralpiSalò,Italy. Serie C,"","","","",unmapped,,,,unmapped,""
Fermana,Italy. Serie C,36x1bj1489sc7bla7utiyhqm0,Fermana,Italy,Eccellenza,exact_name,100,55.0335756933,5601,auto_confirmed,""
Fidelis Andria,Italy. Serie C,6784gu1rgxn550g5oolezoq1h,Fidelis Andria,Italy,Serie D,exact_name,100,56.824247764,4981,auto_confirmed,""
Fiorenzuola,Italy. Serie C,ckhge1xc8j0q8mo5qhsviyuof,Fiorenzuola,Italy,Serie D,exact_name,100,53.0903124767,6345,auto_confirmed,""
Foggia,Italy. Serie C,4q4ais4vgw7h4m67ce40kfk2i,Foggia,Italy,Serie C,exact_name,100,60.0188965466,3925,auto_confirmed,""
Folgore Caratese,Italy. Serie C,dyqm90qn2ntm5hiuk2huu4izu,Folgore Caratese,Italy,Serie C,exact_name,100,61.5031283509,3480,auto_confirmed,""
Forlì,Italy. Serie C,dbpatgez3eb5i5y7gmgigjzb7,Forlì,Italy,Serie C,exact_name,100,62.8043224767,3100,auto_confirmed,""
GIANA Erminio,Italy. Serie C,8000d58fvjawxj34qvx6y8d9j,Giana Erminio,Italy,Serie C,exact_name,100,63.5538668277,2909,auto_confirmed,""
Gelbison,Italy. Serie C,1qet01qs8wqxuq18ky0smkoxz,Gelbison,Italy,Serie D,exact_name,100,59.2421230026,4171,auto_confirmed,""
Giugliano,Italy. Serie C,131kizo1ykcmppsn8rr9q5ivg,Giugliano,Italy,Serie C,exact_name,100,62.1666835776,3297,auto_confirmed,""
Grosseto,Italy. Serie C,9zab96m058yzsi0ggi12vk903,Grosseto,Italy,Serie C,exact_name,100,63.7362842837,2847,auto_confirmed,""
Gubbio,Italy. Serie C,ee0yza8gbalxlm1ywbba6ruoz,Gubbio,Italy,Serie C,exact_name,100,63.6705598578,2868,auto_confirmed,""
Guidonia Montecelio,Italy. Serie C,86yj1zphyvlxva9fixi8klm11,Guidonia Montecelio 1937,Italy,Serie C,fuzzy_country,88.37,62.7895534785,3105,needs_review,""
Imolese,Italy. Serie C,aqdfelm5wu2d9d84rja2z7czb,Imolese,Italy,Eccellenza,exact_name,100,55.0918643946,5586,auto_confirmed,""
Internazionale II,Italy. Serie C,9nlk57kpm8hrwvzwaroxmetck,Internazionale II,Italy,Serie C,exact_name,100,63.6688024879,2870,auto_confirmed,""
Juve Stabia,Italy. Serie C,70dnfqu9xoymenwusqduqarf7,Juve Stabia,Italy,Serie B,exact_name,100,75.5594125246,700,auto_confirmed,""
Juventus Next Gen,Italy. Serie C,dgn4bl2b9b8kpbbmc1udj5uui,Juventus II,Italy,Serie C,exact_name,100,63.9074379126,2797,auto_confirmed,""
Latina,Italy. Serie C,b70q3vll5yy6eou2cvsh47f84,Latina,Italy,Serie C,exact_name,100,64.0399216676,2749,auto_confirmed,""
Lecco,Italy. Serie C,eqwkibd0uruwlblzd2wax9zkp,Lecco,Italy,Serie C,exact_name,100,65.5162823532,2347,auto_confirmed,""
Legnago Salus,Italy. Serie C,45abx233etarl8op8unsnmciv,Legnago Salus,Italy,Serie D,exact_name,100,60.3316201429,3826,auto_confirmed,""
Livorno,Italy. Serie C,9tdy4ne1o1xnv3in80yobv9p6,Livorno,Italy,Serie C,exact_name,100,63.347175333,2957,auto_confirmed,""
Lucchese,Italy. Serie C,3olgcruz3jtfrkodl4k4ixleu,Lucchese,Italy,Serie D,exact_name,100,55.9382906778,5275,auto_confirmed,""
Lumezzane,Italy. Serie C,99gtq1rorxkm5jtewxiji8xw8,Lumezzane,Italy,Serie C,exact_name,100,64.3730218021,2645,auto_confirmed,""
Mantova,Italy. Serie C,r8fzkdrr5wh39uknwekrkr2,Mantova,Italy,Serie B,exact_name,100,76.2402911562,636,auto_confirmed,""
Messina,Italy. Serie C,esf8on74xt8j7rwtf91w0ggsk,Messina,Italy,Eccellenza,exact_name,100,54.3406560187,5853,auto_confirmed,""
Milan Futuro,Italy. Serie C,ek715qtl6pgjmf5pa7g9jbo5w,Milan II,Italy,Serie D,exact_name,100,60.3052098706,3835,auto_confirmed,""
Monopoli,Italy. Serie C,451thoi0fnoksl09485meju84,Monopoli,Italy,Serie C,exact_name,100,65.199892041,2422,auto_confirmed,""
Monterosi,Italy. Serie C,"","","","",unmapped,,,,unmapped,""
Montevarchi,Italy. Serie C,ei9wxo4btdos386a54jav1z12,Aquila Montevarchi,Italy,Serie D,exact_name,100,57.6254267023,4734,auto_confirmed,""
Novara,Italy. Serie C,apbdecpsr8xvivkvz1ctel7hx,Novara,Italy,Serie C,exact_name,100,63.8540200121,2815,auto_confirmed,""
Olbia,Italy. Serie C,eh2k7l9mnhprc65rtazuv6ql9,Olbia,Italy,"",exact_name,100,54.5720288167,5767,auto_confirmed,""
Ospitaletto,Italy. Serie C,p9jbj4ijcdw28tjxfhw60ys4,Ospitaletto,Italy,Serie C,exact_name,100,64.2535624134,2687,auto_confirmed,""
Ostia Mare Lidocalcio,Italy. Serie C,a1hmi9t87kkt6fbrlfcclsi8f,Ostiamare,Italy,Serie C,fuzzy_country,97.67,62.7874436118,3106,needs_review,""
Padova,Italy. Serie C,ddc6ajk7e7emztd1oymfz11zz,Padova,Italy,Serie B,exact_name,100,73.7043501749,922,auto_confirmed,""
Pergolettese,Italy. Serie C,djar8cuo1h3vsypfmzry2o3bn,Pergolettese,Italy,Serie C,exact_name,100,62.2880388513,3259,auto_confirmed,""
Perugia,Italy. Serie C,60gjrw8umdjqn8tp31d1nfwye,Perugia,Italy,Serie C,exact_name,100,62.303515453,3248,auto_confirmed,""
Pescara,Italy. Serie C,13x31xf866impd8gbjf6a05g3,Pescara,Italy,Serie C,exact_name,100,66.2520978908,2172,auto_confirmed,""
Piacenza,Italy. Serie C,9l69mqtko8fve457lnri65neg,Piacenza,Italy,Serie D,exact_name,100,62.3344682548,3240,auto_confirmed,""
Pianese,Italy. Serie C,8ca6gemvnp931nmvoz46dh6q8,Pianese,Italy,Serie C,exact_name,100,64.2988876186,2668,auto_confirmed,""
Picerno,Italy. Serie C,3lxf0xssqu5zfulvawbc5bh7t,Picerno,Italy,Serie C,exact_name,100,64.270779095,2682,auto_confirmed,""
Pineto,Italy. Serie C,cukfm3zh91hh9zpmzattj81yd,Pineto,Italy,Serie C,exact_name,100,63.8027092502,2833,auto_confirmed,""
Pontedera,Italy. Serie C,cb8aprpt0iwgfwjjr9ybjyi2w,Pontedera,Italy,Serie D,exact_name,100,55.5180832298,5424,auto_confirmed,""
Pordenone,Italy. Serie C,99blpophgkvmq1snukwado5ck,Nuovo Pordenone,Italy,Eccellenza,exact_name,100,55.7438438283,5344,auto_confirmed,""
Potenza,Italy. Serie C,76dsxvtz0wjgh18pqwx83bok5,Potenza,Italy,Serie C,exact_name,100,67.5545290732,1868,auto_confirmed,""
Pro Patria,Italy. Serie C,8at7k8ywdtk5yl21suqii0ft0,Pro Patria,Italy,Serie D,exact_name,100,59.5338509083,4083,auto_confirmed,""
Pro Sesto,Italy. Serie C,bmvyw86yq9zvwlxhjdgrqj2ad,Pro Sesto,Italy,Serie D,exact_name,100,60.2685869578,3847,auto_confirmed,""
Pro Vercelli,Italy. Serie C,e31jthlv0f3mvvhude3fb6to6,Pro Vercelli,Italy,Serie C,exact_name,100,60.7245573914,3718,auto_confirmed,""
Ravenna,Italy. Serie C,43oa2be1ho1w13j67ejlrjcgl,Ravenna,Italy,Serie C,exact_name,100,68.6580374108,1657,auto_confirmed,""
Recanatese,Italy. Serie C,1esw6wyi57xy5zohifca27z2h,Recanatese,Italy,Serie D,exact_name,100,55.0486603112,5597,auto_confirmed,""
Reggiana,Italy. Serie C,fdzmkrqxu2s0x9cioolazpy,Reggiana,Italy,Serie C,exact_name,100,67.5313792629,1876,auto_confirmed,""
Renate,Italy. Serie C,4j7z48xwomb2hx8ojk3h6hr0r,Renate,Italy,Serie C,exact_name,100,64.8110908836,2510,auto_confirmed,""
Rimini,Italy. Serie C,92wuohg21k9uckhku9tnku9y9,Rimini,Italy,Eccellenza,exact_name,100,53.9369867594,6021,auto_confirmed,""
SPAL,Italy. Serie C,"","","","",unmapped,,,,unmapped,""
Salernitana,Italy. Serie C,49rkyo4do8uwj06geomw0xr4i,Salernitana,Italy,Serie C,exact_name,100,67.9901153374,1780,auto_confirmed,""
Sambenedettese,Italy. Serie C,33sn9r28sughlsoqcr4y1ok45,Sambenedettese,Italy,Serie C,exact_name,100,61.3243551064,3527,auto_confirmed,""
San Donato Tavarnelle,Italy. Serie C,9pahogk5lu75ecgbbaaw2nq99,San Donato Tavarnelle,Italy,Serie D,exact_name,100,56.6163917439,5057,auto_confirmed,""
Sangiuliano City,Italy. Serie C,9opd9z2ntc6c338b08gijh9n8,Sangiuliano City,Italy,"",exact_name,100,56.7501425743,5008,auto_confirmed,""
Savoia,Italy. Serie C,alsgak4t9uzf9dnl8ne1t3hzx,Savoia,Italy,Serie C,exact_name,100,63.0785819345,3028,auto_confirmed,""
Scafatese,Italy. Serie C,3k5mfmth2doe3ed3qzftt7bap,Scafatese,Italy,Serie C,exact_name,100,64.3055633302,2667,auto_confirmed,""
Sestri Levante,Italy. Serie C,92zb8nbc1yccfx6rvx0zb4dly,Sestri Levante,Italy,Serie D,exact_name,100,58.2781459932,4505,auto_confirmed,""
Siena,Italy. Serie C,3prz53gq7kg2pmi8ul6xoxlas,FC Siena,Italy,Serie D,exact_name,100,60.9304970653,3649,auto_confirmed,""
Siracusa,Italy. Serie C,4kyya0h5ub12qrhqusvsivvth,Siracusa,Italy,Serie D,exact_name,100,59.9741667903,3947,auto_confirmed,""
Sorrento,Italy. Serie C,4xb8zhua74roo43ccdt8g67fc,Sorrento,Italy,Serie C,exact_name,100,64.343509023,2655,auto_confirmed,""
Spezia,Italy. Serie C,4klvxyeh3xcus4ongu7c00mgc,Spezia,Italy,Serie C,exact_name,100,68.4371747666,1700,auto_confirmed,""
Taranto,Italy. Serie C,8zna79nc8jxgw2cunm7ikqta6,Taranto,Italy,Eccellenza,exact_name,100,56.5787348253,5070,auto_confirmed,""
Team Altamura,Italy. Serie C,65z6dz8si3nfk6dr7sqio0h6,Altamura,Italy,Serie C,exact_name,100,62.1234157892,3314,auto_confirmed,""
Ternana,Italy. Serie C,e361o6jsbyqoimblxx30fcw1a,Nuova Ternana,Italy,Serie D,exact_name,100,60.8812145716,3663,auto_confirmed,""
Torres,Italy. Serie C,29q6xh66zso3vfvg1zm18zto2,Torres,Italy,Serie C,exact_name,100,64.7190592638,2529,auto_confirmed,""
Trapani,Italy. Serie C,1escq1b6jantxkzsqlfq6h2qc,Trapani 1905,Italy,Serie D,exact_name,100,56.9512773382,4947,auto_confirmed,""
Trento,Italy. Serie C,34i6pgpvcfqd4qf79tmfh6eel,Trento,Italy,Serie C,exact_name,100,67.1346329255,1964,auto_confirmed,""
Treviso,Italy. Serie C,3vq0n4j8hxixz9boqy41ifa06,Treviso,Italy,Serie C,exact_name,100,63.1158498845,3017,auto_confirmed,""
Triestina,Italy. Serie C,5vbya5ynn967sf7yvo0c4q1vy,Triestina,Italy,Serie D,exact_name,100,58.4050631705,4459,auto_confirmed,""
Turris,Italy. Serie C,bzoexcrvgv3nxutxtvq67vzjz,Turris,Italy,Serie D,exact_name,100,51.9770938118,6869,auto_confirmed,""
Union Clodiense Chioggia,Italy. Serie C,9d1743ci6pvkfk29sr3smprf7,Union Clodiense,Italy,Serie D,exact_name,100,61.8986174353,3385,auto_confirmed,""
Vado,Italy. Serie C,900qaemq4yfc6ms3d8416q3fm,Vado,Italy,Serie C,exact_name,100,62.1920105765,3291,auto_confirmed,""
Vicenza,Italy. Serie C,eyq5lo3103vpa83za6fasm0ng,Vicenza,Italy,Serie B,exact_name,100,73.9365384481,896,auto_confirmed,""
Virtus Entella,Italy. Serie C,enq2pb76jjiieq8wr73zfd0u3,Virtus Entella,Italy,Serie B,exact_name,100,74.9370401419,773,auto_confirmed,""
Virtus Francavilla,Italy. Serie C,5ufack6m4yuf0vmj6xhcfr1t5,Virtus Francavilla,Italy,Serie D,exact_name,100,59.0627629199,4228,auto_confirmed,""
Virtus Verona,Italy. Serie C,15npxcpobt3bp5zacdhj6rjc7,Virtus Verona,Italy,Serie D,exact_name,100,59.0726299813,4223,auto_confirmed,""
Vis Pesaro,Italy. Serie C,6cbdvvhdhqbp3xgcuprvzy5sb,Vis Pesaro,Italy,Serie C,exact_name,100,61.8286040042,3406,auto_confirmed,""
Viterbese,Italy. Serie C,dkj4rdchaglut1471ke317e95,Viterbese,Italy,"",exact_name,100,49.1776378999,8308,auto_confirmed,""
Albirex Niigata,Japan. J1 League,12tyw9yomy9n5cjd5po2ajx1q,Albirex Niigata,Japan,J2 League,exact_name,100,67.8753081218,1811,auto_confirmed,""
Avispa Fukuoka,Japan. J1 League,ydlnn8jofdkseegh42az3fpt,Avispa Fukuoka,Japan,J1 League,exact_name,100,74.3475691676,833,auto_confirmed,""
Cerezo Osaka,Japan. J1 League,90cc40yau7yv6n8r4xs361ofd,Cerezo Osaka,Japan,J1 League,exact_name,100,77.1474398619,558,auto_confirmed,""
Consadole Sapporo,Japan. J1 League,1f3ehp8p9yi8reamghry4p76t,Consadole Sapporo,Japan,J2 League,exact_name,100,65.1625327008,2433,auto_confirmed,""
Fagiano Okayama,Japan. J1 League,4rddupwnkxxcwou6iluymj29j,Fagiano Okayama,Japan,J1 League,exact_name,100,76.4759193989,615,auto_confirmed,""
Gamba Osaka,Japan. J1 League,92br3632xgmc25jvr0jesfvl6,Gamba Osaka,Japan,J1 League,exact_name,100,76.1025323153,649,auto_confirmed,""
JEF United,Japan. J1 League,29cmppm4tntuasdgyxjpck882,JEF United,Japan,J1 League,exact_name,100,72.9777667124,1022,auto_confirmed,""
Júbilo Iwata,Japan. J1 League,4hm0p4fs807r60m5cumrdn6w5,Júbilo Iwata,Japan,J2 League,exact_name,100,68.2529705019,1735,auto_confirmed,""
Kashima Antlers,Japan. J1 League,9s2g5k3dlmfii452t8edaeozh,Kashima Antlers,Japan,J1 League,exact_name,100,80.6851073961,293,auto_confirmed,""
Kashiwa Reysol,Japan. J1 League,3lyo0vqgndy4fuzlfo5l9ql30,Kashiwa Reysol,Japan,J1 League,exact_name,100,80.1188853576,330,auto_confirmed,""
Kawasaki Frontale,Japan. J1 League,5pol481515zvirmk6t00kerbc,Kawasaki Frontale,Japan,J1 League,exact_name,100,78.328314126,452,auto_confirmed,""
Kyoto Sanga,Japan. J1 League,6bus1cl4b6zdm93290r02o7cx,Kyoto Sanga,Japan,J1 League,exact_name,100,75.9009680042,665,auto_confirmed,""
Machida Zelvia,Japan. J1 League,c893rjzz7makmez86fze25a2e,Machida Zelvia,Japan,J1 League,exact_name,100,81.0553096483,278,auto_confirmed,""
Mito Hollyhock,Japan. J1 League,7xcx4olkp9vjsquxsrf2s3iba,Mito Hollyhock,Japan,J1 League,exact_name,100,74.4185359145,824,auto_confirmed,""
Nagoya Grampus,Japan. J1 League,18c8ibslzapz40lfb8y5vygcs,Nagoya Grampus,Japan,J1 League,exact_name,100,75.0896338414,763,auto_confirmed,""
Sagan Tosu,Japan. J1 League,27o8mdqno6jslcjb709sxjwyy,Sagan Tosu,Japan,J2 League,exact_name,100,67.5452761971,1871,auto_confirmed,""
Sanfrecce Hiroshima,Japan. J1 League,89wr6p2dkh7wjxtbwhtsruu02,Sanfrecce Hiroshima,Japan,J1 League,exact_name,100,82.7260823927,187,auto_confirmed,""
Shimizu S-Pulse,Japan. J1 League,a1escgblmveduau3j1st0lbxn,Shimizu S-Pulse,Japan,J1 League,exact_name,100,74.3916177671,828,auto_confirmed,""
Shonan Bellmare,Japan. J1 League,83d6z6wvkzs3dx9oy3mftixow,Shonan Bellmare,Japan,J2 League,exact_name,100,68.0180358532,1774,auto_confirmed,""
Tokyo,Japan. J1 League,e90fnsgtnamze3yssxpg392eb,Tokyo,Japan,J1 League,exact_name,100,79.9141889726,337,auto_confirmed,""
Tokyo Verdy,Japan. J1 League,6u7ltoz339il087ubf6rdtc2v,Tokyo Verdy,Japan,J1 League,exact_name,100,73.2401149375,976,auto_confirmed,""
Urawa Reds,Japan. J1 League,3vfso415vj7uitnunviuzdyg3,Urawa Reds,Japan,J1 League,exact_name,100,77.5136709379,528,auto_confirmed,""
V-Varen Nagasaki,Japan. J1 League,8o5yuhx32ra276o71dmwizq2d,V-Varen Nagasaki,Japan,J1 League,exact_name,100,74.3356828839,837,auto_confirmed,""
Vissel Kobe,Japan. J1 League,bbt5nqwufsne7r0zfa6pvpmfa,Vissel Kobe,Japan,J1 League,exact_name,100,81.1393117123,273,auto_confirmed,""
Yokohama,Japan. J1 League,ctm9as17rs95yhuz7qf53wfke,Yokohama,Japan,J2 League,exact_name,100,69.7884783784,1451,auto_confirmed,""
Yokohama F. Marinos,Japan. J1 League,2cwez3hk2i75ope3qyu54cqh1,Yokohama F. Marinos,Japan,J1 League,exact_name,100,78.2752699649,459,auto_confirmed,""
Albirex Niigata,Japan. J2 League,12tyw9yomy9n5cjd5po2ajx1q,Albirex Niigata,Japan,J2 League,exact_name,100,67.8753081218,1811,auto_confirmed,""
Blaublitz Akita,Japan. J2 League,e7oi5pollofadw2silxqfy3va,Blaublitz Akita,Japan,J2 League,exact_name,100,66.1319224289,2202,auto_confirmed,""
Consadole Sapporo,Japan. J2 League,1f3ehp8p9yi8reamghry4p76t,Consadole Sapporo,Japan,J2 League,exact_name,100,65.1625327008,2433,auto_confirmed,""
Ehime,Japan. J2 League,40w6f4f8320xm9w0pphdr1ff,Ehime,Japan,J3 League,exact_name,100,65.3325015186,2387,auto_confirmed,""
Fagiano Okayama,Japan. J2 League,4rddupwnkxxcwou6iluymj29j,Fagiano Okayama,Japan,J1 League,exact_name,100,76.4759193989,615,auto_confirmed,""
Fujieda MYFC,Japan. J2 League,5o3cnx2qsla03c0n6m3175gfp,Fujieda MYFC,Japan,J2 League,exact_name,100,65.9778222445,2235,auto_confirmed,""
Grulla Morioka,Japan. J2 League,gicutp8uz76wdyr4gtl39eny,Grulla Morioka,Japan,Japan Football League,exact_name,100,52.5503039917,6595,auto_confirmed,""
Imabari,Japan. J2 League,48pguz8h8nahrq8h5osz4uift,Imabari,Japan,J2 League,exact_name,100,64.4224265477,2631,auto_confirmed,""
Iwaki,Japan. J2 League,cimycfmamkmp6cbkn70opnnqh,Iwaki,Japan,J2 League,exact_name,100,67.6312091058,1852,auto_confirmed,""
JEF United,Japan. J2 League,29cmppm4tntuasdgyxjpck882,JEF United,Japan,J1 League,exact_name,100,72.9777667124,1022,auto_confirmed,""
Júbilo Iwata,Japan. J2 League,4hm0p4fs807r60m5cumrdn6w5,Júbilo Iwata,Japan,J2 League,exact_name,100,68.2529705019,1735,auto_confirmed,""
Kagoshima United,Japan. J2 League,41z024syj3mi4jpyjj68k4ptx,Kagoshima United,Japan,J3 League,exact_name,100,67.8995059368,1804,auto_confirmed,""
Kataller Toyama,Japan. J2 League,dtjpkopknilpytvcelspishu4,Kataller Toyama,Japan,J2 League,exact_name,100,67.834977767,1818,auto_confirmed,""
Machida Zelvia,Japan. J2 League,c893rjzz7makmez86fze25a2e,Machida Zelvia,Japan,J1 League,exact_name,100,81.0553096483,278,auto_confirmed,""
Mito Hollyhock,Japan. J2 League,7xcx4olkp9vjsquxsrf2s3iba,Mito Hollyhock,Japan,J1 League,exact_name,100,74.4185359145,824,auto_confirmed,""
Montedio Yamagata,Japan. J2 League,1nm96lsa5dm33vbu2jy56i9fk,Montedio Yamagata,Japan,J2 League,exact_name,100,66.4386816708,2128,auto_confirmed,""
Oita Trinita,Japan. J2 League,rapx5gn6sbem92ad0sditvo5,Oita Trinita,Japan,J2 League,exact_name,100,64.2745105261,2678,auto_confirmed,""
Omiya Ardija,Japan. J2 League,64szr28vw5kyi2ikzvwd4qvnc,Omiya Ardija,Japan,J2 League,exact_name,100,69.3490810688,1518,auto_confirmed,""
RB Omiya Ardija,Japan. J2 League,64szr28vw5kyi2ikzvwd4qvnc,Omiya Ardija,Japan,J2 League,exact_name,100,69.3490810688,1518,auto_confirmed,""
Renofa Yamaguchi,Japan. J2 League,9tg3wf68h52pvuvo3h7i8g4t2,Renofa Yamaguchi,Japan,J3 League,exact_name,100,65.3303945611,2389,auto_confirmed,""
Roasso Kumamoto,Japan. J2 League,11jr1481luf8k5nogcvfabv8q,Roasso Kumamoto,Japan,J3 League,exact_name,100,63.9153872069,2791,auto_confirmed,""
Ryūkyū,Japan. J2 League,7zrnrs7x43ipdkr1f86pxikoc,Ryūkyū,Japan,J3 League,exact_name,100,60.3522621305,3822,auto_confirmed,""
Sagan Tosu,Japan. J2 League,27o8mdqno6jslcjb709sxjwyy,Sagan Tosu,Japan,J2 League,exact_name,100,67.5452761971,1871,auto_confirmed,""
Shimizu S-Pulse,Japan. J2 League,a1escgblmveduau3j1st0lbxn,Shimizu S-Pulse,Japan,J1 League,exact_name,100,74.3916177671,828,auto_confirmed,""
Shonan Bellmare,Japan. J2 League,83d6z6wvkzs3dx9oy3mftixow,Shonan Bellmare,Japan,J2 League,exact_name,100,68.0180358532,1774,auto_confirmed,""
Tegevajaro Miyazaki,Japan. J2 League,3glkqxhg02onhp9rtqpsovkoa,Tegevajaro Miyazaki,Japan,J2 League,exact_name,100,66.4113069861,2136,auto_confirmed,""
Thespa Gunma,Japan. J2 League,drhhxs1s3wrvoy0bzjg290gk,Thespa Gunma,Japan,J3 League,exact_name,100,60.8085625958,3688,auto_confirmed,""
ThespaKusatsu Gunma,Japan. J2 League,"","","","",unmapped,,,,unmapped,""
Tochigi,Japan. J2 League,byhqckd1xpeufiltl0pjkfptz,Tochigi,Japan,J3 League,exact_name,100,63.8011699052,2834,auto_confirmed,""
Tochigi City,Japan. J2 League,1zi7f852mrohymv3votysk6lm,Tochigi City,Japan,J2 League,exact_name,100,66.4814977017,2118,auto_confirmed,""
Tochigi SC,Japan. J2 League,byhqckd1xpeufiltl0pjkfptz,Tochigi,Japan,J3 League,exact_name,100,63.8011699052,2834,auto_confirmed,""
Tokushima Vortis,Japan. J2 League,6dq0duhp2l658aa8qiezr4fgf,Tokushima Vortis,Japan,J2 League,exact_name,100,67.6375223949,1849,auto_confirmed,""
Tokyo Verdy,Japan. J2 League,6u7ltoz339il087ubf6rdtc2v,Tokyo Verdy,Japan,J1 League,exact_name,100,73.2401149375,976,auto_confirmed,""
V-Varen Nagasaki,Japan. J2 League,8o5yuhx32ra276o71dmwizq2d,V-Varen Nagasaki,Japan,J1 League,exact_name,100,74.3356828839,837,auto_confirmed,""
Vanraure Hachinohe,Japan. J2 League,f0sc3k6yd87tr2mad8isxh34s,Vanraure Hachinohe,Japan,J2 League,exact_name,100,62.894206807,3087,auto_confirmed,""
Vegalta Sendai,Japan. J2 League,d56o9d2908hm2482deln4t9yi,Vegalta Sendai,Japan,J2 League,exact_name,100,70.2953836114,1362,auto_confirmed,""
Ventforet Kofu,Japan. J2 League,6q120enombus8oq9gfxvdvggq,Ventforet Kofu,Japan,J2 League,exact_name,100,64.5127162754,2596,auto_confirmed,""
Yokohama,Japan. J2 League,ctm9as17rs95yhuz7qf53wfke,Yokohama,Japan,J2 League,exact_name,100,69.7884783784,1451,auto_confirmed,""
Zweigen Kanazawa,Japan. J2 League,6eafkwa8gyra2lmnn1855986d,Zweigen Kanazawa,Japan,J3 League,exact_name,100,63.3097785414,2969,auto_confirmed,""
Al Ahli,Jordan. Pro League,95nfgrmm47wrf6casnmllrhlm,Al Ahli,Jordan,1st Division,exact_name,100,56.6065798644,5061,auto_confirmed,""
Al Buqa'a,Jordan. Pro League,b2ulc9myzi352coskhw85vwyr,Al Buqa'a,Jordan,League,exact_name,100,62.4790944715,3191,auto_confirmed,""
Al Faisaly,Jordan. Pro League,7x9ymrgnlkmi23ikqzapqc2iq,Al Faisaly,Jordan,League,exact_name,100,74.2012857309,854,auto_confirmed,""
Al Hussein,Jordan. Pro League,ef1r1g3j2rbnim6wy08qu12hh,Al Hussein,Jordan,League,exact_name,100,72.1305368101,1123,auto_confirmed,""
Al Jalil,Jordan. Pro League,"","","","",unmapped,,,,unmapped,""
Al Jazeera,Jordan. Pro League,3x5y02bd9lg3yntitu58953y0,Al Jazeera,Jordan,League,exact_name,100,65.0570242044,2461,auto_confirmed,""
Al Ramtha,Jordan. Pro League,1itxnsh6n2y4w41per9v7uovc,Al Ramtha,Jordan,League,exact_name,100,68.4670445577,1695,auto_confirmed,""
Al Salt,Jordan. Pro League,8u2wvlnw6mm3qol9qkw4km9vj,Al Salt,Jordan,League,exact_name,100,66.266557899,2170,auto_confirmed,""
Al Sareeh,Jordan. Pro League,2332huygk064vawrztpsfilsk,Al Sareeh,Jordan,1st Division,exact_name,100,55.3122460276,5502,auto_confirmed,""
Al Wehdat,Jordan. Pro League,ewm3f6up0mv2tlos648xaeg1h,Al Wehdat,Jordan,League,exact_name,100,72.0591437757,1132,auto_confirmed,""
Ma'an,Jordan. Pro League,d076ti7khfqjchxqge588kiga,Ma'an,Jordan,1st Division,exact_name,100,56.0361576228,5246,auto_confirmed,""
Moghayer Al Sarhan,Jordan. Pro League,c7nvq8y7dlgut3c1ucddnqn3e,Moghayer Al Sarhan,Jordan,"",exact_name,100,45.6310620584,9939,auto_confirmed,""
Sahab,Jordan. Pro League,"","","","",unmapped,,,,unmapped,""
Sama Al Sarhan,Jordan. Pro League,1av0bfqhm0p02tc7wrr8n6qq6,Sama Al Sarhan,Jordan,1st Division,exact_name,100,55.6703588236,5371,auto_confirmed,""
Shabab Al Ordon,Jordan. Pro League,8d4x58hp6xt8xbakafofzm968,Shabab Al Ordon,Jordan,League,exact_name,100,63.8952074689,2803,auto_confirmed,""
Shabab Al-Aqaba,Jordan. Pro League,3gwpo7ize6cvnqas15fkzgell,Shabab Al-Aqaba,Jordan,1st Division,exact_name,100,52.9212948717,6429,auto_confirmed,""
Aktobe,Kazakhstan. Premier League,cfzisyjd68ij8s4zjgj79z7sx,Aktobe,Kazakhstan,Premier League,exact_name,100,71.6299649063,1191,auto_confirmed,""
Akzhayik,Kazakhstan. Premier League,"","","","",unmapped,,,,unmapped,""
Altay,Kazakhstan. Premier League,9saqtl9uwzct93khvio8m4tz0,Altay,Kazakhstan,Premier League,exact_name,100,65.6212658582,2317,auto_confirmed,""
Astana,Kazakhstan. Premier League,8hluxv5afo5yejrtl36naq9uv,Astana,Kazakhstan,Premier League,exact_name,100,75.4437575739,715,auto_confirmed,""
Atyrau,Kazakhstan. Premier League,1yvymr5awoxvbeaeb3osv3q2n,Atyrau,Kazakhstan,Premier League,exact_name,100,65.7662669404,2283,auto_confirmed,""
Caspiy,Kazakhstan. Premier League,"","","","",unmapped,,,,unmapped,""
FK Aksu,Kazakhstan. Premier League,"","","","",unmapped,,,,unmapped,""
Irtysh,Kazakhstan. Premier League,"","","","",unmapped,,,,unmapped,""
Kairat,Kazakhstan. Premier League,6j2gnvqgprscy600ex68i5ynf,Kairat,Kazakhstan,Premier League,exact_name,100,77.1775994406,556,auto_confirmed,""
Kaisar,Kazakhstan. Premier League,dylyv84fm75boynxo945venz3,Kaisar Kyzylorda,Kazakhstan,Premier League,exact_name,100,66.3198376063,2157,auto_confirmed,""
Kyzyl-Zhar,Kazakhstan. Premier League,77nbedlxmqb5fejxqni5wq6zj,Kyzyl-Zhar,Kazakhstan,Premier League,exact_name,100,66.6907841642,2068,auto_confirmed,""
Maqtaaral,Kazakhstan. Premier League,"","","","",unmapped,,,,unmapped,""
Okzhetpes,Kazakhstan. Premier League,322qvzahyuuq6xyoo6p2qcrbr,Okzhetpes,Kazakhstan,Premier League,exact_name,100,70.4054988076,1345,auto_confirmed,""
Ordabasy,Kazakhstan. Premier League,e881yj9z884poj2x0wak5diuo,Ordabasy,Kazakhstan,Premier League,exact_name,100,75.9199654377,661,auto_confirmed,""
Shakhtyor Karagandy,Kazakhstan. Premier League,ekj1qpfj7ae19oybrbxd12i1c,Shakhter Karagandy,Kazakhstan,1. Division,fuzzy_country,91.89,62.1028896054,3326,needs_review,""
Taraz,Kazakhstan. Premier League,dy7i4wt06bd6l47ny3gjdvqpl,Taraz,Kazakhstan,1. Division,exact_name,100,52.8156768448,6482,auto_confirmed,""
Tobol,Kazakhstan. Premier League,6q0da0czmcq4ymj63mdxyvs46,Tobol Kostanay,Kazakhstan,Premier League,exact_name,100,71.1247901017,1268,auto_confirmed,""
Turan Turkistan,Kazakhstan. Premier League,atfzou0tmslnycdft328nwgh6,Turan Turkistan,Kazakhstan,1. Division,exact_name,100,58.3432451371,4486,auto_confirmed,""
Ulytau,Kazakhstan. Premier League,2hy9chgdmm5zlixydkhglft3o,Ulytau,Kazakhstan,Premier League,exact_name,100,65.8887894774,2256,auto_confirmed,""
Yelimay Semey,Kazakhstan. Premier League,d5b9o32ttzdzppif30h6jgqok,Yelimay,Kazakhstan,Premier League,exact_name,100,71.917681069,1146,auto_confirmed,""
Zhenys,Kazakhstan. Premier League,"","","","",unmapped,,,,unmapped,""
Zhetysu,Kazakhstan. Premier League,61i6iclntjwmpojzlis65wsv7,Zhetysu,Kazakhstan,Premier League,exact_name,100,64.1681793577,2715,auto_confirmed,""
Anyang,Korea Republic. K League 1,ebwsole3fgkrrdsgzucnx04pg,Anyang,Korea Republic,K League 1,exact_name,100,72.741975422,1045,auto_confirmed,""
Bucheon 1995,Korea Republic. K League 1,43rl9oirbg0nsrtzg5ou1icfq,Bucheon 1995,Korea Republic,K League 1,exact_name,100,71.3354241167,1232,auto_confirmed,""
Daegu,Korea Republic. K League 1,19auwjswq9camwpb4u14a6tp5,Daegu,Korea Republic,K League 2,exact_name,100,68.3855033771,1710,auto_confirmed,""
Daejeon Citizen,Korea Republic. K League 1,"","","","",unmapped,,,,unmapped,""
Gangwon,Korea Republic. K League 1,98uh21utg52famg6x9k7t3s20,Gangwon,Korea Republic,K League 1,exact_name,100,75.1941247798,748,auto_confirmed,""
Gimcheon Sangmu,Korea Republic. K League 1,dn1cz3b4rc04kzy5k33dg62m,Gimcheon Sangmu,Korea Republic,K League 1,exact_name,100,74.2657622457,844,auto_confirmed,""
Gwangju,Korea Republic. K League 1,dxrq5ce9fljcf0vrbrz89rp0k,Gwangju,Korea Republic,K League 1,exact_name,100,69.3224478447,1524,auto_confirmed,""
Incheon United,Korea Republic. K League 1,4dkougngrd8mpvfb1cr9mdb1p,Incheon United,Korea Republic,K League 1,exact_name,100,74.0395534709,878,auto_confirmed,""
Jeju SK,Korea Republic. K League 1,92h5si20tnxjtg4hj8cs97bpw,Jeju FC,Korea Republic,K League 1,exact_name,100,74.8470837753,778,auto_confirmed,""
Jeju United,Korea Republic. K League 1,"","","","",unmapped,,,,unmapped,""
Jeonbuk Motors,Korea Republic. K League 1,cc7oug4s891gcp1r4mh00rw7x,Jeonbuk Motors,Korea Republic,K League 1,exact_name,100,76.9686667491,570,auto_confirmed,""
Pohang Steelers,Korea Republic. K League 1,dw7c1rdfrjt0ldijrpj6rzsqa,Pohang Steelers,Korea Republic,K League 1,exact_name,100,73.8661223135,901,auto_confirmed,""
Seongnam,Korea Republic. K League 1,e4098etb1vn25d4lvecv9mygk,Seongnam,Korea Republic,K League 2,exact_name,100,66.5267693508,2104,auto_confirmed,""
Seoul,Korea Republic. K League 1,4dhojk80ifrs6ax05725bala2,Seoul,Korea Republic,K League 1,exact_name,100,78.212452919,465,auto_confirmed,""
Suwon,Korea Republic. K League 1,25yplfulilqz11lp1qbii7sf3,Suwon Bluewings,Korea Republic,K League 2,exact_name,100,71.1904803051,1258,auto_confirmed,""
Suwon Bluewings,Korea Republic. K League 1,25yplfulilqz11lp1qbii7sf3,Suwon Bluewings,Korea Republic,K League 2,exact_name,100,71.1904803051,1258,auto_confirmed,""
Ulsan Hyundai,Korea Republic. K League 1,"","","","",unmapped,,,,unmapped,""
América,Mexico. Liga MX,eu8c408f59yx7egaqossbv25e,Club América,Mexico,Liga MX,exact_name,100,83.0624727276,174,auto_confirmed,""
Atlante,Mexico. Liga MX,evyhlelybkbj2vry2xhct08pb,Atlante,Mexico,Liga MX,exact_name,100,77.0625308841,563,auto_confirmed,""
Atlas,Mexico. Liga MX,8jjxbd5vr23vhu1v5r21rzkrn,Atlas,Mexico,Liga MX,exact_name,100,77.4203971217,536,auto_confirmed,""
Atlético de San Luis,Mexico. Liga MX,54ph1k82y99hhjsf7m2usns8u,Atlético San Luis,Mexico,Liga MX,exact_name,100,77.6350896397,520,auto_confirmed,""
Club Tijuana,Mexico. Liga MX,c1wcescnsnfuyv06enhwaoqr6,Tijuana,Mexico,Liga MX,exact_name,100,79.8980839956,338,auto_confirmed,""
Cruz Azul,Mexico. Liga MX,1aw67co8uut64yckd3wbhy9t2,Cruz Azul,Mexico,Liga MX,exact_name,100,83.7453376324,143,auto_confirmed,""
Guadalajara,Mexico. Liga MX,e603sojy77s4u0ypqds2v2a1g,Guadalajara,Mexico,Liga MX,exact_name,100,84.4711740218,120,auto_confirmed,""
Juárez,Mexico. Liga MX,ecphe4bqgmin2tzsohf50egvd,Juárez,Mexico,Liga MX,exact_name,100,76.3951761901,623,auto_confirmed,""
León,Mexico. Liga MX,2ei66pjfsrr6uxqp1bywq31lo,León,Mexico,Liga MX,exact_name,100,80.1439284189,327,auto_confirmed,""
Mazatlán,Mexico. Liga MX,dsm1dxw4j3f973w7kzhe2n816,Mazatlán,Mexico,"",exact_name,100,75.3167182894,730,auto_confirmed,""
Monterrey,Mexico. Liga MX,233335xtoe3e3phg3hp91xguq,Monterrey,Mexico,Liga MX,exact_name,100,80.6205491165,299,auto_confirmed,""
Necaxa,Mexico. Liga MX,b7hn6knkuxbpj1i8rmzapns7b,Necaxa,Mexico,Liga MX,exact_name,100,76.6944802292,594,auto_confirmed,""
Pachuca,Mexico. Liga MX,cynfvfb31rml7xrlsnejf8r6j,Pachuca,Mexico,Liga MX,exact_name,100,81.4501348597,250,auto_confirmed,""
Puebla,Mexico. Liga MX,4kw25nmgmacpbvo24ttr994k5,Puebla,Mexico,Liga MX,exact_name,100,75.3866052033,719,auto_confirmed,""
Pumas UNAM,Mexico. Liga MX,ayabrorjqa1bj7jk1fdqu1t57,Pumas UNAM,Mexico,Liga MX,exact_name,100,80.1407901421,329,auto_confirmed,""
Querétaro,Mexico. Liga MX,ccye1b5fvtq8tzlz0gosyw10b,Querétaro,Mexico,Liga MX,exact_name,100,78.9301462965,412,auto_confirmed,""
Santos Laguna,Mexico. Liga MX,8yn3l36qkq1fxbw4ufmwyfyt9,Santos Laguna,Mexico,Liga MX,exact_name,100,75.2440335369,739,auto_confirmed,""
Tigres UANL,Mexico. Liga MX,6hmo9mrlz73nwxkshwuu5vsfm,Tigres UANL,Mexico,Liga MX,exact_name,100,81.3696289387,253,auto_confirmed,""
Toluca,Mexico. Liga MX,3390h9hdgoxzzofnrpyktanuz,Toluca,Mexico,Liga MX,exact_name,100,86.5837736351,64,auto_confirmed,""
CSF Bălți,Moldova. Super Liga,"","","","",unmapped,,,,unmapped,""
Dacia-Buiucani,Moldova. Super Liga,d8x3a70a614sg6y20aiz19qj3,Dacia-Buiucani,Moldova,Super Liga,exact_name,100,60.3759884912,3819,auto_confirmed,""
Dinamo-Auto,Moldova. Super Liga,"","","","",unmapped,,,,unmapped,""
Floreşti,Moldova. Super Liga,34i6r8mki744ky6niufp9umae,Florești,Moldova,Liga 1,exact_name,100,53.2777723554,6280,auto_confirmed,""
Milsami,Moldova. Super Liga,cs3cstr4siwdipeuc95fxur3u,Milsami,Moldova,Super Liga,exact_name,100,65.9123100916,2248,auto_confirmed,""
Petrocub,Moldova. Super Liga,1gb1u8v90q0v14qtkm24chs4n,Petrocub,Moldova,Super Liga,exact_name,100,71.7615772305,1171,auto_confirmed,""
Politehnica Timişoara,Moldova. Super Liga,"","","","",unmapped,,,,unmapped,""
Politehnica UTM,Moldova. Super Liga,4a8s20ia6yw7qeug9uod06q63,Politehnica UTM,Moldova,Super Liga,exact_name,100,60.1435701935,3892,auto_confirmed,""
Real Sireti,Moldova. Super Liga,8fuyh6lae8h2vvn9lgf8rrlk9,Real Sireți,Moldova,Super Liga,exact_name,100,57.9322474541,4626,auto_confirmed,""
Sfîntul Gheorghe,Moldova. Super Liga,"","","","",unmapped,,,,unmapped,""
Sheriff,Moldova. Super Liga,dcx559ojp4lgxwc9z9xxbzgre,Sheriff,Moldova,Super Liga,exact_name,100,72.9093339681,1029,auto_confirmed,""
Spartanii Selemet,Moldova. Super Liga,2gptlacuy5ff3c9la0un7g85p,Spartanii Selemet,Moldova,Liga 1,exact_name,100,45.3492981883,10062,auto_confirmed,""
Zimbru,Moldova. Super Liga,2yzlrvk4m7lpi4wa4leshqagk,Zimbru,Moldova,Super Liga,exact_name,100,71.4346312526,1216,auto_confirmed,""
CODM Meknès,Morocco. Botola Pro,d5v7rs3cfsu2fsdimdgazirlq,CODM Meknès,Morocco,Botola Pro,exact_name,100,72.2477341797,1103,auto_confirmed,""
Chabab Mohammédia,Morocco. Botola Pro,85v5r4b0lzloisd89599q5z6e,Chabab Mohammédia,Morocco,Botola 2,exact_name,100,62.5012156518,3187,auto_confirmed,""
Difaâ El Jadida,Morocco. Botola Pro,2q6v4ppego4353ypklvshcvob,Difaâ El Jadida,Morocco,Botola Pro,exact_name,100,74.027132418,881,auto_confirmed,""
FAR Rabat,Morocco. Botola Pro,x0mbz2vi8eyejsx1jc729svv,FAR Rabat,Morocco,Botola Pro,exact_name,100,80.6570349859,296,auto_confirmed,""
FUS Rabat,Morocco. Botola Pro,bsm0uwfbi4g8vl53hf08r103t,FUS Rabat,Morocco,Botola Pro,exact_name,100,75.1911457733,749,auto_confirmed,""
Hassania Agadir,Morocco. Botola Pro,5ys0mcs6ebalj3o3hebwawfh2,Hassania Agadir,Morocco,Botola Pro,exact_name,100,71.8186633791,1160,auto_confirmed,""
Ittihad Tanger,Morocco. Botola Pro,a8fnw9es9d983nknldpg7q3k0,Ittihad Tanger,Morocco,Botola Pro,exact_name,100,73.9967128689,887,auto_confirmed,""
JS Soualem,Morocco. Botola Pro,c6lk3361debcflcdqom3ttpt5,JS Soualem,Morocco,Botola 2,exact_name,100,66.3335591337,2150,auto_confirmed,""
Kawkab Marrakech,Morocco. Botola Pro,ahn5369t3jftmoqzn92su9kny,Kawkab Marrakech,Morocco,Botola Pro,exact_name,100,73.5928263163,935,auto_confirmed,""
Khemis Zemamra,Morocco. Botola Pro,"","","","",unmapped,,,,unmapped,""
Khouribga,Morocco. Botola Pro,4dfmno1tfc1gwcbeko4448v42,Khouribga,Morocco,Botola 2,exact_name,100,64.4987428742,2600,auto_confirmed,""
Maghreb Fès,Morocco. Botola Pro,9ifkcwn9mt2as1ctfpinwwj91,Maghreb Fès,Morocco,Botola Pro,exact_name,100,78.3864084244,447,auto_confirmed,""
Moghreb Tétouan,Morocco. Botola Pro,4cjbhfko4vi0ejx4u1aj5xeij,Moghreb Tétouan,Morocco,Botola Pro,exact_name,100,73.0064753582,1020,auto_confirmed,""
Mouloudia Oujda,Morocco. Botola Pro,ewfhv8fgdcztbt62gtedjcxro,Mouloudia Oujda,Morocco,Botola 2,exact_name,100,64.3755146964,2643,auto_confirmed,""
Olympic Safi,Morocco. Botola Pro,bfmfxajo833u9t76ol1glbf8l,Olympic Safi,Morocco,Botola 2,exact_name,100,66.3962416856,2137,auto_confirmed,""
Olympique Dcheïra,Morocco. Botola Pro,2a5by2szuhv70hqm2bl9zup8h,Olympique Dcheïra,Morocco,Botola 2,exact_name,100,66.1725427979,2191,auto_confirmed,""
RSB Berkane,Morocco. Botola Pro,5iuuccvbznfqyibcx96knhysc,RSB Berkane,Morocco,Botola Pro,exact_name,100,80.6110165487,300,auto_confirmed,""
Raja Casablanca,Morocco. Botola Pro,3l9kyuwcn5wgjz5b1e3qrazqz,Raja Casablanca,Morocco,Botola Pro,exact_name,100,79.852628487,344,auto_confirmed,""
UTS Rabat,Morocco. Botola Pro,e55h3csjd3rnqnv3vnu8vpuk0,UTS Rabat,Morocco,Botola Pro,exact_name,100,72.8383505535,1033,auto_confirmed,""
Wydad Casablanca,Morocco. Botola Pro,45md2vgytmsj2y0rat0sur1f6,Wydad Casablanca,Morocco,Botola Pro,exact_name,100,75.1848554814,751,auto_confirmed,""
Yacoub El Mansour,Morocco. Botola Pro,9rg3shklntdwxdlz5l1xsdn2s,Yacoub El Mansour,Morocco,Botola 2,exact_name,100,66.0938818841,2208,auto_confirmed,""
Youssoufia Berrechid,Morocco. Botola Pro,"","","","",unmapped,,,,unmapped,""
ADO '20,Netherlands. Derde Divisie,esy1bz4zxai8jji1nh8koxoiz,ADO '20,Netherlands,Derde Divisie,exact_name,100,51.35961287,7184,auto_confirmed,""
DOVO,Netherlands. Derde Divisie,3kp904ptq2jn5j4th78ddm3d3,DOVO,Netherlands,Derde Divisie,exact_name,100,49.9668302362,7919,auto_confirmed,""
DVS '33,Netherlands. Derde Divisie,c6qpykcqp0fqyrcokep9pg957,DVS '33,Netherlands,Derde Divisie,exact_name,100,52.8274755219,6476,auto_confirmed,""
Eemdijk,Netherlands. Derde Divisie,epmbc7kzm6cyvxekvwxkpk3bz,Eemdijk,Netherlands,Derde Divisie,exact_name,100,48.5279542281,8637,auto_confirmed,""
Excelsior '31,Netherlands. Derde Divisie,adaw47x7hqg1k33sp54644dpx,Excelsior '31,Netherlands,Derde Divisie,exact_name,100,50.6118389979,7591,auto_confirmed,""
Genemuiden,Netherlands. Derde Divisie,aocfi9cp0f12hknadz5jyu8th,Genemuiden,Netherlands,Derde Divisie,exact_name,100,53.9874335559,6006,auto_confirmed,""
HSC '21,Netherlands. Derde Divisie,38ltg5d36ztrold05ov3f0oza,HSC '21,Netherlands,Vierde Divisie,exact_name,100,43.1593699881,10941,auto_confirmed,""
Harkemase Boys,Netherlands. Derde Divisie,blezed3jwt82ptwvnwmrjgwmn,Harkemase Boys,Netherlands,Derde Divisie,exact_name,100,54.235577909,5893,auto_confirmed,""
Hoogeveen,Netherlands. Derde Divisie,bn4lclhluhsjtmqq3rio3uvrw,Hoogeveen,Netherlands,Derde Divisie,exact_name,100,48.9278123858,8448,auto_confirmed,""
Huizen,Netherlands. Derde Divisie,ui6wyaieififi9gr5r7jsweq,Huizen,Netherlands,Vierde Divisie,exact_name,100,45.8400872238,9839,auto_confirmed,""
ROHDA Raalte,Netherlands. Derde Divisie,3ekxo0cwjay818jmtyxikorcj,ROHDA Raalte,Netherlands,Tweede Divisie,exact_name,100,55.2743823054,5515,auto_confirmed,""
Scherpenzeel,Netherlands. Derde Divisie,a1780tdy5jpuel5lv4o5s4ktm,Scherpenzeel,Netherlands,Derde Divisie,exact_name,100,51.6729888188,7028,auto_confirmed,""
Sparta Nijkerk,Netherlands. Derde Divisie,46rpbqxqgmokzfxce6wulshbs,Sparta Nijkerk,Netherlands,Derde Divisie,exact_name,100,53.682676987,6108,auto_confirmed,""
Sportlust '46,Netherlands. Derde Divisie,auvnzboe0ivhszvjaxzkhuzh5,Sportlust '46,Netherlands,Derde Divisie,exact_name,100,51.6765294042,7022,auto_confirmed,""
TEC,Netherlands. Derde Divisie,e5elcwspcnqqmb25n5eq858t7,TEC,Netherlands,Derde Divisie,exact_name,100,49.8657993911,7967,auto_confirmed,""
USV Hercules,Netherlands. Derde Divisie,2gd0p7yst96bge0lsmse9incc,USV Hercules,Netherlands,Derde Divisie,exact_name,100,48.1112954128,8822,auto_confirmed,""
Urk,Netherlands. Derde Divisie,bhi73opvtzqs7ucsbpx6tfcgz,Urk,Netherlands,Vierde Divisie,exact_name,100,45.1920631385,10153,auto_confirmed,""
VV Staphorst,Netherlands. Derde Divisie,"","","","",unmapped,,,,unmapped,""
ADO Den Haag,Netherlands. Eerste Divisie,e8hiwrw6ocxm5iht6sp7jiv19,ADO Den Haag,Netherlands,Eredivisie,exact_name,100,74.2354789153,848,auto_confirmed,""
AZ II,Netherlands. Eerste Divisie,1wyg1tunyt7go9tnjea1hjqxb,AZ II,Netherlands,Eerste Divisie,exact_name,100,66.7504377601,2047,auto_confirmed,""
Ajax II,Netherlands. Eerste Divisie,6lzy9iiqoysvtdsgx719fng9n,Ajax II,Netherlands,Eerste Divisie,exact_name,100,62.2954254279,3255,auto_confirmed,""
Almere City,Netherlands. Eerste Divisie,1fttb31hnskynpku8qd09yhm8,Almere City,Netherlands,Eerste Divisie,exact_name,100,70.8618262594,1298,auto_confirmed,""
Cambuur,Netherlands. Eerste Divisie,ears40cp6opsgvhsy0dgyszpd,Cambuur,Netherlands,Eredivisie,exact_name,100,74.2061111611,852,auto_confirmed,""
De Graafschap,Netherlands. Eerste Divisie,xcevba75jfkrg4s6tl89zl3y,De Graafschap,Netherlands,Eerste Divisie,exact_name,100,66.2359523195,2175,auto_confirmed,""
Den Bosch,Netherlands. Eerste Divisie,eh54mfvjtrttgsg1wbjnvxcqz,Den Bosch,Netherlands,Eerste Divisie,exact_name,100,65.183386314,2428,auto_confirmed,""
Dordrecht,Netherlands. Eerste Divisie,z9phg19papi9f5fd6qxzr836,Dordrecht,Netherlands,Eerste Divisie,exact_name,100,63.8803777229,2807,auto_confirmed,""
Eindhoven,Netherlands. Eerste Divisie,dvmw7d6jb38qvv7e6ziwu0vyr,Eindhoven,Netherlands,Eerste Divisie,exact_name,100,64.1042273229,2741,auto_confirmed,""
Emmen,Netherlands. Eerste Divisie,3t0vjqtxc8wpjzv82i3oi2ova,Emmen,Netherlands,Eerste Divisie,exact_name,100,65.94987226,2241,auto_confirmed,""
Excelsior,Netherlands. Eerste Divisie,dqk062lu0vm8epvytbm6r4mmf,Excelsior,Netherlands,Eredivisie,exact_name,100,78.1825723378,468,auto_confirmed,""
Groningen,Netherlands. Eerste Divisie,cos9hxi16eitbcbthof7zrm4m,Groningen,Netherlands,Eredivisie,exact_name,100,79.6161370966,360,auto_confirmed,""
Helmond Sport,Netherlands. Eerste Divisie,b94pf87be9ojdgnrs5mst80un,Helmond Sport,Netherlands,Eerste Divisie,exact_name,100,63.9713967781,2779,auto_confirmed,""
Heracles,Netherlands. Eerste Divisie,dac758ef858jbq7pcb3gfwite,Heracles,Netherlands,Eerste Divisie,exact_name,100,71.6229640176,1192,auto_confirmed,""
MVV,Netherlands. Eerste Divisie,bqm1bnp1bh2apyudlz1o1whr3,MVV,Netherlands,Eerste Divisie,exact_name,100,63.2487425705,2981,auto_confirmed,""
NAC Breda,Netherlands. Eerste Divisie,59t7flioj4w4mpwnrwbm0m8ck,NAC Breda,Netherlands,Eerste Divisie,exact_name,100,69.3590263848,1517,auto_confirmed,""
PEC Zwolle,Netherlands. Eerste Divisie,2uuh2bir8ktof0uxfo06lb4ox,PEC Zwolle,Netherlands,Eredivisie,exact_name,100,75.2725351395,735,auto_confirmed,""
PSV II,Netherlands. Eerste Divisie,2xlnfgrl6r18ftv38unwp7h4s,PSV II,Netherlands,Eerste Divisie,exact_name,100,65.3168327219,2395,auto_confirmed,""
RKC Waalwijk,Netherlands. Eerste Divisie,ed5nwjz5za3oyi20nxzgqivmx,RKC Waalwijk,Netherlands,Eerste Divisie,exact_name,100,69.9315526885,1430,auto_confirmed,""
Roda JC,Netherlands. Eerste Divisie,7rmv5ns2rj7bn4otpkur0mx0x,Roda JC,Netherlands,Eerste Divisie,exact_name,100,67.6678188843,1844,auto_confirmed,""
TOP Oss,Netherlands. Eerste Divisie,dnzj0iv5qtaemm9kthh9pos8q,TOP Oss,Netherlands,Eerste Divisie,exact_name,100,64.1369063867,2724,auto_confirmed,""
Telstar,Netherlands. Eerste Divisie,zjawy6qdzk3y69v5pa3zl2cb,Telstar,Netherlands,Eredivisie,exact_name,100,76.320278044,629,auto_confirmed,""
Utrecht II,Netherlands. Eerste Divisie,ch82doz9w9t1sw9ae3a4ffh0j,Utrecht II,Netherlands,Eerste Divisie,exact_name,100,63.1408119512,3010,auto_confirmed,""
VVV Venlo,Netherlands. Eerste Divisie,cv5ftekuejf0ryxvd5h2my47r,VVV,Netherlands,Eerste Divisie,exact_name,100,66.5963873438,2088,auto_confirmed,""
Vitesse,Netherlands. Eerste Divisie,6hsriqr3ybvyg94w2k19oal50,Vitesse,Netherlands,Eerste Divisie,exact_name,100,68.5514654918,1677,auto_confirmed,""
Volendam,Netherlands. Eerste Divisie,6g9qrm72224jrk6tkxxxi8a9n,Volendam,Netherlands,Eerste Divisie,exact_name,100,68.6629451903,1654,auto_confirmed,""
Willem II,Netherlands. Eerste Divisie,bk5ltsueqmeng29eovd8m2tml,Willem II,Netherlands,Eredivisie,exact_name,100,73.2119158051,979,auto_confirmed,""
ADO Den Haag,Netherlands. Eredivisie,e8hiwrw6ocxm5iht6sp7jiv19,ADO Den Haag,Netherlands,Eredivisie,exact_name,100,74.2354789153,848,auto_confirmed,""
AZ,Netherlands. Eredivisie,3kfktv64h7kg7zryax1wktr5r,AZ,Netherlands,Eredivisie,exact_name,100,85.0776365987,103,auto_confirmed,""
Ajax,Netherlands. Eredivisie,d0zdg647gvgc95xdtk1vpbkys,Ajax,Netherlands,Eredivisie,exact_name,100,85.0811164665,102,auto_confirmed,""
Almere City,Netherlands. Eredivisie,1fttb31hnskynpku8qd09yhm8,Almere City,Netherlands,Eerste Divisie,exact_name,100,70.8618262594,1298,auto_confirmed,""
Cambuur,Netherlands. Eredivisie,ears40cp6opsgvhsy0dgyszpd,Cambuur,Netherlands,Eredivisie,exact_name,100,74.2061111611,852,auto_confirmed,""
Emmen,Netherlands. Eredivisie,3t0vjqtxc8wpjzv82i3oi2ova,Emmen,Netherlands,Eerste Divisie,exact_name,100,65.94987226,2241,auto_confirmed,""
Excelsior,Netherlands. Eredivisie,dqk062lu0vm8epvytbm6r4mmf,Excelsior,Netherlands,Eredivisie,exact_name,100,78.1825723378,468,auto_confirmed,""
Feyenoord,Netherlands. Eredivisie,20vymiy7bo8wkyxai3ew494fz,Feyenoord,Netherlands,Eredivisie,exact_name,100,85.9644986225,75,auto_confirmed,""
Fortuna Sittard,Netherlands. Eredivisie,3ebril33e08ddzob4bhq8awsr,Fortuna Sittard,Netherlands,Eredivisie,exact_name,100,76.6705797947,596,auto_confirmed,""
Go Ahead Eagles,Netherlands. Eredivisie,b79uipsy57y1jqpy07h4i5ovk,Go Ahead Eagles,Netherlands,Eredivisie,exact_name,100,78.892662908,415,auto_confirmed,""
Groningen,Netherlands. Eredivisie,cos9hxi16eitbcbthof7zrm4m,Groningen,Netherlands,Eredivisie,exact_name,100,79.6161370966,360,auto_confirmed,""
Heerenveen,Netherlands. Eredivisie,4vd2t5schmvvufrfib7f2vjdf,Heerenveen,Netherlands,Eredivisie,exact_name,100,79.8693347071,341,auto_confirmed,""
Heracles,Netherlands. Eredivisie,dac758ef858jbq7pcb3gfwite,Heracles,Netherlands,Eerste Divisie,exact_name,100,71.6229640176,1192,auto_confirmed,""
NAC Breda,Netherlands. Eredivisie,59t7flioj4w4mpwnrwbm0m8ck,NAC Breda,Netherlands,Eerste Divisie,exact_name,100,69.3590263848,1517,auto_confirmed,""
NEC,Netherlands. Eredivisie,8iawijq7s9s6d85mjz8wdslki,NEC,Netherlands,Eredivisie,exact_name,100,79.6653139915,358,auto_confirmed,""
PEC Zwolle,Netherlands. Eredivisie,2uuh2bir8ktof0uxfo06lb4ox,PEC Zwolle,Netherlands,Eredivisie,exact_name,100,75.2725351395,735,auto_confirmed,""
PSV,Netherlands. Eredivisie,24fvcruwqrqvqa3aonf8c3zuy,PSV,Netherlands,Eredivisie,exact_name,100,88.9936437527,43,auto_confirmed,""
RKC Waalwijk,Netherlands. Eredivisie,ed5nwjz5za3oyi20nxzgqivmx,RKC Waalwijk,Netherlands,Eerste Divisie,exact_name,100,69.9315526885,1430,auto_confirmed,""
Sparta Rotterdam,Netherlands. Eredivisie,89w5c6pw7vn0dxypi61tt0g4k,Sparta Rotterdam,Netherlands,Eredivisie,exact_name,100,76.6192428971,603,auto_confirmed,""
Telstar,Netherlands. Eredivisie,zjawy6qdzk3y69v5pa3zl2cb,Telstar,Netherlands,Eredivisie,exact_name,100,76.320278044,629,auto_confirmed,""
Twente,Netherlands. Eredivisie,4tic29sox7m39fy1ztgv0jsiq,Twente,Netherlands,Eredivisie,exact_name,100,84.8657035033,112,auto_confirmed,""
Utrecht,Netherlands. Eredivisie,ccpscwdcm65czscrun048ecn5,Utrecht,Netherlands,Eredivisie,exact_name,100,80.3247423687,317,auto_confirmed,""
Vitesse,Netherlands. Eredivisie,6hsriqr3ybvyg94w2k19oal50,Vitesse,Netherlands,Eerste Divisie,exact_name,100,68.5514654918,1677,auto_confirmed,""
Volendam,Netherlands. Eredivisie,6g9qrm72224jrk6tkxxxi8a9n,Volendam,Netherlands,Eerste Divisie,exact_name,100,68.6629451903,1654,auto_confirmed,""
Willem II,Netherlands. Eredivisie,bk5ltsueqmeng29eovd8m2tml,Willem II,Netherlands,Eredivisie,exact_name,100,73.2119158051,979,auto_confirmed,""
Deportivo Ocotal,Nicaragua. Primera Division,"","","","",unmapped,,,,unmapped,""
Diriangén,Nicaragua. Primera Division,4nvq73r901qs0vlwd9i9uimgz,Diriangén,Nicaragua,Primera Division,exact_name,100,74.4518598138,821,auto_confirmed,""
Juventus Managua,Nicaragua. Primera Division,"","","","",unmapped,,,,unmapped,""
Managua,Nicaragua. Primera Division,cybp9ww9byb0ewpvk088rlmbf,Managua,Nicaragua,Primera Division,exact_name,100,72.1857412415,1113,auto_confirmed,""
Matagalpa,Nicaragua. Primera Division,bpu7kj9anvbijj26bm1zu1ams,Matagalpa,Nicaragua,Primera Division,exact_name,100,64.0564182609,2747,auto_confirmed,""
Municipal Jalapa,Nicaragua. Primera Division,e67jbeyl1418fu6llz43ed59p,Municipal Jalapa,Nicaragua,Primera Division,exact_name,100,64.5237211797,2594,auto_confirmed,""
Orgánica Masachapa,Nicaragua. Primera Division,"","","","",unmapped,,,,unmapped,""
Rancho Santana,Nicaragua. Primera Division,d35xudjv9kgd4q01jg6gl2fze,Rancho Santana,Nicaragua,Primera Division,exact_name,100,59.5475711505,4077,auto_confirmed,""
Real Estelí,Nicaragua. Primera Division,c4loge2orh7lwwcd6w65tebq4,Real Estelí,Nicaragua,Primera Division,exact_name,100,73.4133607648,960,auto_confirmed,""
Real Madriz,Nicaragua. Primera Division,9mewuvi9v5q7jbn64hn2l0aub,Real Madriz,Nicaragua,"",exact_name,100,59.7902853422,4007,auto_confirmed,""
San Marcos,Nicaragua. Primera Division,1gbzianwzytjfajeudrp0jof1,San Marcos,Nicaragua,Primera Division,exact_name,100,62.132894385,3308,auto_confirmed,""
Sport Sébaco,Nicaragua. Primera Division,29v2il5fqgncebgvxfrcgy92i,Sport Sébaco,Nicaragua,Primera Division,exact_name,100,64.9245241964,2486,auto_confirmed,""
UNAN Managua,Nicaragua. Primera Division,epicnzgjq2c3rlcm53a6cs9ud,UNAN Managua,Nicaragua,Primera Division,exact_name,100,63.583372988,2898,auto_confirmed,""
Walter Ferretti,Nicaragua. Primera Division,49drlzu5t8uimbs1uci5bebze,Walter Ferretti,Nicaragua,Primera Division,exact_name,100,64.1713224837,2712,auto_confirmed,""
Atlantic,Nigeria. Creative Championship,b49goeaeqoctkhdcwc41g86c4,Atlantic,Cameroon,Elite Two,exact_name,100,57.4226450875,4795,auto_confirmed,""
Beyond Limits,Nigeria. Creative Championship,"","","","",unmapped,,,,unmapped,""
Broad City,Nigeria. Creative Championship,"","","","",unmapped,,,,unmapped,""
Dannaz,Nigeria. Creative Championship,"","","","",unmapped,,,,unmapped,""
Dino Sporting,Nigeria. Creative Championship,"","","","",unmapped,,,,unmapped,""
Escola United,Nigeria. Creative Championship,"","","","",unmapped,,,,unmapped,""
Gbagada,Nigeria. Creative Championship,"","","","",unmapped,,,,unmapped,""
Iganmu,Nigeria. Creative Championship,"","","","",unmapped,,,,unmapped,""
Imperial,Nigeria. Creative Championship,"","","","",unmapped,,,,unmapped,""
Real Sapphire,Nigeria. Creative Championship,"","","","",unmapped,,,,unmapped,""
Sporting Lagos,Nigeria. Creative Championship,2207r0h8iifur7svu9o6gs9as,Sporting Lagos,Nigeria,NPFL,exact_name,100,68.3216860408,1721,auto_confirmed,""
VOE FA,Nigeria. Creative Championship,"","","","",unmapped,,,,unmapped,""
Valiant,Nigeria. Creative Championship,"","","","",unmapped,,,,unmapped,""
Ballymena United,Northern Ireland. Premiership,e2vt5me7kj77z7vxcgyc5n2ve,Ballymena United,Northern Ireland,Premiership,exact_name,100,56.9456317908,4949,auto_confirmed,""
Bangor,Northern Ireland. Premiership,aqzcg51k1ut5qovqvxqv2d8nn,Bangor,Northern Ireland,Premiership,exact_name,100,54.4819152297,5800,auto_confirmed,""
Carrick Rangers,Northern Ireland. Premiership,7l20xq512qqsbzzf99flzkequ,Carrick Rangers,Northern Ireland,Premiership,exact_name,100,59.3404282246,4134,auto_confirmed,""
Cliftonville,Northern Ireland. Premiership,duykkqn0ga5fcpx7d1bdpdw7a,Cliftonville,Northern Ireland,Premiership,exact_name,100,61.3236512389,3528,auto_confirmed,""
Coleraine,Northern Ireland. Premiership,bo2mfvxkf0m8xmh03xh1hv3db,Coleraine,Northern Ireland,Premiership,exact_name,100,68.8417203295,1613,auto_confirmed,""
Crusaders,Northern Ireland. Premiership,6v4erawbrpebt61sstbb9nc8o,Crusaders,Northern Ireland,Premiership,exact_name,100,57.5894508673,4744,auto_confirmed,""
Dungannon Swifts,Northern Ireland. Premiership,6ehepmlp6lxt0cvhis2tnzmjj,Dungannon Swifts,Northern Ireland,Premiership,exact_name,100,59.160726188,4201,auto_confirmed,""
Glenavon,Northern Ireland. Premiership,2tortojaem2ueq04jh2icp7ax,Glenavon,Northern Ireland,Championship,exact_name,100,49.209807224,8291,auto_confirmed,""
Glentoran,Northern Ireland. Premiership,dmqfasbl5871x3lpv9wiqssmq,Glentoran,Northern Ireland,Premiership,exact_name,100,64.8279511463,2506,auto_confirmed,""
Larne,Northern Ireland. Premiership,1hg5ttq2rjlbm4t1qgh4o3jnw,Larne,Northern Ireland,Premiership,exact_name,100,69.7567286495,1455,auto_confirmed,""
Limavady United,Northern Ireland. Premiership,dwj3mjm8nl2vll1ihdv20e6yo,Limavady United,Northern Ireland,Premiership,exact_name,100,55.8729716216,5303,auto_confirmed,""
Linfield,Northern Ireland. Premiership,94p0uurlgchf82q5ydhyapm7h,Linfield,Northern Ireland,Premiership,exact_name,100,64.4218573923,2632,auto_confirmed,""
Loughgall,Northern Ireland. Premiership,3su2sozvkefafh80jhtq6htmt,Loughgall,Northern Ireland,Championship,exact_name,100,47.5041762695,9129,auto_confirmed,""
Newry City AFC,Northern Ireland. Premiership,a061g916oxxmzvjctx6ou8hig,Newry City,Northern Ireland,Championship,exact_name,100,43.5081848563,10800,auto_confirmed,""
Portadown,Northern Ireland. Premiership,3vbv7jss2xvjj6znosnbjpb42,Portadown,Northern Ireland,Premiership,exact_name,100,55.1920805573,5536,auto_confirmed,""
Aalesund,Norway. Eliteserien,3impprc048nbz39w05s18c6yt,Aalesund,Norway,Eliteserien,exact_name,100,76.2319080844,638,auto_confirmed,""
Bodø / Glimt,Norway. Eliteserien,ctvzi2jbl1q6xzq0s3sexj73g,Bodø / Glimt,Norway,Eliteserien,exact_name,100,89.8371284732,36,auto_confirmed,""
Brann,Norway. Eliteserien,6oxoag5c6zbnn09wx08vz4iak,Brann,Norway,Eliteserien,exact_name,100,81.8040364701,234,auto_confirmed,""
Bryne,Norway. Eliteserien,eujf9nqky8c5jnahb2f76m86o,Bryne,Norway,1. Division,exact_name,100,71.9862790628,1138,auto_confirmed,""
Fredrikstad,Norway. Eliteserien,e5txudmuc2qpc460bs4lb5aff,Fredrikstad,Norway,Eliteserien,exact_name,100,78.4526769242,444,auto_confirmed,""
HamKam,Norway. Eliteserien,crlocdyqyb1fdhck54qxs65rl,HamKam,Norway,Eliteserien,exact_name,100,76.3758130999,624,auto_confirmed,""
Haugesund,Norway. Eliteserien,d8w1m5j3jbd1eva8524dv4a20,Haugesund,Norway,1. Division,exact_name,100,75.2767285015,733,auto_confirmed,""
Jerv,Norway. Eliteserien,4uhob9fidndruy140dh5ayd6a,Jerv,Norway,2. Division,exact_name,100,67.1914662829,1950,auto_confirmed,""
KFUM,Norway. Eliteserien,4q0b35m26thti4c2on9a3npk0,KFUM,Norway,Eliteserien,exact_name,100,77.2222899002,552,auto_confirmed,""
Kristiansund,Norway. Eliteserien,uqspd1bx7f6mq8ohj50u1k1k,Kristiansund,Norway,Eliteserien,exact_name,100,75.3962359513,717,auto_confirmed,""
Lillestrøm,Norway. Eliteserien,93xj9vmeln0marv6r1uti7but,Lillestrøm,Norway,Eliteserien,exact_name,100,78.348337977,450,auto_confirmed,""
Molde,Norway. Eliteserien,45v50owpvshpijizwwlcw4lni,Molde,Norway,Eliteserien,exact_name,100,81.4349962764,251,auto_confirmed,""
Odds,Norway. Eliteserien,e3b5vandkj5qfay9z6wq87yu,Odd,Norway,1. Division,exact_name,100,70.0986549526,1397,auto_confirmed,""
Rosenborg,Norway. Eliteserien,c7jgkxx1czv5etn7snf1r6p2m,Rosenborg,Norway,Eliteserien,exact_name,100,81.8284280559,232,auto_confirmed,""
Sandefjord,Norway. Eliteserien,btaf9fuj3xctycyjeqwereaow,Sandefjord,Norway,Eliteserien,exact_name,100,78.0213318951,483,auto_confirmed,""
Sarpsborg 08,Norway. Eliteserien,doohk95o6e8pkqah8vkop51dg,Sarpsborg 08,Norway,Eliteserien,exact_name,100,78.7154225384,428,auto_confirmed,""
Stabæk,Norway. Eliteserien,b1848pwtcloi8prxnf1ifuwpn,Stabæk,Norway,1. Division,exact_name,100,72.5825670117,1060,auto_confirmed,""
Start,Norway. Eliteserien,8njda6ajphczdxo54e348l5ua,Start,Norway,Eliteserien,exact_name,100,75.5887620586,698,auto_confirmed,""
Strømsgodset,Norway. Eliteserien,ew0hpuiweoltpsg5f51r2w64t,Strømsgodset,Norway,1. Division,exact_name,100,75.1096867034,759,auto_confirmed,""
Tromsø,Norway. Eliteserien,80hgdmpkvdrhw1ge9nks2kxvy,Tromsø,Norway,Eliteserien,exact_name,100,81.7953251293,235,auto_confirmed,""
Viking,Norway. Eliteserien,bsykw9d70ffqe9atosc92n1e9,Viking,Norway,Eliteserien,exact_name,100,86.7234245181,62,auto_confirmed,""
Vålerenga,Norway. Eliteserien,8q6cv8g4bd3xdl7m88kll16na,Vålerenga,Norway,Eliteserien,exact_name,100,77.2132122224,553,auto_confirmed,""
Alianza,Panama. LPF,8k6znoefwdmwftowuoesovbxy,Alianza,Panama,LPF,exact_name,100,68.8615032842,1609,auto_confirmed,""
Atlético Chiriquí,Panama. LPF,"","","","",unmapped,,,,unmapped,""
Atlético Nacional,Panama. LPF,6jsapurj7rz2tukbkjmsjo9de,Atlético Nacional,Panama,Liga Prom,exact_name,100,62.470738127,3194,auto_confirmed,""
CD Universitario,Panama. LPF,at7uovo003x4q16b487z12xd6,Universitario,Panama,LPF,exact_name,100,64.4525769731,2623,auto_confirmed,""
Herrera,Panama. LPF,ccxb0eq0vha1yrbyjmsbnifhx,Herrera,Panama,LPF,exact_name,100,59.014286109,4242,auto_confirmed,""
Independiente,Panama. LPF,9dsz4gr440muwjq4ptjfk9viq,Independiente,Panama,LPF,exact_name,100,67.3421152383,1915,auto_confirmed,""
Plaza Amador,Panama. LPF,lzlwzjf3yoptj3r9frcs0bi4,Plaza Amador,Panama,LPF,exact_name,100,73.8272447345,907,auto_confirmed,""
Potros del Este,Panama. LPF,"","","","",unmapped,,,,unmapped,""
San Francisco,Panama. LPF,77d121zxes9cv4e0tyafw3j0t,San Francisco,Panama,LPF,exact_name,100,68.7984086374,1622,auto_confirmed,""
Sporting San Miguelito,Panama. LPF,44f2yubyhlmern9sangd54bw6,Sporting San Miguelito,Panama,LPF,exact_name,100,67.9695792162,1787,auto_confirmed,""
Tauro,Panama. LPF,3bqbplrdfloo8cg2fgnpkwyyc,Tauro,Panama,LPF,exact_name,100,67.7251412212,1834,auto_confirmed,""
UMECIT,Panama. LPF,7i6384egilkeau6jgtx78mec4,UMECIT,Panama,LPF,exact_name,100,67.8850639287,1808,auto_confirmed,""
Union Cocle,Panama. LPF,a4qb0mqu1t8uemkpng19e9qwa,Unión Coclé,Panama,LPF,exact_name,100,62.4457667853,3200,auto_confirmed,""
Veraguas,Panama. LPF,"","","","",unmapped,,,,unmapped,""
Árabe Unido,Panama. LPF,symb3x7i8v247jtown7vfbvn,Árabe Unido,Panama,LPF,exact_name,100,69.4572989325,1504,auto_confirmed,""
12 de Octubre,Paraguay. Division Profesional,"","","","",unmapped,,,,unmapped,""
2 de Mayo,Paraguay. Division Profesional,c42bnpk0mz0j3nyf2zoo992ks,2 de Mayo,Paraguay,Division Profesional,exact_name,100,76.9475133174,572,auto_confirmed,""
Atlético Tembetary,Paraguay. Division Profesional,8v5tea76k9utwjqpq4u2uetey,Atlético Tembetary,Paraguay,Division Intermedia,exact_name,100,67.2493644314,1938,auto_confirmed,""
Cerro Porteño,Paraguay. Division Profesional,buyj9j0qwgbvx3v8wzikpjyzu,Cerro Porteño,Paraguay,Division Profesional,exact_name,100,82.2479384798,217,auto_confirmed,""
Club Libertad,Paraguay. Division Profesional,984ibdjplnlwb36kt6wbgwe97,Libertad,Paraguay,Division Profesional,exact_name,100,80.2166660286,321,auto_confirmed,""
Deportivo Recoleta,Paraguay. Division Profesional,"","","","",unmapped,,,,unmapped,""
General Caballero JLM,Paraguay. Division Profesional,adqf8l3v3x2moj3bbkgyyu2ju,General Caballero JLM,Paraguay,Division Intermedia,exact_name,100,72.6938413823,1052,auto_confirmed,""
Guaireña,Paraguay. Division Profesional,565kbfxjhrxrn30ihh3x9iwa1,Guaireña,Paraguay,Division Intermedia,exact_name,100,66.5321808207,2103,auto_confirmed,""
Guaraní,Paraguay. Division Profesional,8j13r6l93c46v57ekr68obhoz,Club Guaraní,Paraguay,Division Profesional,exact_name,100,79.3646699618,376,auto_confirmed,""
Libertad,Paraguay. Division Profesional,984ibdjplnlwb36kt6wbgwe97,Libertad,Paraguay,Division Profesional,exact_name,100,80.2166660286,321,auto_confirmed,""
Nacional Asunción,Paraguay. Division Profesional,3n0uz5141jkl4wazgk0h5oh85,Nacional Asunción,Paraguay,Division Profesional,exact_name,100,81.8054442198,233,auto_confirmed,""
Olimpia,Paraguay. Division Profesional,ajjzd6ex2rqp70mwh5by9wdfb,Olimpia,Paraguay,Division Profesional,exact_name,100,82.486224529,195,auto_confirmed,""
Resistencia,Paraguay. Division Profesional,dwsgafibzm8jnzen048j31y7q,Resistencia,Paraguay,Division Intermedia,exact_name,100,67.6520498972,1846,auto_confirmed,""
Rubio Ñú,Paraguay. Division Profesional,brp1l40q0idxs3dvy46rfdbt3,Rubio Ñú,Paraguay,Division Profesional,exact_name,100,75.2005618176,747,auto_confirmed,""
Sol de América,Paraguay. Division Profesional,an573q9co58ebwecdvo8w3osc,Sol de América,Paraguay,Division Intermedia,exact_name,100,71.2392931942,1247,auto_confirmed,""
Sportivo Ameliano,Paraguay. Division Profesional,9sb2d5sawemtwwxx7h5elruy2,Sportivo Ameliano,Paraguay,Division Profesional,exact_name,100,78.0517101871,481,auto_confirmed,""
Sportivo Luqueño,Paraguay. Division Profesional,bzqac8o28oic0dl0rka53rm89,Sportivo Luqueño,Paraguay,Division Profesional,exact_name,100,74.8094826054,780,auto_confirmed,""
Sportivo San Lorenzo,Paraguay. Division Profesional,t71on2dbrfyknxq990h6l0dc,Sportivo San Lorenzo,Paraguay,Division Profesional,exact_name,100,71.2462953789,1244,auto_confirmed,""
Sportivo Trinidense,Paraguay. Division Profesional,bdk88cxg2peyftqv4p47o97ya,Sportivo Trinidense,Paraguay,Division Profesional,exact_name,100,79.8749284597,340,auto_confirmed,""
Tacuary,Paraguay. Division Profesional,3xfyojm7d8q9t73299jen1r4e,Tacuary,Paraguay,Division Intermedia,exact_name,100,65.7431096429,2291,auto_confirmed,""
ADT,Peru. Primera División,epxzffx8xjaqx36qdjqm2n5zh,ADT,Peru,Liga 1,exact_name,100,72.6574549868,1055,auto_confirmed,""
Academia Cantolao,Peru. Primera División,c91n7ixxpompc4e2rb225mbe0,Academia Cantolao,Peru,Liga 2,exact_name,100,62.4389440785,3203,auto_confirmed,""
Alianza Atlético,Peru. Primera División,dxmyhdxc47zifd2nwlqikw6hh,Alianza Atlético,Peru,Liga 1,exact_name,100,77.1933249972,554,auto_confirmed,""
Alianza Lima,Peru. Primera División,dv7t1octbjjnwsp3vlns10n8c,Alianza Lima,Peru,Liga 1,exact_name,100,80.3847268457,312,auto_confirmed,""
Alianza Universidad,Peru. Primera División,28pux5pb0uijvfqtq69wkyrqv,Alianza Universidad,Peru,Liga 2,exact_name,100,67.8824693034,1809,auto_confirmed,""
Atlético Grau,Peru. Primera División,31204apq7lfnxy6xp8vqyehdh,Atlético Grau,Peru,Liga 1,exact_name,100,74.6043039669,801,auto_confirmed,""
Ayacucho,Peru. Primera División,a4ugkpppjjtej0q36j8o71jw1,Ayacucho,Peru,Liga 2,exact_name,100,67.0115023013,1989,auto_confirmed,""
Binacional,Peru. Primera División,80a7d06915zy3xlzw7j1i1ie5,Deportivo Binacional,Peru,Liga 2,exact_name,100,63.6410498778,2878,auto_confirmed,""
CD Moquegua,Peru. Primera División,9g5mp88zg397bg063qer5p82c,Deportivo Moquegua,Peru,Liga 1,exact_name,100,71.3912352794,1222,auto_confirmed,""
Carlos Mannucci,Peru. Primera División,2sqv5cy822hnibnzby2phrfw3,Carlos Mannucci,Peru,Liga 2,exact_name,100,68.4662879748,1696,auto_confirmed,""
Carlos Stein,Peru. Primera División,egj9ea61elc4tdud5cu0fr23u,Carlos Stein,Peru,Liga 3,exact_name,100,55.6037722321,5398,auto_confirmed,""
Cienciano,Peru. Primera División,6z2y5seyiusqbh8xyfzq17nzk,Cienciano,Peru,Liga 1,exact_name,100,78.640419234,435,auto_confirmed,""
Comerciantes Unidos,Peru. Primera División,ca5jqpbsvyxqh6hzf5oplr5ys,Comerciantes Unidos,Peru,Liga 1,exact_name,100,73.4700523084,946,auto_confirmed,""
Cusco,Peru. Primera División,5c5d19bkze3zaw4900a9hoy6q,Cusco,Peru,Liga 1,exact_name,100,77.2984152643,546,auto_confirmed,""
César Vallejo,Peru. Primera División,9w6cgjhec46w7beqcj0wu7zqz,César Vallejo,Peru,Liga 2,exact_name,100,66.5107734901,2111,auto_confirmed,""
Deportivo Garcilaso,Peru. Primera División,css6tcvt0l2c9wy9u85j56q44,Deportivo Garcilaso,Peru,Liga 1,exact_name,100,77.9288543058,487,auto_confirmed,""
Deportivo Municipal,Peru. Primera División,"","","","",unmapped,,,,unmapped,""
FC Cajamarca,Peru. Primera División,3v6prezph0taufna7ei9l321g,FC Cajamarca,Peru,Liga 1,exact_name,100,72.2155200363,1106,auto_confirmed,""
Juan Pablo II College,Peru. Primera División,ck7k6xssqbwwi2y7yaxzs328k,Juan Pablo II College,Peru,Liga 1,exact_name,100,74.275348499,843,auto_confirmed,""
Los Chankas,Peru. Primera División,9zqcq0fvjzk6p7babc4gkhm9y,Los Chankas,Peru,Liga 1,exact_name,100,73.2070328611,981,auto_confirmed,""
Melgar,Peru. Primera División,b8dhwx08g0nnrzzmb9o5rrdhe,Melgar,Peru,Liga 1,exact_name,100,79.3011849932,383,auto_confirmed,""
Sport Boys,Peru. Primera División,s78ftr6sqa1wm07n8sgrhwil,Sport Boys,Peru,Liga 1,exact_name,100,75.833340288,674,auto_confirmed,""
Sport Huancayo,Peru. Primera División,2nxv26lte0qnw9jcnmec716gc,Sport Huancayo,Peru,Liga 1,exact_name,100,76.3059714303,631,auto_confirmed,""
Sporting Cristal,Peru. Primera División,5qf0x98stttvyaav031v00ao4,Sporting Cristal,Peru,Liga 1,exact_name,100,78.111041621,473,auto_confirmed,""
UTC Cajamarca,Peru. Primera División,cmwqt4rqrdeeaghzxn0z3xl8w,UTC Cajamarca,Peru,Liga 1,exact_name,100,70.1932490566,1383,auto_confirmed,""
Universidad San Martín,Peru. Primera División,c8vw4k384a04lf6kg4fx9y757,Universidad San Martín,Peru,Liga 2,exact_name,100,66.1801577904,2189,auto_confirmed,""
Universitario,Peru. Primera División,7esunfo4e4xihd0h83euabeox,Universitario,Peru,Liga 1,exact_name,100,80.329637695,316,auto_confirmed,""
Unión Comercio,Peru. Primera División,7up1ff9df3y6pa6kokwfvtaeq,Unión Comercio,Peru,Liga 2,exact_name,100,70.5886863993,1321,auto_confirmed,""
Arka Gdynia,Poland. Ekstraklasa,78hmc5v0fn49k70uhbsd5z3ri,Arka Gdynia,Poland,I Liga,exact_name,100,69.331692417,1522,auto_confirmed,""
Cracovia Kraków,Poland. Ekstraklasa,d4t77zhmqiqvzzg3zx0en5mnd,Cracovia Kraków II,Poland,IV Liga,fuzzy_country,90.91,52.4368489465,6651,needs_review,""
Górnik Zabrze,Poland. Ekstraklasa,awc8tinkh5u7cy58a00ohg6al,Górnik Zabrze,Poland,Ekstraklasa,exact_name,100,83.7107154444,144,auto_confirmed,""
Jagiellonia Białystok,Poland. Ekstraklasa,8jw3s68b9lil5xcgjvbcmrgc2,Jagiellonia Białystok,Poland,Ekstraklasa,exact_name,100,81.4262835902,252,auto_confirmed,""
Katowice,Poland. Ekstraklasa,"","","","",unmapped,,,,unmapped,""
Korona Kielce,Poland. Ekstraklasa,2l1pdpvptdw9ois9qkrs9xi3c,Korona Kielce,Poland,Ekstraklasa,exact_name,100,80.2459415539,320,auto_confirmed,""
Lech Poznań,Poland. Ekstraklasa,duvz7klp081jpg8fx5nze7ks7,Lech Poznań,Poland,Ekstraklasa,exact_name,100,85.8521359983,79,auto_confirmed,""
Lechia Gdańsk,Poland. Ekstraklasa,13tihpiruaaa1xreofk5ovk43,Lechia Gdańsk,Poland,I Liga,exact_name,100,70.4100520785,1343,auto_confirmed,""
Legia Warszawa,Poland. Ekstraklasa,d7udukc1t631drge83p7ucqws,Legia Warszawa,Poland,Ekstraklasa,exact_name,100,83.3806193759,158,auto_confirmed,""
Miedź Legnica,Poland. Ekstraklasa,dr2kq4jv0qx4qtui51vrkft6k,Miedź Legnica,Poland,I Liga,exact_name,100,70.0468091819,1410,auto_confirmed,""
Motor Lublin,Poland. Ekstraklasa,495gki1v52te79znpgvcdcv12,Motor Lublin,Poland,Ekstraklasa,exact_name,100,77.9232558287,488,auto_confirmed,""
Nieciecza,Poland. Ekstraklasa,2rmvyrkwubmzhn40z6bjgduaj,Nieciecza,Poland,I Liga,exact_name,100,70.8033463754,1303,auto_confirmed,""
Piast Gliwice,Poland. Ekstraklasa,d7i1aj8vnexyqv76yt03d54wc,Piast Gliwice,Poland,Ekstraklasa,exact_name,100,79.4487185971,371,auto_confirmed,""
Pogoń Szczecin,Poland. Ekstraklasa,7r1d7xdgcjgp61qxshpho7xck,Pogoń Szczecin,Poland,Ekstraklasa,exact_name,100,81.2220490981,266,auto_confirmed,""
Puszcza Niepołomice,Poland. Ekstraklasa,e0eoa8fnsnjno5xh29ooux4kc,Puszcza Niepołomice,Poland,I Liga,exact_name,100,68.7737175618,1629,auto_confirmed,""
Radomiak Radom,Poland. Ekstraklasa,5iq037iifttb7jw2zkz2z57pj,Radomiak Radom,Poland,Ekstraklasa,exact_name,100,77.4694680093,530,auto_confirmed,""
Raków Częstochowa,Poland. Ekstraklasa,1sxaf8l7fknmucd72fdretogm,Raków Częstochowa,Poland,Ekstraklasa,exact_name,100,79.6063713484,361,auto_confirmed,""
Ruch Chorzów,Poland. Ekstraklasa,bvn916e9momkzgb2v3mqln2un,Ruch Chorzów,Poland,I Liga,exact_name,100,69.7521739134,1456,auto_confirmed,""
Stal Mielec,Poland. Ekstraklasa,3ail506t69cxr60r1p6wlfqmb,Stal Mielec,Poland,I Liga,exact_name,100,67.0430645671,1983,auto_confirmed,""
Warta Poznań,Poland. Ekstraklasa,3sw1izq8c4reenf6egfktveh1,Warta Poznań,Poland,I Liga,exact_name,100,68.3460179247,1716,auto_confirmed,""
Widzew Łódź,Poland. Ekstraklasa,40hitpa3iyfvhdx40fj3cltd,Widzew Łódź,Poland,Ekstraklasa,exact_name,100,79.1365205966,399,auto_confirmed,""
Wieczysta Kraków,Poland. Ekstraklasa,doihlg7ahjmmvtxo4yuurpkb8,Wieczysta Kraków,Poland,Ekstraklasa,exact_name,100,77.4541074464,531,auto_confirmed,""
Wisła Kraków,Poland. Ekstraklasa,a226arvd7ujft5jacs8ooc1p7,Wisła Kraków,Poland,Ekstraklasa,exact_name,100,81.2708439147,261,auto_confirmed,""
Wisła Płock,Poland. Ekstraklasa,afx3euq4owjdonw2gmsu842nz,Wisła Płock,Poland,Ekstraklasa,exact_name,100,79.103030937,402,auto_confirmed,""
Zagłębie Lubin,Poland. Ekstraklasa,145oko43h2g50ck9kn3d51xae,Zagłębie Lubin,Poland,Ekstraklasa,exact_name,100,79.3144262873,380,auto_confirmed,""
Łódzki KS,Poland. Ekstraklasa,"","","","",unmapped,,,,unmapped,""
Śląsk Wrocław,Poland. Ekstraklasa,2672w7jn6onmk0lmpsp94eutg,Śląsk Wrocław,Poland,Ekstraklasa,exact_name,100,78.3403117071,451,auto_confirmed,""
Arka Gdynia,Poland. I Liga,78hmc5v0fn49k70uhbsd5z3ri,Arka Gdynia,Poland,I Liga,exact_name,100,69.331692417,1522,auto_confirmed,""
Chojniczanka Chojnice,Poland. I Liga,1nz3m1b5arxhz0jaorsjtfeyp,Chojniczanka Chojnice,Poland,II Liga,exact_name,100,65.6296923751,2315,auto_confirmed,""
Chrobry Głogów,Poland. I Liga,8r2ri05isgxasodd32k7udrxf,Chrobry Głogów,Poland,I Liga,exact_name,100,69.6001099031,1486,auto_confirmed,""
Górnik Łęczna,Poland. I Liga,cvufavhxize5ifqbsxyb4cbwr,Górnik Łęczna,Poland,II Liga,exact_name,100,66.2433231407,2173,auto_confirmed,""
Katowice,Poland. I Liga,"","","","",unmapped,,,,unmapped,""
Kotwica Kołobrzeg,Poland. I Liga,7dsx6vky7sy5l37c6ccjq0dmn,Kotwica Kołobrzeg,Poland,IV Liga,exact_name,100,43.7799694033,10680,auto_confirmed,""
Lechia Gdańsk,Poland. I Liga,13tihpiruaaa1xreofk5ovk43,Lechia Gdańsk,Poland,I Liga,exact_name,100,70.4100520785,1343,auto_confirmed,""
Miedź Legnica,Poland. I Liga,dr2kq4jv0qx4qtui51vrkft6k,Miedź Legnica,Poland,I Liga,exact_name,100,70.0468091819,1410,auto_confirmed,""
Motor Lublin,Poland. I Liga,495gki1v52te79znpgvcdcv12,Motor Lublin,Poland,Ekstraklasa,exact_name,100,77.9232558287,488,auto_confirmed,""
Nieciecza,Poland. I Liga,2rmvyrkwubmzhn40z6bjgduaj,Nieciecza,Poland,I Liga,exact_name,100,70.8033463754,1303,auto_confirmed,""
Odra Opole,Poland. I Liga,3afenq5eu78v543hri8otr3ms,Odra Opole,Poland,I Liga,exact_name,100,67.4833249919,1888,auto_confirmed,""
Podbeskidzie Bielsko-Biała,Poland. I Liga,arh9tr23q0ik61fpdwpd4uymi,Podbeskidzie,Poland,I Liga,fuzzy_country,94.55,66.5019858873,2112,needs_review,""
Pogoń Grod. Mazowiecki,Poland. I Liga,"","","","",unmapped,,,,unmapped,""
Pogoń Siedlce,Poland. I Liga,7sebrbpzpphiu02bvuuspuczi,Pogoń Siedlce,Poland,I Liga,exact_name,100,67.2924992543,1926,auto_confirmed,""
Polonia Bytom,Poland. I Liga,6z83iw9oblyg0bct1jmqz7utq,Polonia Bytom,Poland,I Liga,exact_name,100,67.7839078264,1825,auto_confirmed,""
Polonia Warszawa,Poland. I Liga,27f5i7xxwz5jorbxppx0052oq,Polonia Warszawa,Poland,I Liga,exact_name,100,70.2790539159,1367,auto_confirmed,""
Puszcza Niepołomice,Poland. I Liga,e0eoa8fnsnjno5xh29ooux4kc,Puszcza Niepołomice,Poland,I Liga,exact_name,100,68.7737175618,1629,auto_confirmed,""
Resovia Rzeszów,Poland. I Liga,17k9hhqp8l3bwo9f858da5qj7,Resovia Rzeszów,Poland,II Liga,exact_name,100,59.8227109207,3995,auto_confirmed,""
Ruch Chorzów,Poland. I Liga,bvn916e9momkzgb2v3mqln2un,Ruch Chorzów,Poland,I Liga,exact_name,100,69.7521739134,1456,auto_confirmed,""
SKRA Częstochowa,Poland. I Liga,ea6x86gibgcoadh4vf1fuf0qe,SKRA Częstochowa,Poland,"",exact_name,100,57.1636767998,4876,auto_confirmed,""
Sandecja Nowy Sącz,Poland. I Liga,cxjbnxcimxm3vgrjwwes5w4h2,Sandecja Nowy Sącz,Poland,II Liga,exact_name,100,65.537349745,2339,auto_confirmed,""
Stal Mielec,Poland. I Liga,3ail506t69cxr60r1p6wlfqmb,Stal Mielec,Poland,I Liga,exact_name,100,67.0430645671,1983,auto_confirmed,""
Stal Rzeszów,Poland. I Liga,oubq5v4lp1eowdxvdkn4o5sj,Stal Rzeszów,Poland,I Liga,exact_name,100,67.4110659752,1903,auto_confirmed,""
Stal Stalowa Wola,Poland. I Liga,5xqfh6dw2bv8t5at7dhlw8fyw,Stal Stalowa Wola,Poland,II Liga,exact_name,100,63.0697922119,3033,auto_confirmed,""
Tychy 71,Poland. I Liga,"","","","",unmapped,,,,unmapped,""
Unia Skierniewice,Poland. I Liga,f1auzsa8xqllnc3ysd80wouwa,Unia Skierniewice,Poland,I Liga,exact_name,100,65.5282205707,2343,auto_confirmed,""
Warta Poznań,Poland. I Liga,3sw1izq8c4reenf6egfktveh1,Warta Poznań,Poland,I Liga,exact_name,100,68.3460179247,1716,auto_confirmed,""
Wieczysta Kraków,Poland. I Liga,doihlg7ahjmmvtxo4yuurpkb8,Wieczysta Kraków,Poland,Ekstraklasa,exact_name,100,77.4541074464,531,auto_confirmed,""
Wisła Kraków,Poland. I Liga,a226arvd7ujft5jacs8ooc1p7,Wisła Kraków,Poland,Ekstraklasa,exact_name,100,81.2708439147,261,auto_confirmed,""
Wisła Płock,Poland. I Liga,afx3euq4owjdonw2gmsu842nz,Wisła Płock,Poland,Ekstraklasa,exact_name,100,79.103030937,402,auto_confirmed,""
Zagłębie Sosnowiec,Poland. I Liga,c9kenhiaetdrqo7qypqt0uuou,Zagłębie Sosnowiec,Poland,III Liga,exact_name,100,57.6367130764,4730,auto_confirmed,""
Znicz Pruszków,Poland. I Liga,70grerukn3ef4zbdb7nyyt0h3,Znicz Pruszków,Poland,II Liga,exact_name,100,66.9402642765,2009,auto_confirmed,""
Łódzki KS,Poland. I Liga,"","","","",unmapped,,,,unmapped,""
Śląsk Wrocław,Poland. I Liga,2672w7jn6onmk0lmpsp94eutg,Śląsk Wrocław,Poland,Ekstraklasa,exact_name,100,78.3403117071,451,auto_confirmed,""
1º Dezembro,Portugal. Liga 3,7mtrphi7fyf33aeiw11ifya6e,1º Dezembro,Portugal,Campeonato de Portugal Prio,exact_name,100,60.8731180288,3668,auto_confirmed,""
AD Marco 09,Portugal. Liga 3,c1trj3cdv0xhb0ttagnvwwsus,AD Marco 09,Portugal,Liga 3,exact_name,100,65.9467128538,2242,auto_confirmed,""
Académica,Portugal. Liga 3,50zowclofxml79qe936fyxhfm,Académica,Portugal,Segunda Liga,exact_name,100,71.8959812345,1151,auto_confirmed,""
Alverca,Portugal. Liga 3,2f40cprg8nv4stxq2o4yxpx54,Alverca,Portugal,Primeira Liga,exact_name,100,79.8431792021,346,auto_confirmed,""
Amarante,Portugal. Liga 3,axnshgnuwsxkjni5hq4r26iie,Amarante,Portugal,Segunda Liga,exact_name,100,71.7965791076,1166,auto_confirmed,""
Amora,Portugal. Liga 3,6ousiheajkeo317a02ebrqukv,Amora,Portugal,Campeonato de Portugal Prio,exact_name,100,61.3954442792,3508,auto_confirmed,""
Anadia,Portugal. Liga 3,eodlb0ahzy621huo1tw0p0kzl,Anadia,Portugal,"",exact_name,100,60.4411304314,3797,auto_confirmed,""
Atlético CP,Portugal. Liga 3,d0gzp1iui8hx52e7bqly14i64,Atlético CP,Portugal,Liga 3,exact_name,100,68.5640861494,1676,auto_confirmed,""
CF Os Belenenses,Portugal. Liga 3,uywjf37irrmikbzh7b20uz9w,CF Os Belenenses,Portugal,Liga 3,exact_name,100,73.6648337046,926,auto_confirmed,""
Caldas,Portugal. Liga 3,1giygu4504lmkkjco8ccfrobm,Caldas,Portugal,Liga 3,exact_name,100,64.2781576238,2676,auto_confirmed,""
Canelas 2010,Portugal. Liga 3,"","","","",unmapped,,,,unmapped,""
Fafe,Portugal. Liga 3,5w3wrrqelv2pf640ajvibxlpl,Fafe,Portugal,Liga 3,exact_name,100,68.5732010188,1675,auto_confirmed,""
Felgueiras 1932,Portugal. Liga 3,ci8y5docbhlggjvx71kxsgmwa,Felgueiras 1932,Portugal,Segunda Liga,exact_name,100,73.302856842,972,auto_confirmed,""
Fontinhas,Portugal. Liga 3,"","","","",unmapped,,,,unmapped,""
Leça,Portugal. Liga 3,9g1860n6nqdyc4hyehcngv9m3,Leça,Portugal,Liga 3,exact_name,100,65.7789057342,2278,auto_confirmed,""
Louletano,Portugal. Liga 3,9d3wgs3wep7vxj20sehp5frsz,Louletano,Portugal,Liga 3,exact_name,100,65.0882121635,2448,auto_confirmed,""
Lusitania FC Lourosa,Portugal. Liga 3,3huujbewxi3af19b6vv5ijtas,Lusitânia Lourosa,Portugal,Segunda Liga,exact_name,100,73.9987774263,886,auto_confirmed,""
Lusitano Évora 1911,Portugal. Liga 3,emdk5oa7aq29wxbeldnlbau50,Lusitano Évora 1911,Portugal,Liga 3,exact_name,100,65.6616425775,2304,auto_confirmed,""
Mafra,Portugal. Liga 3,daortff1fx6p7a89f5mktme24,Mafra,Portugal,Liga 3,exact_name,100,68.4319158322,1701,auto_confirmed,""
Moncarapachense,Portugal. Liga 3,50hinwtzk39cqwljeib0b286h,Moncarapachense,Portugal,"",exact_name,100,61.4781434172,3487,auto_confirmed,""
Montalegre,Portugal. Liga 3,2tfpo1ujfe0yg6jfjmons3xj5,Montalegre,Portugal,Campeonato de Portugal Prio,exact_name,100,59.8167228553,3997,auto_confirmed,""
Oliveira Hospital,Portugal. Liga 3,dw86gaf37be7tm02czbx9peuz,Oliveira Hospital,Portugal,Campeonato de Portugal Prio,exact_name,100,64.5472781616,2584,auto_confirmed,""
Paredes,Portugal. Liga 3,y24w9got73fwjja30v5fcxk1,Paredes,Portugal,Liga 3,exact_name,100,68.3021910239,1724,auto_confirmed,""
Paços de Ferreira,Portugal. Liga 3,491xixnlsp75o7cr3w2gc1o0z,Paços de Ferreira,Portugal,Liga 3,exact_name,100,66.0699258075,2213,auto_confirmed,""
Pêro Pinheiro,Portugal. Liga 3,"","","","",unmapped,,,,unmapped,""
Real SC,Portugal. Liga 3,8hlj76e50dwhp9jl0rx5pqsox,Real,Portugal,Campeonato de Portugal Prio,exact_name,100,58.4554748113,4437,auto_confirmed,""
Sanjoanense,Portugal. Liga 3,4oahpdkygcd259ehwsdwdcc3o,Sanjoanense,Portugal,Campeonato de Portugal Prio,exact_name,100,61.8008089614,3410,auto_confirmed,""
Sporting Braga II,Portugal. Liga 3,6a42k7iu4xx82sel1z5bhwee9,Sporting Braga II,Portugal,Campeonato de Portugal Prio,exact_name,100,63.6522831278,2875,auto_confirmed,""
Sporting CP II,Portugal. Liga 3,3qlyw1agtz5xh64kt36ondudp,Sporting CP II,Portugal,Segunda Liga,exact_name,100,73.0380676962,1016,auto_confirmed,""
Sporting Covilhã,Portugal. Liga 3,a78dm717jtzbf6ab6bcxkue3m,Sporting Covilhã,Portugal,Liga 3,exact_name,100,63.6825099288,2866,auto_confirmed,""
São João Ver,Portugal. Liga 3,8p6ll2p9r9pn1v6myglt0zc3z,São João Ver,Portugal,Liga 3,exact_name,100,65.2213141513,2417,auto_confirmed,""
Trofense,Portugal. Liga 3,cud4wllxnak5zcd7oei6xrj25,Trofense,Portugal,Liga 3,exact_name,100,64.7355690871,2523,auto_confirmed,""
UD Oliveirense,Portugal. Liga 3,2f2jgmx67g80rseiraqud9krw,Oliveirense,Portugal,Liga 3,exact_name,100,67.2321607508,1940,auto_confirmed,""
União Santarém,Portugal. Liga 3,k4o3qz1woniwwwnjukg9438q,União Santarém,Portugal,Liga 3,exact_name,100,65.2269330251,2413,auto_confirmed,""
União de Leiria,Portugal. Liga 3,7aed9mbrjr6bktnm3y581eb43,União de Leiria,Portugal,Segunda Liga,exact_name,100,75.3438212044,723,auto_confirmed,""
Varzim,Portugal. Liga 3,dse1tfjrdzsckmtz1qpzlbaxi,Varzim,Portugal,Liga 3,exact_name,100,67.9248887734,1797,auto_confirmed,""
Vianense,Portugal. Liga 3,cas9rav00gffxhppz6230rgwv,Vianense,Portugal,Liga 3,exact_name,100,65.3944379913,2373,auto_confirmed,""
Vilaverdense,Portugal. Liga 3,f32f7fn4zmbmv2p73n8z9uwq2,Vilaverdense,Portugal,"",exact_name,100,57.5450090414,4755,auto_confirmed,""
Vitória Guimarães II,Portugal. Liga 3,8jh80e2cjfa933w1xfjw62b09,Vitória Guimarães II,Portugal,Liga 3,exact_name,100,66.6883278001,2070,auto_confirmed,""
Vitória Setúbal,Portugal. Liga 3,35lmie49ugu0u3yew2i8ieuf4,Vitória Setúbal,Portugal,Campeonato de Portugal Prio,exact_name,100,60.1280745259,3900,auto_confirmed,""
Vitória de Sernache,Portugal. Liga 3,b6wqf8rh8anmu6mcti3rktbvf,Vitória de Sernache,Portugal,Liga 3,exact_name,100,63.3464722607,2959,auto_confirmed,""
AVS,Portugal. Primeira Liga,di8rq9fo3z0bnsx08jljhnnys,AVS,Portugal,Segunda Liga,exact_name,100,73.2255572083,978,auto_confirmed,""
Académico de Viseu F.C.,Portugal. Primeira Liga,e7u3mygqhm9cwdarcsm03t6d1,Académico de Viseu,Portugal,Primeira Liga,fuzzy_country,90,79.9669793385,334,needs_review,""
Alverca,Portugal. Primeira Liga,2f40cprg8nv4stxq2o4yxpx54,Alverca,Portugal,Primeira Liga,exact_name,100,79.8431792021,346,auto_confirmed,""
Arouca,Portugal. Primeira Liga,dich5v7sw466smbqap0d9rbyj,Arouca,Portugal,Primeira Liga,exact_name,100,81.4809987314,246,auto_confirmed,""
Benfica,Portugal. Primeira Liga,9ldqu49smv1xg2va0n2cy28zl,Benfica,Portugal,Primeira Liga,exact_name,100,92.3357903151,17,auto_confirmed,""
Boavista,Portugal. Primeira Liga,ar8scj8m185etxr8jzcfufc2d,Boavista,Cabo Verde,Campeonato Nacional,exact_name,100,65.7568235901,2286,auto_confirmed,""
Casa Pia AC,Portugal. Primeira Liga,ewsf6evtguu9j7k6js4tlgl89,Casa Pia,Portugal,Primeira Liga,exact_name,100,77.0903108279,560,auto_confirmed,""
Chaves,Portugal. Primeira Liga,alyavx3ad35bp1xuwmqk7sgev,Chaves,Portugal,Segunda Liga,exact_name,100,73.0761965675,1009,auto_confirmed,""
Estoril,Portugal. Primeira Liga,22mo7qbsnyi8wtucpvhgvhw2q,Estoril,Portugal,Primeira Liga,exact_name,100,77.8656647094,497,auto_confirmed,""
Estrela Amadora,Portugal. Primeira Liga,"","","","",unmapped,,,,unmapped,""
Famalicão,Portugal. Primeira Liga,5c0sf1eaipcxvdw9o22of2jdp,Famalicão,Portugal,Primeira Liga,exact_name,100,83.479165371,152,auto_confirmed,""
Farense,Portugal. Primeira Liga,4q3s76lhr7sjib1a40ipix0sa,Farense,Portugal,Segunda Liga,exact_name,100,74.4599192917,819,auto_confirmed,""
Gil Vicente,Portugal. Primeira Liga,bwt8yfk8rkcwiwyr0mopd7wqd,Gil Vicente,Portugal,Primeira Liga,exact_name,100,81.212638554,270,auto_confirmed,""
Marítimo,Portugal. Primeira Liga,7kfx3xpj2c2wxinsyi16i9gaz,Marítimo,Portugal,Primeira Liga,exact_name,100,78.6972790531,429,auto_confirmed,""
Moreirense,Portugal. Primeira Liga,4a3yqn3kt1l18oklr7zxo4f1s,Moreirense,Portugal,Primeira Liga,exact_name,100,79.1155896162,401,auto_confirmed,""
Nacional,Portugal. Primeira Liga,99xu9ofwhlbp0lg1j4eiplgrg,Nacional,Portugal,Primeira Liga,exact_name,100,77.1863281157,555,auto_confirmed,""
Paços de Ferreira,Portugal. Primeira Liga,491xixnlsp75o7cr3w2gc1o0z,Paços de Ferreira,Portugal,Liga 3,exact_name,100,66.0699258075,2213,auto_confirmed,""
Portimonense,Portugal. Primeira Liga,co1i764h6b02husae71w6scs8,Portimonense,Portugal,Segunda Liga,exact_name,100,71.4934433192,1207,auto_confirmed,""
Porto,Portugal. Primeira Liga,66bsnl0zjb7l5akwo00h0y5me,Porto,Portugal,Primeira Liga,exact_name,100,90.9796427316,28,auto_confirmed,""
Rio Ave,Portugal. Primeira Liga,cgvbluoerzbzcr7aaxge3wkcv,Rio Ave,Portugal,Primeira Liga,exact_name,100,77.6286531564,521,auto_confirmed,""
Santa Clara,Portugal. Primeira Liga,cmbqc74mshg77ra7mywec2a6b,Santa Clara,Portugal,Primeira Liga,exact_name,100,82.5238325588,194,auto_confirmed,""
Sporting Braga,Portugal. Primeira Liga,26t6lvlpql4w5wu1ih73qpy36,Sporting Braga,Portugal,Primeira Liga,exact_name,100,86.5679710031,65,auto_confirmed,""
Sporting CP,Portugal. Primeira Liga,7catg5lpivcmpf4xhggh6d8rk,Sporting CP,Portugal,Primeira Liga,exact_name,100,91.4163778664,22,auto_confirmed,""
Tondela,Portugal. Primeira Liga,a4hzxqvnwxe9frlt8fvxfmppa,Tondela,Portugal,Segunda Liga,exact_name,100,74.3263765774,839,auto_confirmed,""
Vitória Guimarães,Portugal. Primeira Liga,8gvg1ranyf93hprfkwx3ofl2y,Vitória Guimarães,Portugal,Primeira Liga,exact_name,100,80.629460498,298,auto_confirmed,""
Vizela,Portugal. Primeira Liga,7fn0aazbc8nx0u040aulozds1,Vizela,Portugal,Segunda Liga,exact_name,100,74.739563255,788,auto_confirmed,""
AVS,Portugal. Segunda Liga,di8rq9fo3z0bnsx08jljhnnys,AVS,Portugal,Segunda Liga,exact_name,100,73.2255572083,978,auto_confirmed,""
Academico Viseu,Portugal. Segunda Liga,e7u3mygqhm9cwdarcsm03t6d1,Académico de Viseu,Portugal,Primeira Liga,fuzzy_country,90.91,79.9669793385,334,needs_review,""
Académica,Portugal. Segunda Liga,50zowclofxml79qe936fyxhfm,Académica,Portugal,Segunda Liga,exact_name,100,71.8959812345,1151,auto_confirmed,""
Académico de Viseu F.C.,Portugal. Segunda Liga,e7u3mygqhm9cwdarcsm03t6d1,Académico de Viseu,Portugal,Primeira Liga,fuzzy_country,90,79.9669793385,334,needs_review,""
Amarante,Portugal. Segunda Liga,axnshgnuwsxkjni5hq4r26iie,Amarante,Portugal,Segunda Liga,exact_name,100,71.7965791076,1166,auto_confirmed,""
Belenenses,Portugal. Segunda Liga,uywjf37irrmikbzh7b20uz9w,CF Os Belenenses,Portugal,Liga 3,exact_name,100,73.6648337046,926,auto_confirmed,""
Benfica II,Portugal. Segunda Liga,72kig6stvco9u4fe04gkef4jy,Benfica II,Portugal,Segunda Liga,exact_name,100,73.7260314686,919,auto_confirmed,""
CF Os Belenenses,Portugal. Segunda Liga,uywjf37irrmikbzh7b20uz9w,CF Os Belenenses,Portugal,Liga 3,exact_name,100,73.6648337046,926,auto_confirmed,""
Chaves,Portugal. Segunda Liga,alyavx3ad35bp1xuwmqk7sgev,Chaves,Portugal,Segunda Liga,exact_name,100,73.0761965675,1009,auto_confirmed,""
Estrela Amadora,Portugal. Segunda Liga,"","","","",unmapped,,,,unmapped,""
Farense,Portugal. Segunda Liga,4q3s76lhr7sjib1a40ipix0sa,Farense,Portugal,Segunda Liga,exact_name,100,74.4599192917,819,auto_confirmed,""
Feirense,Portugal. Segunda Liga,1eqgbl6a2ulf74tjbscpo7h6f,Feirense,Portugal,Segunda Liga,exact_name,100,71.0859253894,1271,auto_confirmed,""
Felgueiras 1932,Portugal. Segunda Liga,ci8y5docbhlggjvx71kxsgmwa,Felgueiras 1932,Portugal,Segunda Liga,exact_name,100,73.302856842,972,auto_confirmed,""
Leixões,Portugal. Segunda Liga,besfqoj9luw209n0ue5kmhso1,Leixões,Portugal,Segunda Liga,exact_name,100,74.332669351,838,auto_confirmed,""
Lusitania FC Lourosa,Portugal. Segunda Liga,3huujbewxi3af19b6vv5ijtas,Lusitânia Lourosa,Portugal,Segunda Liga,exact_name,100,73.9987774263,886,auto_confirmed,""
Mafra,Portugal. Segunda Liga,daortff1fx6p7a89f5mktme24,Mafra,Portugal,Liga 3,exact_name,100,68.4319158322,1701,auto_confirmed,""
Marítimo,Portugal. Segunda Liga,7kfx3xpj2c2wxinsyi16i9gaz,Marítimo,Portugal,Primeira Liga,exact_name,100,78.6972790531,429,auto_confirmed,""
Moreirense,Portugal. Segunda Liga,4a3yqn3kt1l18oklr7zxo4f1s,Moreirense,Portugal,Primeira Liga,exact_name,100,79.1155896162,401,auto_confirmed,""
Nacional,Portugal. Segunda Liga,99xu9ofwhlbp0lg1j4eiplgrg,Nacional,Portugal,Primeira Liga,exact_name,100,77.1863281157,555,auto_confirmed,""
Paços de Ferreira,Portugal. Segunda Liga,491xixnlsp75o7cr3w2gc1o0z,Paços de Ferreira,Portugal,Liga 3,exact_name,100,66.0699258075,2213,auto_confirmed,""
Penafiel,Portugal. Segunda Liga,446aaosn68pcifw0qf01unap0,Penafiel,Portugal,Segunda Liga,exact_name,100,74.9429816471,772,auto_confirmed,""
Portimonense,Portugal. Segunda Liga,co1i764h6b02husae71w6scs8,Portimonense,Portugal,Segunda Liga,exact_name,100,71.4934433192,1207,auto_confirmed,""
Porto II,Portugal. Segunda Liga,bviyo2cuobo1dmlchlmpwdrgj,Porto II,Portugal,Segunda Liga,exact_name,100,71.1601528524,1260,auto_confirmed,""
Santa Clara,Portugal. Segunda Liga,cmbqc74mshg77ra7mywec2a6b,Santa Clara,Portugal,Primeira Liga,exact_name,100,82.5238325588,194,auto_confirmed,""
Sporting CP II,Portugal. Segunda Liga,3qlyw1agtz5xh64kt36ondudp,Sporting CP II,Portugal,Segunda Liga,exact_name,100,73.0380676962,1016,auto_confirmed,""
Sporting Covilhã,Portugal. Segunda Liga,a78dm717jtzbf6ab6bcxkue3m,Sporting Covilhã,Portugal,Liga 3,exact_name,100,63.6825099288,2866,auto_confirmed,""
Tondela,Portugal. Segunda Liga,a4hzxqvnwxe9frlt8fvxfmppa,Tondela,Portugal,Segunda Liga,exact_name,100,74.3263765774,839,auto_confirmed,""
Torreense,Portugal. Segunda Liga,b4s4r679ggaejqjn6xcweh1qx,Torreense,Portugal,Segunda Liga,exact_name,100,75.5003628715,709,auto_confirmed,""
Trofense,Portugal. Segunda Liga,cud4wllxnak5zcd7oei6xrj25,Trofense,Portugal,Liga 3,exact_name,100,64.7355690871,2523,auto_confirmed,""
UD Oliveirense,Portugal. Segunda Liga,2f2jgmx67g80rseiraqud9krw,Oliveirense,Portugal,Liga 3,exact_name,100,67.2321607508,1940,auto_confirmed,""
União de Leiria,Portugal. Segunda Liga,7aed9mbrjr6bktnm3y581eb43,União de Leiria,Portugal,Segunda Liga,exact_name,100,75.3438212044,723,auto_confirmed,""
Vilafranquense,Portugal. Segunda Liga,"","","","",unmapped,,,,unmapped,""
Vilaverdense,Portugal. Segunda Liga,f32f7fn4zmbmv2p73n8z9uwq2,Vilaverdense,Portugal,"",exact_name,100,57.5450090414,4755,auto_confirmed,""
Vizela,Portugal. Segunda Liga,7fn0aazbc8nx0u040aulozds1,Vizela,Portugal,Segunda Liga,exact_name,100,74.739563255,788,auto_confirmed,""
Athlone Town,Republic of Ireland. First Division,16cg5i09k0hcr6240nljv2ap2,Athlone Town,Republic of Ireland,First Division,exact_name,100,54.6518898062,5741,auto_confirmed,""
Bray Wanderers,Republic of Ireland. First Division,5y31fsjcm3hgzqetatzjc1u59,Bray Wanderers,Republic of Ireland,First Division,exact_name,100,58.428330271,4452,auto_confirmed,""
Cobh Ramblers,Republic of Ireland. First Division,dfh3iy982najxg75apyg6ku8o,Cobh Ramblers,Republic of Ireland,First Division,exact_name,100,56.4907476068,5093,auto_confirmed,""
Cork City,Republic of Ireland. First Division,vgupememz87beb89669u7si0,Cork City,Republic of Ireland,First Division,exact_name,100,61.7314953736,3427,auto_confirmed,""
Dundalk,Republic of Ireland. First Division,436hohrrikc4zq7qgoquszrfq,Dundalk,Republic of Ireland,Premier Division,exact_name,100,67.8824552756,1810,auto_confirmed,""
Finn Harps,Republic of Ireland. First Division,14ktl175pk60elrteaj2xroe4,Finn Harps,Republic of Ireland,First Division,exact_name,100,50.5562097008,7627,auto_confirmed,""
Galway United,Republic of Ireland. First Division,alcqlgraa5a5t57uee3wgy2kd,Galway United,Republic of Ireland,Premier Division,exact_name,100,68.662594635,1655,auto_confirmed,""
Kerry,Republic of Ireland. First Division,wgbjm7ca1px00l1vwsoa1wr8,Kerry,Republic of Ireland,First Division,exact_name,100,54.8928613333,5649,auto_confirmed,""
Longford Town,Republic of Ireland. First Division,c8s9yfekymbmfdgjecxqdp19c,Longford Town,Republic of Ireland,First Division,exact_name,100,55.3803438675,5479,auto_confirmed,""
Treaty United,Republic of Ireland. First Division,1c1j9qk8e75fvowxil01el6hg,Treaty United,Republic of Ireland,First Division,exact_name,100,54.054952593,5978,auto_confirmed,""
UCD,Republic of Ireland. First Division,3qw5h34mpdb9ipwl38v2h387n,UCD,Republic of Ireland,First Division,exact_name,100,58.0126462169,4605,auto_confirmed,""
Waterford FC,Republic of Ireland. First Division,1du12fqlr6kjdnrkrao4diwt1,Waterford,Republic of Ireland,Premier Division,exact_name,100,68.6864322531,1647,auto_confirmed,""
Wexford,Republic of Ireland. First Division,2bw88ie8twd3nqsw0w48hn2y,Wexford,Republic of Ireland,First Division,exact_name,100,54.140849475,5942,auto_confirmed,""
Bohemians,Republic of Ireland. Premier Division,7qeeszxk0dy7hdvml7julotl,Bohemians,Republic of Ireland,Premier Division,exact_name,100,72.9474651533,1024,auto_confirmed,""
Cork City,Republic of Ireland. Premier Division,vgupememz87beb89669u7si0,Cork City,Republic of Ireland,First Division,exact_name,100,61.7314953736,3427,auto_confirmed,""
Derry City,Republic of Ireland. Premier Division,90mig1t9vpe2a8ckksz0oo29g,Derry City,Northern Ireland,Premier Division,exact_name,100,70.5343874761,1328,auto_confirmed,""
Drogheda United,Republic of Ireland. Premier Division,fd8o1pvys32969sd8d46sycp,Drogheda United,Republic of Ireland,Premier Division,exact_name,100,67.0230663037,1987,auto_confirmed,""
Dundalk,Republic of Ireland. Premier Division,436hohrrikc4zq7qgoquszrfq,Dundalk,Republic of Ireland,Premier Division,exact_name,100,67.8824552756,1810,auto_confirmed,""
Galway United,Republic of Ireland. Premier Division,alcqlgraa5a5t57uee3wgy2kd,Galway United,Republic of Ireland,Premier Division,exact_name,100,68.662594635,1655,auto_confirmed,""
Shamrock Rovers,Republic of Ireland. Premier Division,51xekmm31jztuvdliya7idg5d,Shamrock Rovers,Republic of Ireland,Premier Division,exact_name,100,73.1038308262,1002,auto_confirmed,""
Shelbourne,Republic of Ireland. Premier Division,7e5odtzvbyx4ubpzwyphao0sv,Shelbourne,Republic of Ireland,Premier Division,exact_name,100,70.0618726166,1408,auto_confirmed,""
Sligo Rovers,Republic of Ireland. Premier Division,aohs75l7e949y8lxxwoa44agb,Sligo Rovers,Republic of Ireland,Premier Division,exact_name,100,64.1853968347,2709,auto_confirmed,""
St. Patrick's Ath.,Republic of Ireland. Premier Division,1bb2bbjq1gdsq3qqlh3c6rxs7,St Patrick's Athletic,Republic of Ireland,Premier Division,fuzzy_country,86.49,73.6490968543,930,needs_review,""
UCD,Republic of Ireland. Premier Division,3qw5h34mpdb9ipwl38v2h387n,UCD,Republic of Ireland,First Division,exact_name,100,58.0126462169,4605,auto_confirmed,""
Waterford FC,Republic of Ireland. Premier Division,1du12fqlr6kjdnrkrao4diwt1,Waterford,Republic of Ireland,Premier Division,exact_name,100,68.6864322531,1647,auto_confirmed,""
1599 Şelimbăr,Romania. Liga II,7q74lzx7qk7knyzw0porexbhm,1599 Şelimbăr,Romania,Liga II,exact_name,100,60.7808851911,3698,auto_confirmed,""
ACS Muscelul Campulung Elite,Romania. Liga II,"","","","",unmapped,,,,unmapped,""
AFC ASA Târgu Mureș,Romania. Liga II,6vw0fbi5y5tt20gcv6uct99ed,ASA Târgu Mureş,Romania,Liga II,exact_name,100,63.0462355453,3041,auto_confirmed,""
AS FC Buzău,Romania. Liga II,"","","","",unmapped,,,,unmapped,""
ASU Poli,Romania. Liga II,"","","","",unmapped,,,,unmapped,""
Afumaţi,Romania. Liga II,b6bergeu2p6doq1nmnrsm9css,Afumaţi,Romania,Liga II,exact_name,100,62.1072340702,3325,auto_confirmed,""
Alexandria,Romania. Liga II,cofodk2zvmpqad9tpbfvkfp5i,Alexandria,Romania,Liga III,exact_name,100,50.0745884607,7865,auto_confirmed,""
Argeș,Romania. Liga II,befxy4scpnpswda99l7kck1ai,Argeș,Romania,Liga I,exact_name,100,73.1024316319,1003,auto_confirmed,""
Bacău,Romania. Liga II,4iv7f42d9ldw4yf0cplgtrpck,FC Bacău,Romania,Liga II,exact_name,100,63.8139555673,2829,auto_confirmed,""
Bihor Oradea,Romania. Liga II,24733pz3unj5zphib5vwqpgph,Bihor Oradea,Romania,Liga II,exact_name,100,64.3284011088,2662,auto_confirmed,""
Brașov Steagul Renaște,Romania. Liga II,"","","","",unmapped,,,,unmapped,""
CS Dinamo București,Romania. Liga II,23hgxksu7gesekjtfzipf3fv8,CS Dinamo București,Romania,Liga II,exact_name,100,57.1375693915,4887,auto_confirmed,""
CSA Steaua Bucureşti,Romania. Liga II,1bgj5g7kgr54058unwjx90tii,CSA Steaua Bucureşti,Romania,Liga II,exact_name,100,63.2624531674,2979,auto_confirmed,""
CSM Râmnicu Vâlcea,Romania. Liga II,7tgoxy8gogqiqtp2ra9vcvqo,SCM Râmnicu Vâlcea,Romania,Liga II,fuzzy_country,94.44,60.9998422185,3626,needs_review,""
CSM Satu Mare,Romania. Liga II,"","","","",unmapped,,,,unmapped,""
CSMS Iaşi,Romania. Liga II,"","","","",unmapped,,,,unmapped,""
Ceahlăul Piatra Neamţ,Romania. Liga II,b0hkkpu4o1lukuvzvfetz4w3k,Ceahlăul Piatra Neamţ,Romania,Liga III,exact_name,100,47.7662299348,9005,auto_confirmed,""
Cetatea Suceava,Romania. Liga II,"","","","",unmapped,,,,unmapped,""
Chindia Târgovişte,Romania. Liga II,algr7w7tg3c3q1uxph9u42t2m,Chindia Târgovişte,Romania,Liga II,exact_name,100,65.1205227484,2440,auto_confirmed,""
Concordia Chiajna,Romania. Liga II,8uui3ksgyafgd0bm0m9zraszz,Concordia Chiajna,Romania,Liga II,exact_name,100,64.663557083,2544,auto_confirmed,""
Corvinul Hunedoara,Romania. Liga II,9cf1olqnc66wv4dpcvme7kel8,Corvinul Hunedoara,Romania,Liga I,exact_name,100,73.4238723581,958,auto_confirmed,""
Csikszereda Miercurea Ciuc,Romania. Liga II,a8dd7jbmqd5sfzpsnn5fbq3du,Csikszereda,Romania,Liga I,fuzzy_country,92.86,69.2805278358,1531,needs_review,""
Dinamo Bucureşti,Romania. Liga II,4ybwddav26beowvtabxp0al4w,Dinamo Bucureşti,Romania,Liga I,exact_name,100,79.2704743877,387,auto_confirmed,""
Dumbrăviţa,Romania. Liga II,9nhis01qafggfvdpl2f66eru2,Dumbrăviţa,Romania,Liga II,exact_name,100,58.0602489061,4587,auto_confirmed,""
Focşani,Romania. Liga II,"","","","",unmapped,,,,unmapped,""
Gloria Bistriţa,Romania. Liga II,6lndoxf0wd0teijvz5gy8iz56,Gloria Bistriţa,Romania,Liga II,exact_name,100,62.1564823237,3299,auto_confirmed,""
Gloria Popești-Leordeni,Romania. Liga II,"","","","",unmapped,,,,unmapped,""
Metaloglobus,Romania. Liga II,4dwrbf4ky8z96sjvocwird7wm,Metaloglobus,Romania,Liga II,exact_name,100,64.0265682994,2755,auto_confirmed,""
Metalul Buzău,Romania. Liga II,45bgdp88xztfzmw14azza1nca,Metalul Buzău,Romania,Liga II,exact_name,100,65.8417473755,2266,auto_confirmed,""
Minaur Baia Mare,Romania. Liga II,8lmi7aqwfn3d24vxky6dxnrhd,Minaur Baia Mare,Romania,Liga III,exact_name,100,56.1532950174,5209,auto_confirmed,""
Mioveni,Romania. Liga II,"","","","",unmapped,,,,unmapped,""
Oţelul,Romania. Liga II,3yo4oywqy61m0zjsnbi45xq1o,Oţelul Galați,Romania,Liga I,exact_name,100,73.0587063446,1013,auto_confirmed,""
Poli Iaşi,Romania. Liga II,"","","","",unmapped,,,,unmapped,""
Progresul Spartac,Romania. Liga II,56dmzm3pn6rneuthk9sdwl8iy,Progresul Spartac,Romania,Liga III,exact_name,100,49.1083666759,8351,auto_confirmed,""
Ripensia Timişoara,Romania. Liga II,"","","","",unmapped,,,,unmapped,""
SCM Râmnicu Vâlcea,Romania. Liga II,7tgoxy8gogqiqtp2ra9vcvqo,SCM Râmnicu Vâlcea,Romania,Liga II,exact_name,100,60.9998422185,3626,auto_confirmed,""
Sepsi,Romania. Liga II,dlavwqk2bgjqgbfw3q8qxp8ku,Sepsi,Romania,Liga I,exact_name,100,72.5034916039,1075,auto_confirmed,""
Slatina,Romania. Liga II,extenbcnavojs660vxothzkvw,Slatina,Romania,Liga II,exact_name,100,67.9736335606,1786,auto_confirmed,""
Steaua Bucureşti,Romania. Liga II,1bgj5g7kgr54058unwjx90tii,CSA Steaua Bucureşti,Romania,Liga II,fuzzy_country,88.89,63.2624531674,2979,needs_review,""
Tunari,Romania. Liga II,batocx2tgija20dsa5u87inna,Tunari,Romania,Liga III,exact_name,100,52.7121381251,6521,auto_confirmed,""
U Craiova 1948,Romania. Liga II,"","","","",unmapped,,,,unmapped,""
Unirea Constanța,Romania. Liga II,"","","","",unmapped,,,,unmapped,""
Unirea Dej,Romania. Liga II,7x9jd29r3k6tg9vai7w8ngmzb,Unirea Dej,Romania,Liga III,exact_name,100,45.154352261,10164,auto_confirmed,""
Unirea Slobozia,Romania. Liga II,9m5ohkupwmvwc87v4gjj2vw4w,Unirea Slobozia,Romania,Liga II,exact_name,100,62.7195749139,3126,auto_confirmed,""
Unirea Ungheni,Romania. Liga II,"","","","",unmapped,,,,unmapped,""
Viitorul P. Targu Jiu,Romania. Liga II,"","","","",unmapped,,,,unmapped,""
Voluntari,Romania. Liga II,c9vx2qcl04ab9uiab1gb7jk3k,Voluntari,Romania,Liga I,exact_name,100,70.9553205814,1285,auto_confirmed,""
Şcolar Reşiţa,Romania. Liga II,"","","","",unmapped,,,,unmapped,""
Ştefăneşti,Romania. Liga II,8l1t4f7674214wk6i7ywi3zqc,Ştefăneşti,Romania,Liga II,exact_name,100,58.2598127121,4513,auto_confirmed,""
AS FC Buzău,Romania. Superliga,"","","","",unmapped,,,,unmapped,""
Argeș,Romania. Superliga,befxy4scpnpswda99l7kck1ai,Argeș,Romania,Liga I,exact_name,100,73.1024316319,1003,auto_confirmed,""
Botoşani,Romania. Superliga,a3o7a3tkzwjzwjlphzl531emn,Botoșani,Romania,Liga I,exact_name,100,73.0496113717,1015,auto_confirmed,""
CFR Cluj,Romania. Superliga,j9rqsuwsz35jx5drlh5f629w,CFR Cluj,Romania,Liga I,exact_name,100,76.5490456379,608,auto_confirmed,""
Chindia Târgovişte,Romania. Superliga,algr7w7tg3c3q1uxph9u42t2m,Chindia Târgovişte,Romania,Liga II,exact_name,100,65.1205227484,2440,auto_confirmed,""
Corvinul Hunedoara,Romania. Superliga,9cf1olqnc66wv4dpcvme7kel8,Corvinul Hunedoara,Romania,Liga I,exact_name,100,73.4238723581,958,auto_confirmed,""
Csikszereda Miercurea Ciuc,Romania. Superliga,a8dd7jbmqd5sfzpsnn5fbq3du,Csikszereda,Romania,Liga I,fuzzy_country,92.86,69.2805278358,1531,needs_review,""
Dinamo Bucureşti,Romania. Superliga,4ybwddav26beowvtabxp0al4w,Dinamo Bucureşti,Romania,Liga I,exact_name,100,79.2704743877,387,auto_confirmed,""
FCS Bucureşti,Romania. Superliga,"","","","",unmapped,,,,unmapped,""
Farul Constanţa,Romania. Superliga,3p3r3bt8hqpia1j9kr9olotwq,FCV Farul Constanţa,Romania,Liga I,fuzzy_country,88.24,73.4546497761,951,needs_review,""
Hermannstadt,Romania. Superliga,emg199zltqfkhovwtju2g9vrg,Hermannstadt,Romania,"",exact_name,100,73.0128812772,1019,auto_confirmed,""
Metaloglobus,Romania. Superliga,4dwrbf4ky8z96sjvocwird7wm,Metaloglobus,Romania,Liga II,exact_name,100,64.0265682994,2755,auto_confirmed,""
Mioveni,Romania. Superliga,"","","","",unmapped,,,,unmapped,""
Oţelul,Romania. Superliga,3yo4oywqy61m0zjsnbi45xq1o,Oţelul Galați,Romania,Liga I,exact_name,100,73.0587063446,1013,auto_confirmed,""
Petrolul 52,Romania. Superliga,czsohsjmwhettk5rmxh8re9gq,Petrolul 52,Romania,Liga I,exact_name,100,72.7907380959,1039,auto_confirmed,""
Poli Iaşi,Romania. Superliga,"","","","",unmapped,,,,unmapped,""
Rapid Bucureşti,Romania. Superliga,m3g7lo120vb7qbmq5sqey05b,Rapid Bucureşti,Romania,Liga I,exact_name,100,77.5864143291,524,auto_confirmed,""
Sepsi,Romania. Superliga,dlavwqk2bgjqgbfw3q8qxp8ku,Sepsi,Romania,Liga I,exact_name,100,72.5034916039,1075,auto_confirmed,""
U Craiova 1948,Romania. Superliga,"","","","",unmapped,,,,unmapped,""
UTA Arad,Romania. Superliga,370w0gmyx6yp4pf86byr2n4k5,UTA Arad,Romania,Liga I,exact_name,100,74.6437892518,795,auto_confirmed,""
Unirea Slobozia,Romania. Superliga,9m5ohkupwmvwc87v4gjj2vw4w,Unirea Slobozia,Romania,Liga II,exact_name,100,62.7195749139,3126,auto_confirmed,""
Universitatea Cluj,Romania. Superliga,1umdtlidvrcxd3umripq0f8tm,Universitatea Cluj,Romania,Liga I,exact_name,100,77.9888730242,485,auto_confirmed,""
Universitatea Craiova,Romania. Superliga,83rbv17lblttd5vcb3emcyzms,Universitatea Craiova,Romania,Liga I,exact_name,100,80.6796619926,294,auto_confirmed,""
Voluntari,Romania. Superliga,c9vx2qcl04ab9uiab1gb7jk3k,Voluntari,Romania,Liga I,exact_name,100,70.9553205814,1285,auto_confirmed,""
Akhmat Grozny,Russia. Premier League,akank46134gx4nnpfbm5wttgu,Akhmat Grozny,Russia,Premier League,exact_name,100,76.2224770907,639,auto_confirmed,""
Akron Togliatti,Russia. Premier League,4limsu2almsie8d6vw7b4amwa,Akron,Russia,Premier League,fuzzy_country,89.66,73.5494274489,939,needs_review,""
Baltika,Russia. Premier League,73a4lk9f0nurp4huviejjaoxh,Baltika,Russia,Premier League,exact_name,100,78.6627362527,434,auto_confirmed,""
CSKA Moskva,Russia. Premier League,6nfubpry6l0z27drwbvesjpvn,CSKA Moskva,Russia,Premier League,exact_name,100,80.4481684231,308,auto_confirmed,""
Dinamo Moskva,Russia. Premier League,8mrwjyt72h0oqpj24xi4f7e8s,Dinamo Moskva,Russia,Premier League,exact_name,100,82.3189947765,204,auto_confirmed,""
Dynamo Makhachkala,Russia. Premier League,f1b4t024a0u37ojeja2una7ai,Dinamo Makhachkala,Russia,Premier League,fuzzy_country,94.44,75.828784653,676,needs_review,""
Fakel,Russia. Premier League,c49dcd6hd81tv9f2o9ltxqsfx,Fakel,Russia,Premier League,exact_name,100,72.6703862238,1054,auto_confirmed,""
Khimki,Russia. Premier League,"","","","",unmapped,,,,unmapped,""
Krasnodar,Russia. Premier League,17icf335ajx0bgofq41xsz8tv,Krasnodar,Russia,Premier League,exact_name,100,84.1469452497,128,auto_confirmed,""
Krylya Sovetov,Russia. Premier League,2kf8wmpaiufla46toezfpguas,Krylya Sovetov,Russia,Premier League,exact_name,100,76.0555069405,655,auto_confirmed,""
Lokomotiv Moskva,Russia. Premier League,3v69o7jfactkbwba836fnzyr4,Lokomotiv Moskva,Russia,Premier League,exact_name,100,77.9103415834,490,auto_confirmed,""
Nizhny Novgorod,Russia. Premier League,551am27ynhfd2ciffnfz1ehk7,Nizhny Novgorod,Russia,First League,exact_name,100,72.2798950592,1099,auto_confirmed,""
Orenburg,Russia. Premier League,6j1r4zpoysezjln5ro143mqnt,Orenburg,Russia,Premier League,exact_name,100,75.2124294013,745,auto_confirmed,""
Rodina Moskva,Russia. Premier League,16gl9xwxhe1h3jighorbzazqi,Rodina Moskva,Russia,Premier League,exact_name,100,73.1493041405,995,auto_confirmed,""
Rostov,Russia. Premier League,c21b842qbf0i82euyl4yb5y0l,Rostov,Russia,Premier League,exact_name,100,76.6255291112,602,auto_confirmed,""
Rubin Kazan',Russia. Premier League,8zz9e2ser5l4mdi9xb1q530z0,Rubin Kazan,Russia,Premier League,exact_name,100,77.3448349736,543,auto_confirmed,""
Sochi,Russia. Premier League,dv01yd3xywvn4tyrad7pcqjht,Sochi,Russia,First League,exact_name,100,70.0818402531,1404,auto_confirmed,""
Spartak Moskva,Russia. Premier League,42qvrbdkk5p9kqrhd0g9er2aq,Spartak Moskva,Russia,Premier League,exact_name,100,82.8523032058,182,auto_confirmed,""
Torpedo Moskva,Russia. Premier League,3f66aqat0e0auj1x9fjeym9u0,Torpedo Moskva,Russia,First League,exact_name,100,70.7403122997,1306,auto_confirmed,""
Ural,Russia. Premier League,8z118klpzvd6vslyas9wugj87,Ural,Russia,First League,exact_name,100,72.3145383346,1095,auto_confirmed,""
Zenit,Russia. Premier League,1vd9iy5rcvl17r18piwwymg6q,Zenit,Russia,Premier League,exact_name,100,85.1152189143,100,auto_confirmed,""
Abha,Saudi Arabia. Division 1,d47tf49ishm9qnfd8zyc8wv0j,Abha,Saudi Arabia,Saudi League,exact_name,100,69.6986367855,1470,auto_confirmed,""
Al Adalah,Saudi Arabia. Division 1,cq4rdp1mkan8zhaw7bmzjdaqk,Al Adalah,Saudi Arabia,First Division League,exact_name,100,60.0700342722,3913,auto_confirmed,""
Al Ahli,Saudi Arabia. Division 1,aj1bdyuwq8pdwycaa9kba8uni,Al Ahli,Saudi Arabia,Saudi League,exact_name,100,81.6176758651,240,auto_confirmed,""
Al Ain,Saudi Arabia. Division 1,b3df6ccyzhtz87e1bhncknf77,Al-Ain,Saudi Arabia,Division 2,exact_name,100,57.7489370482,4698,auto_confirmed,""
Al Akhdoud,Saudi Arabia. Division 1,"","","","",unmapped,,,,unmapped,""
Al Anwar Club,Saudi Arabia. Division 1,9hd1so81z4sfj42f0w2sltx7u,Al Anwar,Saudi Arabia,First Division League,exact_name,100,62.1252443241,3312,auto_confirmed,""
Al Arabi,Saudi Arabia. Division 1,5cm6ysfdodp5n048w6f1nnu6h,Al Arabi,Saudi Arabia,Division 2,exact_name,100,56.0084496129,5254,auto_confirmed,""
Al Batin,Saudi Arabia. Division 1,dbhdov3cc47kcr1hjg5qr5qg7,Al Batin,Saudi Arabia,Division 2,exact_name,100,56.9558201945,4944,auto_confirmed,""
Al Bukayriyah,Saudi Arabia. Division 1,7kkelos3ypuizgcx85ey8kk16,Al Bukayriyah,Saudi Arabia,First Division League,exact_name,100,58.7798348964,4332,auto_confirmed,""
Al Draih,Saudi Arabia. Division 1,"","","","",unmapped,,,,unmapped,""
Al Faisaly,Saudi Arabia. Division 1,deimzozzh7z0lof7g9olvmq6h,Al Faisaly,Saudi Arabia,Saudi League,exact_name,100,69.6783149914,1472,auto_confirmed,""
Al Hazem,Saudi Arabia. Division 1,dgi72jj27o29uizez3ciocdwc,Al Hazem,Saudi Arabia,Saudi League,exact_name,100,71.8326997383,1159,auto_confirmed,""
Al Jabalain,Saudi Arabia. Division 1,ac5p0i32gzg6ii7a5segyuj31,Al Jabalain,Saudi Arabia,First Division League,exact_name,100,64.6151487073,2560,auto_confirmed,""
Al Jandal,Saudi Arabia. Division 1,bl99rzp8gbaqak4fibnd13eqy,Al Jandal,Saudi Arabia,First Division League,exact_name,100,58.2041763218,4535,auto_confirmed,""
Al Jeel,Saudi Arabia. Division 1,a72dosqjxj6o1422q6373pmne,Al Jeel,Saudi Arabia,First Division League,exact_name,100,57.8864741369,4644,auto_confirmed,""
Al Jubail,Saudi Arabia. Division 1,b9kud1dk6p3n5b9pmfj1nu8oa,Al Jubail,Saudi Arabia,Division 2,exact_name,100,55.6469832919,5383,auto_confirmed,""
Al Kholood,Saudi Arabia. Division 1,3eha2sarrs9ttx6mnxl92wacq,Al Kholood,Saudi Arabia,Saudi League,exact_name,100,72.7687667035,1042,auto_confirmed,""
Al Najma,Saudi Arabia. Division 1,6sh4w5q771qh9l4ekri5hm7tl,Al Najma,Saudi Arabia,First Division League,exact_name,100,65.124104282,2439,auto_confirmed,""
Al Orubah,Saudi Arabia. Division 1,51kher7vturwsb8p54fw0k8mr,Al Orobah,Saudi Arabia,First Division League,fuzzy_country,88.89,65.2259490309,2414,needs_review,""
Al Qadisiyah,Saudi Arabia. Division 1,90k2kbbkk2cj55yhkivdqn0ym,Al Qadsiah,Saudi Arabia,Saudi League,fuzzy_country,90.91,82.3225475461,203,needs_review,""
Al Qaisoma,Saudi Arabia. Division 1,"","","","",unmapped,,,,unmapped,""
Al Raed,Saudi Arabia. Division 1,6ttwlm6op92r4670oayg5md7h,Al Raed,Saudi Arabia,First Division League,exact_name,100,64.5294309968,2590,auto_confirmed,""
Al Riyadh,Saudi Arabia. Division 1,e8vx5q2foz1r1ytu2mgbfj0m,Al Riyadh,Saudi Arabia,Saudi League,exact_name,100,70.9154715198,1291,auto_confirmed,""
Al Safa,Saudi Arabia. Division 1,evzrozq2rvxdjg1k1pk2sncrd,Al Safa,Saudi Arabia,Division 2,exact_name,100,53.2859769156,6278,auto_confirmed,""
Al Sahel,Saudi Arabia. Division 1,3wdy2hco5hhx9rs060yqe0rzp,Al Sahel,Saudi Arabia,Division 2,exact_name,100,57.264644332,4846,auto_confirmed,""
Al Saqer,Saudi Arabia. Division 1,89tyw6f2mwtakjfy2zaga5f6c,Al Saqer,Saudi Arabia,First Division League,exact_name,100,60.5285217213,3769,auto_confirmed,""
Al Shoalah,Saudi Arabia. Division 1,b1znvxkqe77rri1jtcx6gogfx,Al Shoalah,Saudi Arabia,Division 2,exact_name,100,56.1650145786,5205,auto_confirmed,""
Al Ta'ee,Saudi Arabia. Division 1,"","","","",unmapped,,,,unmapped,""
Al Taraji,Saudi Arabia. Division 1,a7v8vq8yh86gmbaioh3am92qt,Al Taraji,Saudi Arabia,Division 2,exact_name,100,53.0012424565,6385,auto_confirmed,""
Al Ula,Saudi Arabia. Division 1,19gpiq1xkaafaypgr7wxof5lg,Al Ula,Saudi Arabia,First Division League,exact_name,100,68.678088428,1652,auto_confirmed,""
Al Wehda,Saudi Arabia. Division 1,2xl3g56k2mbuwdbre46s29vt4,Al Wehda,Saudi Arabia,First Division League,exact_name,100,63.6481349975,2876,auto_confirmed,""
Al Zulfi,Saudi Arabia. Division 1,6q32eyocjcakj60oeo3qx162q,Al Zulfi,Saudi Arabia,First Division League,exact_name,100,63.5757290703,2901,auto_confirmed,""
Dhamk,Saudi Arabia. Division 1,"","","","",unmapped,,,,unmapped,""
Hajer,Saudi Arabia. Division 1,2fuy9rflp95i8eyc0opk6dj9c,Hajer,Saudi Arabia,First Division League,exact_name,100,58.9268023367,4277,auto_confirmed,""
Jeddah,Saudi Arabia. Division 1,46rrxvplp72ryc1fmdo11dhfi,Jeddah,Saudi Arabia,First Division League,exact_name,100,58.9690927463,4262,auto_confirmed,""
NEOM,Saudi Arabia. Division 1,3syp26wx3cg4oraxo38b58e22,NEOM,Saudi Arabia,Saudi League,exact_name,100,75.2401055127,740,auto_confirmed,""
Najran,Saudi Arabia. Division 1,d8ekn09r1c1hhrqiptgt1yyhh,Najran,Saudi Arabia,Division 2,exact_name,100,55.8575058042,5309,auto_confirmed,""
Ohod,Saudi Arabia. Division 1,c3foqejge9hwet4h7424vmlk7,Ohod,Saudi Arabia,"",exact_name,100,45.70752106,9901,auto_confirmed,""
Abha,Saudi Arabia. Pro League,d47tf49ishm9qnfd8zyc8wv0j,Abha,Saudi Arabia,Saudi League,exact_name,100,69.6986367855,1470,auto_confirmed,""
Al Adalah,Saudi Arabia. Pro League,cq4rdp1mkan8zhaw7bmzjdaqk,Al Adalah,Saudi Arabia,First Division League,exact_name,100,60.0700342722,3913,auto_confirmed,""
Al Ahli,Saudi Arabia. Pro League,aj1bdyuwq8pdwycaa9kba8uni,Al Ahli,Saudi Arabia,Saudi League,exact_name,100,81.6176758651,240,auto_confirmed,""
Al Akhdoud,Saudi Arabia. Pro League,"","","","",unmapped,,,,unmapped,""
Al Batin,Saudi Arabia. Pro League,dbhdov3cc47kcr1hjg5qr5qg7,Al Batin,Saudi Arabia,Division 2,exact_name,100,56.9558201945,4944,auto_confirmed,""
Al Draih,Saudi Arabia. Pro League,"","","","",unmapped,,,,unmapped,""
Al Ettifaq,Saudi Arabia. Pro League,7dkxxicrwn77jpdfkwpnlnnyn,Al Ettifaq,Saudi Arabia,Saudi League,exact_name,100,73.5886655844,936,auto_confirmed,""
Al Faisaly,Saudi Arabia. Pro League,deimzozzh7z0lof7g9olvmq6h,Al Faisaly,Saudi Arabia,Saudi League,exact_name,100,69.6783149914,1472,auto_confirmed,""
Al Fateh,Saudi Arabia. Pro League,aekjg4wbxaixtwu4aicmiju92,Al Fateh,Saudi Arabia,Saudi League,exact_name,100,70.9532889733,1286,auto_confirmed,""
Al Feiha,Saudi Arabia. Pro League,"","","","",unmapped,,,,unmapped,""
Al Hazem,Saudi Arabia. Pro League,dgi72jj27o29uizez3ciocdwc,Al Hazem,Saudi Arabia,Saudi League,exact_name,100,71.8326997383,1159,auto_confirmed,""
Al Hilal,Saudi Arabia. Pro League,c9swyor08g9pedxpe3n321svu,Al Hilal,Saudi Arabia,Saudi League,exact_name,100,85.5147390284,88,auto_confirmed,""
Al Ittihad,Saudi Arabia. Pro League,2kzl64gp8x37bon8tyxojqrr1,Al Ittihad,Saudi Arabia,Saudi League,exact_name,100,78.6753664266,431,auto_confirmed,""
Al Khaleej,Saudi Arabia. Pro League,7w4300dn2tnd0eqmbtk531tkx,Al Khaleej,Saudi Arabia,Saudi League,exact_name,100,70.5285029146,1331,auto_confirmed,""
Al Kholood,Saudi Arabia. Pro League,3eha2sarrs9ttx6mnxl92wacq,Al Kholood,Saudi Arabia,Saudi League,exact_name,100,72.7687667035,1042,auto_confirmed,""
Al Najma,Saudi Arabia. Pro League,6sh4w5q771qh9l4ekri5hm7tl,Al Najma,Saudi Arabia,First Division League,exact_name,100,65.124104282,2439,auto_confirmed,""
Al Nassr,Saudi Arabia. Pro League,57jcqe38hakh2hfit2zsogsb,Al Nassr,Saudi Arabia,Saudi League,exact_name,100,83.2382597209,166,auto_confirmed,""
Al Orubah,Saudi Arabia. Pro League,51kher7vturwsb8p54fw0k8mr,Al Orobah,Saudi Arabia,First Division League,fuzzy_country,88.89,65.2259490309,2414,needs_review,""
Al Qadisiyah,Saudi Arabia. Pro League,90k2kbbkk2cj55yhkivdqn0ym,Al Qadsiah,Saudi Arabia,Saudi League,fuzzy_country,90.91,82.3225475461,203,needs_review,""
Al Raed,Saudi Arabia. Pro League,6ttwlm6op92r4670oayg5md7h,Al Raed,Saudi Arabia,First Division League,exact_name,100,64.5294309968,2590,auto_confirmed,""
Al Riyadh,Saudi Arabia. Pro League,e8vx5q2foz1r1ytu2mgbfj0m,Al Riyadh,Saudi Arabia,Saudi League,exact_name,100,70.9154715198,1291,auto_confirmed,""
Al Shabab,Saudi Arabia. Pro League,2ry1fixv27p3xepazsxcuyoho,Al Shabab,Saudi Arabia,Saudi League,exact_name,100,71.7374949072,1173,auto_confirmed,""
Al Ta'ee,Saudi Arabia. Pro League,"","","","",unmapped,,,,unmapped,""
Al Taawon,Saudi Arabia. Pro League,o1iwuxbv233ayidxpibbxy59,Al Taawoun,Saudi Arabia,Saudi League,fuzzy_country,94.74,73.1654637328,993,needs_review,""
Al Wehda,Saudi Arabia. Pro League,2xl3g56k2mbuwdbre46s29vt4,Al Wehda,Saudi Arabia,First Division League,exact_name,100,63.6481349975,2876,auto_confirmed,""
Dhamk,Saudi Arabia. Pro League,"","","","",unmapped,,,,unmapped,""
NEOM,Saudi Arabia. Pro League,3syp26wx3cg4oraxo38b58e22,NEOM,Saudi Arabia,Saudi League,exact_name,100,75.2401055127,740,auto_confirmed,""
Airdrieonians,Scotland. Championship,7owtsl6rlpitz290bh725b8th,Airdrieonians,Scotland,League One,exact_name,100,55.9114572282,5287,auto_confirmed,""
Arbroath,Scotland. Championship,9kji8qe24e7yevgp2kpcfp4km,Arbroath,Scotland,Championship,exact_name,100,62.8018609854,3101,auto_confirmed,""
Ayr United,Scotland. Championship,67w07p12d1dpxb6dhc51nbo2s,Ayr United,Scotland,Championship,exact_name,100,62.5124364846,3183,auto_confirmed,""
Cove Rangers,Scotland. Championship,5h4rnp2esggfyybvay8y0g8rg,Cove Rangers,Scotland,League One,exact_name,100,53.5543215608,6157,auto_confirmed,""
Dundee,Scotland. Championship,g7em7tpuicehjy3wmsbimsee,Dundee,Scotland,Premiership,exact_name,100,72.4552051606,1082,auto_confirmed,""
Dundee United,Scotland. Championship,4qdzzur2cuuridyb0jso8mksi,Dundee United,Scotland,Premiership,exact_name,100,73.3909959896,962,auto_confirmed,""
Dunfermline Athletic,Scotland. Championship,ii6qsv85a15vp2x67l6so95u,Dunfermline Athletic,Scotland,Championship,exact_name,100,65.1022603122,2446,auto_confirmed,""
Falkirk,Scotland. Championship,1pq8av8ecx28pshgtpkdj36nt,Falkirk,Scotland,Premiership,exact_name,100,73.1818344533,989,auto_confirmed,""
Greenock Morton,Scotland. Championship,b9je2kl3qavsa5k8fmb4qgb8x,Greenock Morton,Scotland,Championship,exact_name,100,58.5862559569,4398,auto_confirmed,""
Hamilton Academical,Scotland. Championship,esrhmpplvk6qlzg3g6z1db87h,Hamilton Academical,Scotland,League One,exact_name,100,59.4729022375,4100,auto_confirmed,""
Inverness CT,Scotland. Championship,bqka8j85xqagebm9e11du7cea,Inverness CT,Scotland,Championship,exact_name,100,62.2060809762,3285,auto_confirmed,""
Livingston,Scotland. Championship,besu5lkqmra07drq1czpr0tk4,Livingston,Scotland,Championship,exact_name,100,64.5511425326,2583,auto_confirmed,""
Partick Thistle,Scotland. Championship,fuawxbt50gqdtyspvhmwweqv,Partick Thistle,Scotland,Championship,exact_name,100,67.7653200296,1827,auto_confirmed,""
Queen's Park,Scotland. Championship,69zo23fch5gs3engsrhq24yme,Queen's Park,Scotland,Championship,exact_name,100,59.6687757551,4041,auto_confirmed,""
Raith Rovers,Scotland. Championship,4k36vwyt7jeumyfrpoalembdt,Raith Rovers,Scotland,Championship,exact_name,100,65.902129563,2251,auto_confirmed,""
Ross County,Scotland. Championship,87coxipr6ls77tnlba3eselx0,Ross County,Scotland,League One,exact_name,100,60.650976455,3733,auto_confirmed,""
St. Johnstone,Scotland. Championship,ez46dadmx0virt38cgeq2n6pf,St. Johnstone,Scotland,Premiership,exact_name,100,72.1000207756,1128,auto_confirmed,""
Stenhousemuir,Scotland. Championship,9dw8ynebxu38mp1ad0m1pwg52,Stenhousemuir,Scotland,Championship,exact_name,100,64.5982169524,2565,auto_confirmed,""
Aberdeen,Scotland. Premiership,841zp0njrq63yv4fvw6lgf60q,Aberdeen,Scotland,Premiership,exact_name,100,72.8858951926,1031,auto_confirmed,""
Celtic,Scotland. Premiership,dvnjvad3p09dugr79gktlrtll,Celtic,Scotland,Premiership,exact_name,100,82.4276863756,199,auto_confirmed,""
Dundee,Scotland. Premiership,g7em7tpuicehjy3wmsbimsee,Dundee,Scotland,Premiership,exact_name,100,72.4552051606,1082,auto_confirmed,""
Dundee United,Scotland. Premiership,4qdzzur2cuuridyb0jso8mksi,Dundee United,Scotland,Premiership,exact_name,100,73.3909959896,962,auto_confirmed,""
Falkirk,Scotland. Premiership,1pq8av8ecx28pshgtpkdj36nt,Falkirk,Scotland,Premiership,exact_name,100,73.1818344533,989,auto_confirmed,""
Hearts,Scotland. Premiership,1hcbcuu846pa3iw6qskiws1cu,Heart of Midlothian,Scotland,Premiership,exact_name,100,78.8867318564,416,auto_confirmed,""
Hibernian,Scotland. Premiership,c9ky1957qli8v2lylfga7io8b,Hibernian,Scotland,Premiership,exact_name,100,75.691831729,688,auto_confirmed,""
Kilmarnock,Scotland. Premiership,enzoyc121va61wtmjf4cm7p3d,Kilmarnock,Scotland,Premiership,exact_name,100,71.6877213395,1183,auto_confirmed,""
Livingston,Scotland. Premiership,besu5lkqmra07drq1czpr0tk4,Livingston,Scotland,Championship,exact_name,100,64.5511425326,2583,auto_confirmed,""
Motherwell,Scotland. Premiership,759fhii7hsnldanli06j5jmf6,Motherwell,Scotland,Premiership,exact_name,100,75.6072800157,697,auto_confirmed,""
Rangers,Scotland. Premiership,cnnku8uihko7u4th0fms4pvg6,Rangers,Scotland,Premiership,exact_name,100,82.2158725774,218,auto_confirmed,""
Ross County,Scotland. Premiership,87coxipr6ls77tnlba3eselx0,Ross County,Scotland,League One,exact_name,100,60.650976455,3733,auto_confirmed,""
St. Johnstone,Scotland. Premiership,ez46dadmx0virt38cgeq2n6pf,St. Johnstone,Scotland,Premiership,exact_name,100,72.1000207756,1128,auto_confirmed,""
St. Mirren,Scotland. Premiership,muo4d1nfi1vgyvz5n07tjmoo,St. Mirren,Scotland,Premiership,exact_name,100,72.1903097966,1111,auto_confirmed,""
Bačka Topola,Serbia. Prva Liga,"","","","",unmapped,,,,unmapped,""
Bor,Serbia. Prva Liga,59t0747oj6jdc4zyodhgh2a2n,Bor,Serbia,Prva Liga,exact_name,100,58.2069271142,4533,auto_confirmed,""
Borac Čačak,Serbia. Prva Liga,62fwg7ipi8up4bncq9iujf6nn,Borac Čačak,Serbia,Prva Liga,exact_name,100,64.6533697942,2548,auto_confirmed,""
Dinamo,Serbia. Prva Liga,37kb30gvgyrc3jlcdert6bkes,Dinamo Jug,Serbia,"",exact_name,100,63.0704953913,3031,auto_confirmed,""
Dubočica,Serbia. Prva Liga,auv8gdgj5vvu9ftv3ca2d8593,Dubočica,Serbia,Prva Liga,exact_name,100,58.8421485356,4311,auto_confirmed,""
FK Radnicki Novi Beograd,Serbia. Prva Liga,1jgfpw61n7ikeh3shohdcntg5,Radnički Novi Beograd,Serbia,"",exact_name,100,48.3331271909,8717,auto_confirmed,""
FK Sloven Ruma,Serbia. Prva Liga,4djgedtiqdtg5ua3rt98l180w,Sloven Ruma,Serbia,Srpska Liga,exact_name,100,56.2680227552,5168,auto_confirmed,""
GFK Sloboda Užice,Serbia. Prva Liga,1pkiwtmsw13lvhys3dgf77z8f,GFK Sloboda Užice,Serbia,Srpska Liga,exact_name,100,56.1169334306,5221,auto_confirmed,""
Grafičar,Serbia. Prva Liga,19632ie12uehcbgmd21cudy7z,Grafičar,Serbia,Prva Liga,exact_name,100,59.6092410428,4062,auto_confirmed,""
IMT Novi Beograd,Serbia. Prva Liga,bxdyd1x6lw23oh0k6ydzbvmis,IMT Novi Beograd,Serbia,Super Liga,exact_name,100,73.1048802214,1001,auto_confirmed,""
Inđija,Serbia. Prva Liga,2mdaud080yja8rag6sp235581,Inđija,Serbia,"",exact_name,100,50.6589627536,7571,auto_confirmed,""
Javor Ivanjica,Serbia. Prva Liga,"","","","",unmapped,,,,unmapped,""
Jedinstvo Ub,Serbia. Prva Liga,daa2roah2k4uc41yqiwzb6f17,Jedinstvo Ub,Serbia,Prva Liga,exact_name,100,59.1945539112,4184,auto_confirmed,""
Kabel Novi Sad,Serbia. Prva Liga,7r9xy4ylk0z57wqlrnx4blgmi,Kabel Novi Sad,Serbia,Srpska Liga,exact_name,100,56.8178960236,4983,auto_confirmed,""
Kolubara,Serbia. Prva Liga,diprm21izjivs9dulinpai4pm,Kolubara,Serbia,"",exact_name,100,44.2688858915,10512,auto_confirmed,""
Loznica,Serbia. Prva Liga,p08xod9r3iiof8ov66dmucrf,Loznica,Serbia,Prva Liga,exact_name,100,63.5285589227,2913,auto_confirmed,""
Mačva Šabac,Serbia. Prva Liga,ajxqiqjev2oopks7tsbxqx9ar,Mačva Šabac,Serbia,Super Liga,exact_name,100,68.8150803467,1618,auto_confirmed,""
Metalac GM,Serbia. Prva Liga,asedtxk6j15xyau4bg2k2jrra,Metalac GM,Serbia,Prva Liga,exact_name,100,59.8632178719,3979,auto_confirmed,""
Mladost Novi Sad,Serbia. Prva Liga,"","","","",unmapped,,,,unmapped,""
Naftagas,Serbia. Prva Liga,"","","","",unmapped,,,,unmapped,""
Napredak Kruševac,Serbia. Prva Liga,748d7hfcaxop9lx2mai8lnmn9,Napredak,Serbia,Prva Liga,exact_name,100,60.9568978289,3638,auto_confirmed,""
OFK Beograd,Serbia. Prva Liga,7kto5aea8tybeo2qmspftn1nz,OFK Beograd,Serbia,Super Liga,exact_name,100,70.6534621776,1313,auto_confirmed,""
OFK Vršac,Serbia. Prva Liga,5vjznskvfpak8cwzth9exuycq,OFK Vršac,Serbia,Prva Liga,exact_name,100,63.5014931364,2920,auto_confirmed,""
Priboj,Serbia. Prva Liga,"","","","",unmapped,,,,unmapped,""
RFK Novi Sad,Serbia. Prva Liga,"","","","",unmapped,,,,unmapped,""
Rad Beograd,Serbia. Prva Liga,"","","","",unmapped,,,,unmapped,""
Radnik Surdulica,Serbia. Prva Liga,c3uvbv6uzqxzqqqm7hw86885g,Radnik Surdulica,Serbia,Super Liga,exact_name,100,71.9978285035,1137,auto_confirmed,""
Radnički Sr. Mitrovica,Serbia. Prva Liga,"","","","",unmapped,,,,unmapped,""
Smederevo 1924,Serbia. Prva Liga,7qumm6ae9ayp04vcpo66yaock,Smederevo 1924,Serbia,Prva Liga,exact_name,100,63.2385474442,2985,auto_confirmed,""
Spartak Subotica,Serbia. Prva Liga,e8wfdw7ttr59p4afuqctv3nad,Spartak Subotica,Serbia,Prva Liga,exact_name,100,62.3418546398,3235,auto_confirmed,""
Tekstilac Odžaci,Serbia. Prva Liga,dxd2gnc2seg5zwgyiyzsin0wy,Tekstilac Odžaci,Serbia,Srpska Liga,exact_name,100,56.1091667707,5224,auto_confirmed,""
Teleoptik,Serbia. Prva Liga,47uf7nf60xhf6rsr7kh2dfn33,Teleoptik,Serbia,Prva Liga,exact_name,100,58.9274373956,4275,auto_confirmed,""
Trayal Kruševac,Serbia. Prva Liga,5ee85waam47zw37pz1w3ctzhz,Trayal Kruševac,Serbia,Srpska Liga,exact_name,100,54.3847280191,5836,auto_confirmed,""
Ušće NB,Serbia. Prva Liga,3b9e5ys8ic9cebros6z9rwo2x,Ušće Novi Beograd,Serbia,Srpska Liga,exact_name,100,54.4886297565,5798,auto_confirmed,""
Voždovac,Serbia. Prva Liga,7ro142w8i4ebadkbtvou1kark,Voždovac,Serbia,Prva Liga,exact_name,100,65.0706518295,2455,auto_confirmed,""
Zemun,Serbia. Prva Liga,4ppegvbl5hgavq8ter9xctwes,Zemun,Serbia,Super Liga,exact_name,100,67.6751842484,1842,auto_confirmed,""
Čajetina,Serbia. Prva Liga,"","","","",unmapped,,,,unmapped,""
Železničar Pancevo,Serbia. Prva Liga,69yj0igv40jefp5ezs23ohmnd,Železničar Pančevo,Serbia,Super Liga,exact_name,100,73.8263920211,909,auto_confirmed,""
Bačka Topola,Serbia. Super Liga,"","","","",unmapped,,,,unmapped,""
Crvena Zvezda,Serbia. Super Liga,81lpho34qr3dad0xzalq0abja,Crvena zvezda,Serbia,Super Liga,exact_name,100,83.2413249738,165,auto_confirmed,""
IMT Novi Beograd,Serbia. Super Liga,bxdyd1x6lw23oh0k6ydzbvmis,IMT Novi Beograd,Serbia,Super Liga,exact_name,100,73.1048802214,1001,auto_confirmed,""
Javor Ivanjica,Serbia. Super Liga,"","","","",unmapped,,,,unmapped,""
Jedinstvo Ub,Serbia. Super Liga,daa2roah2k4uc41yqiwzb6f17,Jedinstvo Ub,Serbia,Prva Liga,exact_name,100,59.1945539112,4184,auto_confirmed,""
Kolubara,Serbia. Super Liga,diprm21izjivs9dulinpai4pm,Kolubara,Serbia,"",exact_name,100,44.2688858915,10512,auto_confirmed,""
Mačva Šabac,Serbia. Super Liga,ajxqiqjev2oopks7tsbxqx9ar,Mačva Šabac,Serbia,Super Liga,exact_name,100,68.8150803467,1618,auto_confirmed,""
Mladost Lučani,Serbia. Super Liga,16agx0zka9x8hdd5t3xyn1goq,Mladost Lučani,Serbia,Super Liga,exact_name,100,70.0983046478,1398,auto_confirmed,""
Mladost Novi Sad,Serbia. Super Liga,"","","","",unmapped,,,,unmapped,""
Napredak Kruševac,Serbia. Super Liga,748d7hfcaxop9lx2mai8lnmn9,Napredak,Serbia,Prva Liga,exact_name,100,60.9568978289,3638,auto_confirmed,""
Novi Pazar,Serbia. Super Liga,ctuzznbzdmug74ywjlq53frtf,Novi Pazar,Serbia,Super Liga,exact_name,100,71.8098796668,1163,auto_confirmed,""
OFK Beograd,Serbia. Super Liga,7kto5aea8tybeo2qmspftn1nz,OFK Beograd,Serbia,Super Liga,exact_name,100,70.6534621776,1313,auto_confirmed,""
Partizan,Serbia. Super Liga,c0d1qca7kz0fi0ypx7aw4nusc,Partizan,Serbia,Super Liga,exact_name,100,75.6453636269,692,auto_confirmed,""
Radnik Surdulica,Serbia. Super Liga,c3uvbv6uzqxzqqqm7hw86885g,Radnik Surdulica,Serbia,Super Liga,exact_name,100,71.9978285035,1137,auto_confirmed,""
Radnički Kragujevac,Serbia. Super Liga,3z0tiyynmxdyozfrpasdbpm0p,Radnički Kragujevac,Serbia,Super Liga,exact_name,100,73.468639365,947,auto_confirmed,""
Radnički Niš,Serbia. Super Liga,7p4uh0u9hdw8yf80y786lh1sa,Radnički Niš,Serbia,Super Liga,exact_name,100,70.5799168565,1323,auto_confirmed,""
Spartak Subotica,Serbia. Super Liga,e8wfdw7ttr59p4afuqctv3nad,Spartak Subotica,Serbia,Prva Liga,exact_name,100,62.3418546398,3235,auto_confirmed,""
Tekstilac Odžaci,Serbia. Super Liga,dxd2gnc2seg5zwgyiyzsin0wy,Tekstilac Odžaci,Serbia,Srpska Liga,exact_name,100,56.1091667707,5224,auto_confirmed,""
Vojvodina,Serbia. Super Liga,5dogxolrtabaz69epd35liubg,Vojvodina,Serbia,Super Liga,exact_name,100,76.8081708387,587,auto_confirmed,""
Voždovac,Serbia. Super Liga,7ro142w8i4ebadkbtvou1kark,Voždovac,Serbia,Prva Liga,exact_name,100,65.0706518295,2455,auto_confirmed,""
Zemun,Serbia. Super Liga,4ppegvbl5hgavq8ter9xctwes,Zemun,Serbia,Super Liga,exact_name,100,67.6751842484,1842,auto_confirmed,""
Čukarički,Serbia. Super Liga,c7o9hpr4axv7govpi4s5ohbnd,Čukarički,Serbia,Super Liga,exact_name,100,70.8919409995,1295,auto_confirmed,""
Železničar Pancevo,Serbia. Super Liga,69yj0igv40jefp5ezs23ohmnd,Železničar Pančevo,Serbia,Super Liga,exact_name,100,73.8263920211,909,auto_confirmed,""
Banik Lehota pod Vtacnikom,Slovakia. 2. liga,7yax9dzk21w6sd6cw4mklxylm,Baník Lehota,Slovakia,2. liga,fuzzy_country,92.86,59.4094851164,4114,needs_review,""
Dolný Kubín,Slovakia. 2. liga,4t91a0ni1jmadiesc2ojix5tc,Dolný Kubín,Slovakia,3. liga,exact_name,100,46.7777535002,9469,auto_confirmed,""
Dubnica,Slovakia. 2. liga,afxup9malycio9xdopjaptki1,Spartak Dubnica,Slovakia,4. liga,exact_name,100,51.3504053214,7187,auto_confirmed,""
Dukla Banská Bystrica,Slovakia. 2. liga,4wplsg3qopnhc3v741nbme1re,Dukla Banská Bystrica,Slovakia,1. liga,exact_name,100,70.206195678,1377,auto_confirmed,""
FC Košice,Slovakia. 2. liga,dbdao4og2npxkgwkkan30knze,Košice,Slovakia,1. liga,exact_name,100,75.1030467032,761,auto_confirmed,""
Galanta,Slovakia. 2. liga,ihyh65kzcmduk1vth1t59mtx,Galanta,Slovakia,2. liga,exact_name,100,58.8654095628,4304,auto_confirmed,""
Humenné,Slovakia. 2. liga,4rpojbi9c6f0yupvqdj3bur74,Humenné,Slovakia,2. liga,exact_name,100,58.476626095,4431,auto_confirmed,""
Inter Bratislava,Slovakia. 2. liga,1jcrme9vqtza9t79382oi4dif,Inter Bratislava,Slovakia,2. liga,exact_name,100,61.0723524819,3599,auto_confirmed,""
Komárno,Slovakia. 2. liga,a5t4sy4a6qkknlm03h6e2jq39,Komárno,Slovakia,1. liga,exact_name,100,70.8691798994,1297,auto_confirmed,""
Lokomotíva Zvolen,Slovakia. 2. liga,"","","","",unmapped,,,,unmapped,""
MFK Bytča,Slovakia. 2. liga,97mj54jxov8tqahu1wlj6ehka,MFK Bytča,Slovakia,2. liga,exact_name,100,56.132466637,5215,auto_confirmed,""
Malženice,Slovakia. 2. liga,dhvlpvaxrgwu168fel1edttrd,Malženice,Slovakia,2. liga,exact_name,100,59.8304601508,3992,auto_confirmed,""
Petržalka Akadémia,Slovakia. 2. liga,"","","","",unmapped,,,,unmapped,""
Pohronie,Slovakia. 2. liga,9usw4l49z24dd4rodwfgxirsw,Pohronie,Slovakia,2. liga,exact_name,100,61.9584257178,3367,auto_confirmed,""
Považská Bystrica,Slovakia. 2. liga,ckq4xqq2l12gs14mzc5mwferg,Považská Bystrica,Slovakia,2. liga,exact_name,100,60.0914478476,3909,auto_confirmed,""
Púchov,Slovakia. 2. liga,3wcolnq4cht7drngwetzmfft9,Púchov,Slovakia,3. liga,exact_name,100,56.2231916653,5185,auto_confirmed,""
Rača,Slovakia. 2. liga,5jgy4p9da3o0dh5t0u3h21rqg,Rača,Slovakia,3. liga,exact_name,100,51.702021365,7009,auto_confirmed,""
Slavoj Trebišov,Slovakia. 2. liga,"","","","",unmapped,,,,unmapped,""
Slovan Bratislava II,Slovakia. 2. liga,uivfkjjljga6jc5sog27vd44,Slovan Bratislava II,Slovakia,2. liga,exact_name,100,58.9485827252,4267,auto_confirmed,""
Slávia TU Košice,Slovakia. 2. liga,c75jw0g2c1wdmqq3lytypsc1l,Slávia TU Košice,Slovakia,3. liga,exact_name,100,52.7659161806,6500,auto_confirmed,""
Spartak Myjava,Slovakia. 2. liga,chbia2apcpplppug14sll2nlh,Spartak Myjava,Slovakia,3. liga,exact_name,100,56.8475372652,4971,auto_confirmed,""
Spišská Nová Ves,Slovakia. 2. liga,bqbz0u8ugtjlox7j8d0g9xc5x,Spišská Nová Ves,Slovakia,3. liga,exact_name,100,60.0428458585,3919,auto_confirmed,""
Stará Ľubovňa,Slovakia. 2. liga,1ozyfanubbl1msjn0rsaf9e8c,Stará Ľubovňa,Slovakia,3. liga,exact_name,100,55.2581342337,5521,auto_confirmed,""
Tatran Liptovský Mikuláš,Slovakia. 2. liga,2u5zd27nzwemgeymdjv6kjdbt,Liptovský Mikuláš,Slovakia,2. liga,fuzzy_country,92.31,62.0636130522,3338,needs_review,""
Tatran Prešov,Slovakia. 2. liga,9ei45qvqhhseknu4h6b3o8amd,Tatran Prešov,Slovakia,2. liga,exact_name,100,61.9394280109,3375,auto_confirmed,""
Zlaté Moravce,Slovakia. 2. liga,axs9kn7z7byni4td6dk4mp0rj,Zlaté Moravce,Slovakia,2. liga,exact_name,100,62.3995377404,3215,auto_confirmed,""
Šamorín,Slovakia. 2. liga,1sdkrwz5lhz985fqz6rn6fj50,Šamorín,Slovakia,2. liga,exact_name,100,62.995605255,3056,auto_confirmed,""
Žilina II,Slovakia. 2. liga,cyjesp5knf0y731gb5k8ers9w,Žilina II,Slovakia,2. liga,exact_name,100,59.5814104938,4070,auto_confirmed,""
DAC,Slovakia. Niké Liga,"","","","",unmapped,,,,unmapped,""
Dukla Banská Bystrica,Slovakia. Niké Liga,4wplsg3qopnhc3v741nbme1re,Dukla Banská Bystrica,Slovakia,1. liga,exact_name,100,70.206195678,1377,auto_confirmed,""
FC Košice,Slovakia. Niké Liga,dbdao4og2npxkgwkkan30knze,Košice,Slovakia,1. liga,exact_name,100,75.1030467032,761,auto_confirmed,""
Komárno,Slovakia. Niké Liga,a5t4sy4a6qkknlm03h6e2jq39,Komárno,Slovakia,1. liga,exact_name,100,70.8691798994,1297,auto_confirmed,""
Podbrezová,Slovakia. Niké Liga,htdr7aa5cwjma1fy1nob7sb7,Podbrezová,Slovakia,1. liga,exact_name,100,74.9580100881,770,auto_confirmed,""
Ružomberok,Slovakia. Niké Liga,d7ju1d8fvjwosjm62zph5tqql,Ružomberok,Slovakia,1. liga,exact_name,100,70.328091647,1357,auto_confirmed,""
Skalica,Slovakia. Niké Liga,8z6b1xgghbcalbv9dg1jcmb5k,Skalica,Slovakia,1. liga,exact_name,100,70.911900526,1292,auto_confirmed,""
Slovan Bratislava,Slovakia. Niké Liga,cmj1019uptq8i042n5y16itbd,Slovan Bratislava,Slovakia,1. liga,exact_name,100,80.3606551376,314,auto_confirmed,""
Spartak Trnava,Slovakia. Niké Liga,e2eyddqxo12gs0dhbsb7l5pua,Spartak Trnava,Slovakia,1. liga,exact_name,100,77.8848619112,493,auto_confirmed,""
Tatran Liptovský Mikuláš,Slovakia. Niké Liga,2u5zd27nzwemgeymdjv6kjdbt,Liptovský Mikuláš,Slovakia,2. liga,fuzzy_country,92.31,62.0636130522,3338,needs_review,""
Tatran Prešov,Slovakia. Niké Liga,9ei45qvqhhseknu4h6b3o8amd,Tatran Prešov,Slovakia,2. liga,exact_name,100,61.9394280109,3375,auto_confirmed,""
Trenčín,Slovakia. Niké Liga,d9r4z4nqawrz7mfu3t4o05rd2,Trenčín,Slovakia,1. liga,exact_name,100,70.4019962845,1348,auto_confirmed,""
Zemplín Michalovce,Slovakia. Niké Liga,1qm038k9aqtouv4i738utxwdo,Zemplín Michalovce,Slovakia,1. liga,exact_name,100,72.4954439403,1077,auto_confirmed,""
Zlaté Moravce,Slovakia. Niké Liga,axs9kn7z7byni4td6dk4mp0rj,Zlaté Moravce,Slovakia,2. liga,exact_name,100,62.3995377404,3215,auto_confirmed,""
Žilina,Slovakia. Niké Liga,c6q7rcydz4bslvyiw1l9nb9vq,Žilina,Slovakia,1. liga,exact_name,100,77.6607681014,515,auto_confirmed,""
Aluminij,Slovenia. 1. SNL,etiok6l4bubrxpx7k1q0k40z9,Aluminij,Slovenia,1. SNL,exact_name,100,70.1788731662,1388,auto_confirmed,""
AŠK Bravo,Slovenia. 1. SNL,"","","","",unmapped,,,,unmapped,""
Brinje-Grosuplje,Slovenia. 1. SNL,168l451p03807p41fszmd4jjd,Brinje Grosuplje,Slovenia,1. SNL,exact_name,100,68.9051641174,1601,auto_confirmed,""
Celje,Slovenia. 1. SNL,a75rj6mt43qjbvvabry5qg162,Celje,Slovenia,1. SNL,exact_name,100,77.8223831503,500,auto_confirmed,""
Domžale,Slovenia. 1. SNL,8f8xvgzm1o5zm0vaefn60qlav,Domžale,Slovenia,"",exact_name,100,66.5602416093,2100,auto_confirmed,""
Gorica,Slovenia. 1. SNL,57zopnt0pudbifaxsz6pl3vyu,Gorica,Slovenia,"",exact_name,100,58.6986984155,4359,auto_confirmed,""
Koper,Slovenia. 1. SNL,6co245hvi01aei4mz0f6f5qw5,Koper,Slovenia,1. SNL,exact_name,100,76.8636937643,583,auto_confirmed,""
Maribor,Slovenia. 1. SNL,4px9dur1rd4l660rv3ro7m6l6,Maribor,Slovenia,1. SNL,exact_name,100,76.5521888459,607,auto_confirmed,""
Mura,Slovenia. 1. SNL,4mngzmk8anbv5fkwmakw3s8zc,Mura,Slovenia,1. SNL,exact_name,100,67.4005425939,1906,auto_confirmed,""
NK Bravo,Slovenia. 1. SNL,2lbr7regnbv6iu85us8odueax,Bravo,Slovenia,1. SNL,exact_name,100,75.3249515891,729,auto_confirmed,""
Nafta,Slovenia. 1. SNL,4cdcec3e97o031q44o1ik9d1o,Nafta,Slovenia,1. SNL,exact_name,100,69.9995162765,1420,auto_confirmed,""
Olimpija,Slovenia. 1. SNL,75ajd08kvi4wwfua0u1a1qa1q,Olimpija,Slovenia,1. SNL,exact_name,100,74.6035908761,802,auto_confirmed,""
Primorje,Slovenia. 1. SNL,3arlihywg6nyx9pkjcuau79nh,Primorje,Slovenia,2. SNL,exact_name,100,60.2506273607,3855,auto_confirmed,""
Radomlje,Slovenia. 1. SNL,5qfb5yqzzf9xj87eenyknll7u,Radomlje,Slovenia,1. SNL,exact_name,100,67.9634638847,1789,auto_confirmed,""
Rogaška,Slovenia. 1. SNL,1ekkpqsx1q0fot0qmm3pph889,Rogaška,Slovenia,"",exact_name,100,46.1483340865,9723,auto_confirmed,""
Tabor Sežana,Slovenia. 1. SNL,b90pz5u38dc6s9r95kndiwjfg,Tabor Sežana,Slovenia,2. SNL,exact_name,100,62.7645865637,3116,auto_confirmed,""
Aluminij,Slovenia. 2. SNL,etiok6l4bubrxpx7k1q0k40z9,Aluminij,Slovenia,1. SNL,exact_name,100,70.1788731662,1388,auto_confirmed,""
Beltinci,Slovenia. 2. SNL,1s0iheseuwxjwhs4uldzu2wh1,Beltinci,Slovenia,2. SNL,exact_name,100,63.2241335474,2989,auto_confirmed,""
Bilje,Slovenia. 2. SNL,em65xbj7k8on26nhw2hm3pidf,Bilje,Slovenia,2. SNL,exact_name,100,58.066948434,4586,auto_confirmed,""
Bistrica,Slovenia. 2. SNL,16ug1a0f6pis38sm2bj7dk7lp,Bistrica,Slovenia,2. SNL,exact_name,100,61.1283170872,3584,auto_confirmed,""
Brežice,Slovenia. 2. SNL,56cate5jf34hnha4d7m668ctl,Brežice,Slovenia,2. SNL,exact_name,100,55.0885790893,5587,auto_confirmed,""
Brinje-Grosuplje,Slovenia. 2. SNL,168l451p03807p41fszmd4jjd,Brinje Grosuplje,Slovenia,1. SNL,exact_name,100,68.9051641174,1601,auto_confirmed,""
Dekani,Slovenia. 2. SNL,2tqej7va4vah8l89g0izl0ylw,Dekani,Slovenia,2. SNL,exact_name,100,57.4215532038,4797,auto_confirmed,""
Dravinja,Slovenia. 2. SNL,6ge2ol0frf7toik5rwpela191,Dravinja,Slovenia,2. SNL,exact_name,100,56.9646854346,4939,auto_confirmed,""
Dren Vrhnika,Slovenia. 2. SNL,bl4xhttxroixj1yu831foo8pg,Dren Vrhnika,Slovenia,2. SNL,exact_name,100,58.1064398374,4567,auto_confirmed,""
Fužinar,Slovenia. 2. SNL,5vsgnfvic6chsxic90j8tprkl,Fužinar,Slovenia,3. SNL,exact_name,100,50.686244216,7550,auto_confirmed,""
Gorica,Slovenia. 2. SNL,57zopnt0pudbifaxsz6pl3vyu,Gorica,Slovenia,"",exact_name,100,58.6986984155,4359,auto_confirmed,""
Ilirija,Slovenia. 2. SNL,2o2aidytyjty706ku9cquis45,Ilirija Ljubljana,Slovenia,2. SNL,exact_name,100,57.5139695917,4765,auto_confirmed,""
Jesenice,Slovenia. 2. SNL,29lxur83vx4ikckoky84r8x5h,Jesenice,Slovenia,2. SNL,exact_name,100,55.8998057209,5291,auto_confirmed,""
Krka,Slovenia. 2. SNL,efmgbowo46cywdghfj0twivg4,Krka,Slovenia,2. SNL,exact_name,100,56.1472936475,5211,auto_confirmed,""
Krško,Slovenia. 2. SNL,2e826unzuim3xovn7yy6qdbkr,Krško Posavje,Slovenia,2. SNL,exact_name,100,53.6402466418,6126,auto_confirmed,""
ND Slovan Ljubljana,Slovenia. 2. SNL,e8xoyl5fkp4ryzso8e6i8slgw,Slovan Ljubljana,Slovenia,2. SNL,exact_name,100,56.3760358166,5126,auto_confirmed,""
Nafta,Slovenia. 2. SNL,4cdcec3e97o031q44o1ik9d1o,Nafta,Slovenia,1. SNL,exact_name,100,69.9995162765,1420,auto_confirmed,""
NŠ Drava,Slovenia. 2. SNL,"","","","",unmapped,,,,unmapped,""
Primorje,Slovenia. 2. SNL,3arlihywg6nyx9pkjcuau79nh,Primorje,Slovenia,2. SNL,exact_name,100,60.2506273607,3855,auto_confirmed,""
Rudar,Slovenia. 2. SNL,5fwvqtgrlhxe4biydirn63d90,Rudar Velenje,Slovenia,2. SNL,exact_name,100,59.951977581,3952,auto_confirmed,""
Tabor Sežana,Slovenia. 2. SNL,b90pz5u38dc6s9r95kndiwjfg,Tabor Sežana,Slovenia,2. SNL,exact_name,100,62.7645865637,3116,auto_confirmed,""
Tolmin,Slovenia. 2. SNL,d6i6slbilmu3f1p9tnqwk94rp,Tolmin,Slovenia,3. SNL,exact_name,100,51.021373997,7363,auto_confirmed,""
Triglav,Slovenia. 2. SNL,di4tn9c5vzkdxofvjzb8hsmrq,Triglav,Slovenia,2. SNL,exact_name,100,66.0344721849,2223,auto_confirmed,""
AmaZulu,South Africa. PSL,ak8ykavbpvki7rmekeyjfdit,AmaZulu,South Africa,PSL,exact_name,100,73.0958188167,1005,auto_confirmed,""
Cape Town,South Africa. PSL,"","","","",unmapped,,,,unmapped,""
Chippa United,South Africa. PSL,4cz716ugykgw3dl82z43evgai,Chippa United,South Africa,PSL,exact_name,100,68.5413322371,1678,auto_confirmed,""
Durban City,South Africa. PSL,7jteczn8iisfhke7thtllxs7o,Durban City,South Africa,PSL,exact_name,100,71.3208865703,1235,auto_confirmed,""
Golden Arrows,South Africa. PSL,s7xf6mvsygysn88hs5bx1vzj,Golden Arrows,South Africa,PSL,exact_name,100,72.13400049,1121,auto_confirmed,""
Kaizer Chiefs,South Africa. PSL,9g72y015b6fgkgtpx1c67qemi,Kaizer Chiefs,South Africa,PSL,exact_name,100,75.5573494468,701,auto_confirmed,""
Kruger United,South Africa. PSL,4i0ol1cnm8ffns9sz55b40wt0,Kruger United,South Africa,PSL,exact_name,100,68.7776068916,1628,auto_confirmed,""
Magesi,South Africa. PSL,84urxkxbbdaskm7e0ta3abtr1,Magesi,South Africa,1st Division,exact_name,100,66.4707851498,2119,auto_confirmed,""
Mamelodi Sundowns,South Africa. PSL,3h2hc3qy5uritiscjfq27bv3a,Mamelodi Sundowns,South Africa,PSL,exact_name,100,80.364872376,313,auto_confirmed,""
Marumo Gallants,South Africa. PSL,4t8n4gm2xoifc6e5qxkfohgfp,Marumo Gallants,South Africa,PSL,exact_name,100,67.6959107246,1837,auto_confirmed,""
Milford,South Africa. PSL,evb332he5ndbwo3egr7lkmu8g,Milford,South Africa,PSL,exact_name,100,70.4440595769,1338,auto_confirmed,""
Orbit College,South Africa. PSL,401vkvwb71nwtlkvpesieqo2y,Orbit College,South Africa,1st Division,exact_name,100,63.1134223575,3018,auto_confirmed,""
Orlando Pirates,South Africa. PSL,asatsyoargv5n2y7o04swilai,Orlando Pirates,South Africa,PSL,exact_name,100,80.8111204964,291,auto_confirmed,""
Polokwane City,South Africa. PSL,10gsgscz6bzjl2aj6zrqoia1q,Polokwane City,South Africa,PSL,exact_name,100,71.1430301436,1267,auto_confirmed,""
Richards Bay,South Africa. PSL,epezc4zxkhy5y9x24tqdfmdt6,Richards Bay,South Africa,PSL,exact_name,100,68.8287843484,1615,auto_confirmed,""
Royal AM,South Africa. PSL,"","","","",unmapped,,,,unmapped,""
Sekhukhune United,South Africa. PSL,dskcf9vnfqys0leihwl0krxg4,Sekhukhune United,South Africa,PSL,exact_name,100,72.5581083249,1065,auto_confirmed,""
Siwelele Football Club,South Africa. PSL,"","","","",unmapped,,,,unmapped,""
Stellenbosch FC,South Africa. PSL,1shnouk5hkyelymt9ave9djub,Stellenbosch,South Africa,PSL,exact_name,100,71.8627644403,1155,auto_confirmed,""
SuperSport United,South Africa. PSL,"","","","",unmapped,,,,unmapped,""
TS Galaxy FC,South Africa. PSL,9fjzy739uj2borv29vzra2vl6,TS Galaxy,South Africa,PSL,exact_name,100,69.7427474686,1458,auto_confirmed,""
Almería,Spain. La Liga,cobffe32r7g4skka9m19qib63,Almería,Spain,Segunda División,exact_name,100,80.9696941938,280,auto_confirmed,""
Athletic Club,Spain. La Liga,3czravw89omgc9o4s0w3l1bg5,Athletic Club,Spain,Primera División,exact_name,100,86.3161648347,68,auto_confirmed,""
Atlético Madrid,Spain. La Liga,4ku8o6uf87yd8iecdalipo6wd,Atlético de Madrid,Spain,Primera División,fuzzy_country,90.91,91.3073743076,24,needs_review,""
Barcelona,Spain. La Liga,agh9ifb2mw3ivjusgedj7c3fe,Barcelona,Spain,Primera División,exact_name,100,96.9525175969,4,auto_confirmed,""
Celta de Vigo,Spain. La Liga,6f27yvbqcngegwsg2ozxxdj4,Celta de Vigo,Spain,Primera División,exact_name,100,85.6340060168,83,auto_confirmed,""
Cádiz,Spain. La Liga,82q9159y2u7mkfn3z6hy75r4o,Cádiz,Spain,Segunda División,exact_name,100,74.1291937205,864,auto_confirmed,""
Deportivo Alavés,Spain. La Liga,4dtdjgnpdq9uw4sdutti0vaar,Alavés,Spain,Primera División,exact_name,100,85.5456353793,87,auto_confirmed,""
Deportivo La Coruña,Spain. La Liga,1r541mega6d838hi0p44sv0h2,Deportivo de A Coruña,Spain,Primera División,fuzzy_country,90,84.1145701123,130,needs_review,""
Elche,Spain. La Liga,4yg9ttzw0m51048doksv8uq5r,Elche,Spain,Primera División,exact_name,100,83.7873136658,141,auto_confirmed,""
Espanyol,Spain. La Liga,c8llrezkm3b3op4afrou6b487,Espanyol,Spain,Primera División,exact_name,100,83.6504797099,147,auto_confirmed,""
Getafe,Spain. La Liga,1n1j0wsl763lq7ee1k0c11c02,Getafe,Spain,Primera División,exact_name,100,83.4944866533,151,auto_confirmed,""
Girona,Spain. La Liga,7h7eg7q7dbwvzww78h9d5eh0h,Girona,Spain,Segunda División,exact_name,100,80.9533111104,283,auto_confirmed,""
Granada,Spain. La Liga,26fes5ubaeq0fk1nay2pj2ob2,Granada,Spain,Segunda División,exact_name,100,78.0293592865,482,auto_confirmed,""
Las Palmas,Spain. La Liga,1ae3awgwm3i1jds5tfct5441j,Las Palmas,Spain,Segunda División,exact_name,100,79.7695934759,353,auto_confirmed,""
Leganés,Spain. La Liga,3krm0f4yr1l80j1sd7823f9xn,Leganés,Spain,Segunda División,exact_name,100,77.7843365827,503,auto_confirmed,""
Levante,Spain. La Liga,4grc9qgcvusllap8h5j6gc5h5,Levante,Spain,Primera División,exact_name,100,84.5479440641,118,auto_confirmed,""
Mallorca,Spain. La Liga,50x1m4u58lffhq6v6ga1hbxmy,Mallorca,Spain,Segunda División,exact_name,100,81.2799056991,260,auto_confirmed,""
Málaga,Spain. La Liga,7012hpp3p5vg4fzyn3h0yvf09,Málaga,Spain,Primera División,exact_name,100,82.641223259,189,auto_confirmed,""
Osasuna,Spain. La Liga,2l0ldgiwsgb8d6y3z0sfgjzyj,Osasuna,Spain,Primera División,exact_name,100,84.1145701123,130,auto_confirmed,""
Racing Santander,Spain. La Liga,bzkwzatvwahmbzok1ymm5vqa1,Racing de Santander,Spain,Primera División,fuzzy_country,91.43,83.4220579282,156,needs_review,""
Rayo Vallecano,Spain. La Liga,3budh3j9xivsid3ptm8ptpy4k,Rayo Vallecano,Spain,Primera División,exact_name,100,86.3843358202,67,auto_confirmed,""
Real Betis,Spain. La Liga,ah8dala7suqqkj04n2l8xz4zd,Real Betis,Spain,Primera División,exact_name,100,88.9012191639,45,auto_confirmed,""
Real Madrid,Spain. La Liga,3kq9cckrnlogidldtdie2fkbl,Real Madrid,Spain,Primera División,exact_name,100,94.3137869327,8,auto_confirmed,""
Real Oviedo,Spain. La Liga,clo928vcczjp0mczavs5o7p5k,Real Oviedo,Spain,Segunda División,exact_name,100,79.4250000009,373,auto_confirmed,""
Real Sociedad,Spain. La Liga,63f5h8t5e9qm1fqmvfkb23ghh,Real Sociedad,Spain,Primera División,exact_name,100,85.6607949273,82,auto_confirmed,""
Real Valladolid,Spain. La Liga,4jelr92fsge73q39is6qvhxb3,Real Valladolid,Spain,Segunda División,exact_name,100,76.1791638649,644,auto_confirmed,""
Sevilla,Spain. La Liga,10eyb18v5puw4ez03ocaug09m,Sevilla,Spain,Primera División,exact_name,100,84.9659302656,107,auto_confirmed,""
Valencia,Spain. La Liga,ba5e91hjacvma2sjvixn00pjo,Valencia,Spain,Primera División,exact_name,100,84.9360018627,110,auto_confirmed,""
Villarreal,Spain. La Liga,74mcjsm72vr3l9pw2i4qfjchj,Villarreal,Spain,Primera División,exact_name,100,88.347298021,51,auto_confirmed,""
Albacete,Spain. Segunda División,13zq8jfp5uydowd3ibknxaffj,Albacete,Spain,Segunda División,exact_name,100,77.3657821831,542,auto_confirmed,""
Alcorcón,Spain. Segunda División,8usob9jgspoyh2qfmm1gr4wfi,Alcorcón,Spain,Primera División RFEF,exact_name,100,74.1592617737,859,auto_confirmed,""
Almería,Spain. Segunda División,cobffe32r7g4skka9m19qib63,Almería,Spain,Segunda División,exact_name,100,80.9696941938,280,auto_confirmed,""
Amorebieta,Spain. Segunda División,8tfkd45peu8mad2s3abk7sl4p,Amorebieta,Spain,Segunda División RFEF,exact_name,100,71.2319268702,1250,auto_confirmed,""
Burgos,Spain. Segunda División,9dh08biovdh6rzklzlf3zvezi,Burgos,Spain,Segunda División,exact_name,100,80.906601272,286,auto_confirmed,""
Cartagena,Spain. Segunda División,5wxu1zqzg59vcv980gd8f946c,Cartagena,Spain,Primera División RFEF,exact_name,100,73.6602875153,928,auto_confirmed,""
Castellón,Spain. Segunda División,5ziakdomggtzs5xqnb50jpi5o,Castellón,Spain,Segunda División,exact_name,100,82.8042371103,183,auto_confirmed,""
Celta Fortuna,Spain. Segunda División,"","","","",unmapped,,,,unmapped,""
Ceuta,Spain. Segunda División,581uscajzg0lfxpfnjwpiif11,Ceuta,Spain,Segunda División,exact_name,100,74.8112162301,779,auto_confirmed,""
Cultural Leonesa,Spain. Segunda División,4szvjv7xibphumticc9438w2g,Cultural Leonesa,Spain,Primera División RFEF,exact_name,100,74.1826865945,858,auto_confirmed,""
Cádiz,Spain. Segunda División,82q9159y2u7mkfn3z6hy75r4o,Cádiz,Spain,Segunda División,exact_name,100,74.1291937205,864,auto_confirmed,""
Córdoba,Spain. Segunda División,7tpg5hj5gutjb58m6trjcaika,Córdoba,Spain,Segunda División,exact_name,100,77.8831167178,494,auto_confirmed,""
Deportivo Alavés,Spain. Segunda División,4dtdjgnpdq9uw4sdutti0vaar,Alavés,Spain,Primera División,exact_name,100,85.5456353793,87,auto_confirmed,""
Deportivo La Coruña,Spain. Segunda División,1r541mega6d838hi0p44sv0h2,Deportivo de A Coruña,Spain,Primera División,fuzzy_country,90,84.1145701123,130,needs_review,""
Eibar,Spain. Segunda División,bjltc68ihd23uu3svnq0o3qrs,Eibar,Spain,Segunda División,exact_name,100,81.2840880494,259,auto_confirmed,""
Elche,Spain. Segunda División,4yg9ttzw0m51048doksv8uq5r,Elche,Spain,Primera División,exact_name,100,83.7873136658,141,auto_confirmed,""
Eldense,Spain. Segunda División,ba8jyjo18tvjwei7w7thljw10,Eldense,Spain,Segunda División,exact_name,100,76.2326066749,637,auto_confirmed,""
Espanyol,Spain. Segunda División,c8llrezkm3b3op4afrou6b487,Espanyol,Spain,Primera División,exact_name,100,83.6504797099,147,auto_confirmed,""
FC Andorra,Spain. Segunda División,chhfxt372lm29p9b96fr2ho4q,FC Andorra,Andorra,Segunda División,exact_name,100,76.9719420563,569,auto_confirmed,""
Girona,Spain. Segunda División,7h7eg7q7dbwvzww78h9d5eh0h,Girona,Spain,Segunda División,exact_name,100,80.9533111104,283,auto_confirmed,""
Granada,Spain. Segunda División,26fes5ubaeq0fk1nay2pj2ob2,Granada,Spain,Segunda División,exact_name,100,78.0293592865,482,auto_confirmed,""
Huesca,Spain. Segunda División,egfc4v1d08dgbhkw8gxz85bzr,Huesca,Spain,Primera División RFEF,exact_name,100,73.5197005869,943,auto_confirmed,""
Ibiza,Spain. Segunda División,91yvq2zksnnd51c1t3zdf88yy,Ibiza,Spain,Primera División RFEF,exact_name,100,74.4679595588,817,auto_confirmed,""
Las Palmas,Spain. Segunda División,1ae3awgwm3i1jds5tfct5441j,Las Palmas,Spain,Segunda División,exact_name,100,79.7695934759,353,auto_confirmed,""
Leganés,Spain. Segunda División,3krm0f4yr1l80j1sd7823f9xn,Leganés,Spain,Segunda División,exact_name,100,77.7843365827,503,auto_confirmed,""
Levante,Spain. Segunda División,4grc9qgcvusllap8h5j6gc5h5,Levante,Spain,Primera División,exact_name,100,84.5479440641,118,auto_confirmed,""
Lugo,Spain. Segunda División,bfp1dwirz7vrihg6eqeo28cng,Lugo,Spain,Primera División RFEF,exact_name,100,74.7182416704,789,auto_confirmed,""
Mallorca,Spain. Segunda División,50x1m4u58lffhq6v6ga1hbxmy,Mallorca,Spain,Segunda División,exact_name,100,81.2799056991,260,auto_confirmed,""
Mirandés,Spain. Segunda División,a745ojopc6f75ma1fyfzayono,Mirandés,Spain,Primera División RFEF,exact_name,100,75.1187729868,758,auto_confirmed,""
Málaga,Spain. Segunda División,7012hpp3p5vg4fzyn3h0yvf09,Málaga,Spain,Primera División,exact_name,100,82.641223259,189,auto_confirmed,""
Ponferradina,Spain. Segunda División,959m69bwnvxwr9uta2as4hwdh,Ponferradina,Spain,Primera División RFEF,exact_name,100,75.5283155676,703,auto_confirmed,""
Racing Ferrol,Spain. Segunda División,9y1gj88sz3xf7em5pd430m59g,Racing de Ferrol,Spain,Primera División RFEF,exact_name,100,72.4475072195,1084,auto_confirmed,""
Racing Santander,Spain. Segunda División,bzkwzatvwahmbzok1ymm5vqa1,Racing de Santander,Spain,Primera División,fuzzy_country,91.43,83.4220579282,156,needs_review,""
Real Oviedo,Spain. Segunda División,clo928vcczjp0mczavs5o7p5k,Real Oviedo,Spain,Segunda División,exact_name,100,79.4250000009,373,auto_confirmed,""
Real Sociedad B,Spain. Segunda División,63f5h8t5e9qm1fqmvfkb23ghh,Real Sociedad,Spain,Primera División,fuzzy_country,92.86,85.6607949273,82,needs_review,""
Real Valladolid,Spain. Segunda División,4jelr92fsge73q39is6qvhxb3,Real Valladolid,Spain,Segunda División,exact_name,100,76.1791638649,644,auto_confirmed,""
Real Zaragoza,Spain. Segunda División,6iwco2hhg7gp3bc9ywku4881k,Real Zaragoza,Spain,Primera División RFEF,exact_name,100,74.5102578642,812,auto_confirmed,""
Sabadell,Spain. Segunda División,55twm9j9y3hvwk7hlk1vi6zst,Sabadell,Spain,Segunda División,exact_name,100,78.3075083984,455,auto_confirmed,""
Sporting Gijón,Spain. Segunda División,9wfi6tgumbrnkp72z8zab89kr,Sporting de Gijón,Spain,Segunda División,fuzzy_country,90.32,79.1801261974,396,needs_review,""
Tenerife,Spain. Segunda División,c2v5gyres2yaemc7t3ns323bj,Tenerife,Spain,Segunda División,exact_name,100,77.8262226768,499,auto_confirmed,""
Villarreal B,Spain. Segunda División,74mcjsm72vr3l9pw2i4qfjchj,Villarreal,Spain,Primera División,fuzzy_country,90.91,88.347298021,51,needs_review,""
AIK,Sweden. Allsvenskan,5mbo4f0vps12dr0fcvjn3wyp5,AIK,Sweden,Allsvenskan,exact_name,100,77.0473635872,564,auto_confirmed,""
Brommapojkarna,Sweden. Allsvenskan,ac8jow4mdkvnsv5s0och4qqm,Brommapojkarna,Sweden,Allsvenskan,exact_name,100,74.954864609,771,auto_confirmed,""
Degerfors,Sweden. Allsvenskan,46yo78zak2j7kaxc5ak1fnm60,Degerfors,Sweden,Allsvenskan,exact_name,100,73.5315913813,942,auto_confirmed,""
Djurgården,Sweden. Allsvenskan,czkf5t3ai00ghwbga03i5aqxw,Djurgården,Sweden,Allsvenskan,exact_name,100,81.269449791,262,auto_confirmed,""
Elfsborg,Sweden. Allsvenskan,1939bnru25svvgv15k2c7tw2y,Elfsborg,Sweden,Allsvenskan,exact_name,100,78.2485310535,461,auto_confirmed,""
GAIS,Sweden. Allsvenskan,33hzf6j2rd9r50g2n4agsytkd,GAIS,Sweden,Allsvenskan,exact_name,100,79.1340786587,400,auto_confirmed,""
GIF Sundsvall,Sweden. Allsvenskan,8iufjq2rthftmjgizzh3fqszu,Sundsvall,Sweden,Superettan,exact_name,100,61.4809586387,3485,auto_confirmed,""
Halmstad,Sweden. Allsvenskan,6i936isoyj6d0uuxdj537uc97,Halmstad,Sweden,Allsvenskan,exact_name,100,71.4633373507,1211,auto_confirmed,""
Hammarby,Sweden. Allsvenskan,2nnlsjfbcea40t4jeclcbw9lk,Hammarby,Sweden,Allsvenskan,exact_name,100,82.2514084281,214,auto_confirmed,""
Helsingborg,Sweden. Allsvenskan,c5bb3fg49qwy2u1nju07rwm56,Helsingborg,Sweden,Superettan,exact_name,100,65.330176842,2390,auto_confirmed,""
Häcken,Sweden. Allsvenskan,9zqn9ugvg64it0lr5z8cq4g9v,Häcken,Sweden,Allsvenskan,exact_name,100,79.3820966305,375,auto_confirmed,""
IFK Göteborg,Sweden. Allsvenskan,evf5hhqgnjhwjsth1m6pawxdp,IFK Göteborg,Sweden,Allsvenskan,exact_name,100,77.5204364023,527,auto_confirmed,""
IFK Norrköping,Sweden. Allsvenskan,7hlumphk42363z3i2nry2wrzj,Norrköping,Sweden,Superettan,exact_name,100,73.2472433615,975,auto_confirmed,""
Kalmar,Sweden. Allsvenskan,bqtquhot4yruw677rkc607lk6,Kalmar,Sweden,Allsvenskan,exact_name,100,74.0743009608,875,auto_confirmed,""
Malmö FF,Sweden. Allsvenskan,93ohqui2qgqm8408viwmm1ken,Malmö FF,Sweden,Allsvenskan,exact_name,100,77.7452421977,506,auto_confirmed,""
Mjällby,Sweden. Allsvenskan,spvvjmk37iid7hsky9g3nce7,Mjällby,Sweden,Allsvenskan,exact_name,100,76.1529659393,646,auto_confirmed,""
Sirius,Sweden. Allsvenskan,4jg5vd59i24chckyua90dr1lg,Sirius,Sweden,Allsvenskan,exact_name,100,81.2558570419,265,auto_confirmed,""
Varbergs,Sweden. Allsvenskan,4mo3tith28qu9za01e8siplsn,Varberg,Sweden,Superettan,fuzzy_country,93.33,69.60291303,1485,needs_review,""
Värnamo,Sweden. Allsvenskan,durq4oppf7c08tnbzrlebt0uz,Värnamo,Sweden,Superettan,exact_name,100,66.5118122776,2110,auto_confirmed,""
Västerås SK,Sweden. Allsvenskan,auq9e9zc85fm9nspagrjetg0,Västerås,Sweden,Allsvenskan,exact_name,100,76.8584558112,585,auto_confirmed,""
Örgryte,Sweden. Allsvenskan,dwh59i70ej2t39052zb719qp3,Örgryte,Sweden,Allsvenskan,exact_name,100,72.1339671044,1122,auto_confirmed,""
Öster,Sweden. Allsvenskan,cfvya7igkhkas7wvsktwz6j8k,Öster,Sweden,Superettan,exact_name,100,67.5212072897,1879,auto_confirmed,""
Brage,Sweden. Superettan,cnjb9lg1xqd4c2lpl7lo6y47f,Brage,Sweden,Superettan,exact_name,100,64.5630869012,2578,auto_confirmed,""
Brommapojkarna,Sweden. Superettan,ac8jow4mdkvnsv5s0och4qqm,Brommapojkarna,Sweden,Allsvenskan,exact_name,100,74.954864609,771,auto_confirmed,""
Dalkurd,Sweden. Superettan,"","","","",unmapped,,,,unmapped,""
Degerfors,Sweden. Superettan,46yo78zak2j7kaxc5ak1fnm60,Degerfors,Sweden,Allsvenskan,exact_name,100,73.5315913813,942,auto_confirmed,""
Eskilstuna,Sweden. Superettan,5rzxuh0rkwwbxjewovuv9vm65,AFC Eskilstuna,Sweden,Ettan,exact_name,100,61.8405662936,3403,auto_confirmed,""
Falkenberg,Sweden. Superettan,6y1lmgb8k00h3jwjaqwcvimiv,Falkenberg,Sweden,Superettan,exact_name,100,70.2685456771,1369,auto_confirmed,""
GIF Sundsvall,Sweden. Superettan,8iufjq2rthftmjgizzh3fqszu,Sundsvall,Sweden,Superettan,exact_name,100,61.4809586387,3485,auto_confirmed,""
Gefle,Sweden. Superettan,3t6ywq8cf0m6lcqnfi7yngk52,Gefle,Sweden,Ettan,exact_name,100,57.9244894719,4634,auto_confirmed,""
Halmstad,Sweden. Superettan,6i936isoyj6d0uuxdj537uc97,Halmstad,Sweden,Allsvenskan,exact_name,100,71.4633373507,1211,auto_confirmed,""
Helsingborg,Sweden. Superettan,c5bb3fg49qwy2u1nju07rwm56,Helsingborg,Sweden,Superettan,exact_name,100,65.330176842,2390,auto_confirmed,""
IFK Norrköping,Sweden. Superettan,7hlumphk42363z3i2nry2wrzj,Norrköping,Sweden,Superettan,exact_name,100,73.2472433615,975,auto_confirmed,""
Jönköpings Södra,Sweden. Superettan,6gtz3qcxjp1pf7de9idzqo2pm,Jönköpings Södra,Sweden,Ettan,exact_name,100,61.2437604385,3552,auto_confirmed,""
Kalmar,Sweden. Superettan,bqtquhot4yruw677rkc607lk6,Kalmar,Sweden,Allsvenskan,exact_name,100,74.0743009608,875,auto_confirmed,""
Landskrona,Sweden. Superettan,9373s5s5zain5mme8s7q3xyqa,Landskrona,Sweden,Superettan,exact_name,100,68.9479261947,1590,auto_confirmed,""
Ljungskile,Sweden. Superettan,aq15dy00foztvzwm163ua46mt,Ljungskile,Sweden,Superettan,exact_name,100,64.5845163114,2572,auto_confirmed,""
Norrby,Sweden. Superettan,30tyv36pg7giu6l38zd1pxj3f,Norrby,Sweden,Superettan,exact_name,100,64.4085067831,2633,auto_confirmed,""
Oddevold,Sweden. Superettan,8vakq7ttvfp1wbfnape1mfvfj,Oddevold,Sweden,Superettan,exact_name,100,68.5833675546,1670,auto_confirmed,""
Sandviken,Sweden. Superettan,6gmmnqqkjtnd06ciw8plcoy3c,Sandviken,Sweden,Superettan,exact_name,100,67.5159459035,1881,auto_confirmed,""
Skövde AIK,Sweden. Superettan,8mysk9wciisb7l4xf9pmz6scz,Skövde AIK,Sweden,Ettan,exact_name,100,57.4187312473,4800,auto_confirmed,""
Trelleborg,Sweden. Superettan,efvy22gu2ezjlsy3t6p2lui18,Trelleborg,Sweden,Ettan,exact_name,100,63.9109521937,2793,auto_confirmed,""
Umeå,Sweden. Superettan,26tpvlnhoele55j2lwuptuxsy,Umeå,Sweden,Ettan,exact_name,100,59.8156661357,3998,auto_confirmed,""
United Nordic,Sweden. Superettan,"","","","",unmapped,,,,unmapped,""
Utsikten,Sweden. Superettan,9wl082n2qtflq6ukvibkcud19,Utsikten,Sweden,Ettan,exact_name,100,54.8935679398,5648,auto_confirmed,""
Varbergs,Sweden. Superettan,4mo3tith28qu9za01e8siplsn,Varberg,Sweden,Superettan,fuzzy_country,93.33,69.60291303,1485,needs_review,""
Värnamo,Sweden. Superettan,durq4oppf7c08tnbzrlebt0uz,Värnamo,Sweden,Superettan,exact_name,100,66.5118122776,2110,auto_confirmed,""
Västerås SK,Sweden. Superettan,auq9e9zc85fm9nspagrjetg0,Västerås,Sweden,Allsvenskan,exact_name,100,76.8584558112,585,auto_confirmed,""
Örebro,Sweden. Superettan,diu1jw4b0icrjmc8dd8rds0sw,Örebro,Sweden,Superettan,exact_name,100,63.8107925476,2832,auto_confirmed,""
Örgryte,Sweden. Superettan,dwh59i70ej2t39052zb719qp3,Örgryte,Sweden,Allsvenskan,exact_name,100,72.1339671044,1122,auto_confirmed,""
Öster,Sweden. Superettan,cfvya7igkhkas7wvsktwz6j8k,Öster,Sweden,Superettan,exact_name,100,67.5212072897,1879,auto_confirmed,""
Östersunds FK,Sweden. Superettan,d3wbkwvyosv0k9iwrs269xydo,Östersund,Sweden,Superettan,exact_name,100,68.4918668565,1688,auto_confirmed,""
Aarau,Switzerland. Challenge League,1fq3zowe5x1ush6qocmapudhr,Aarau,Switzerland,Challenge League,exact_name,100,71.7143237633,1178,auto_confirmed,""
Baden,Switzerland. Challenge League,e008vdbl1pheof52w0s2ciif,Baden,Switzerland,1. Liga Classic,exact_name,100,55.441798302,5453,auto_confirmed,""
Bellinzona,Switzerland. Challenge League,amon0usuflf63isepyms3tq9h,Bellinzona,Switzerland,1. Liga Promotion,exact_name,100,58.1159599457,4564,auto_confirmed,""
FC Schaffhausen,Switzerland. Challenge League,dq5oz9wt0um36ookq3ke0xzws,Schaffhausen,Switzerland,1. Liga Promotion,exact_name,100,60.875582198,3667,auto_confirmed,""
Kriens,Switzerland. Challenge League,1vgws1udwanpz7n6x1ymhlj9c,Kriens,Switzerland,Challenge League,exact_name,100,68.2411823589,1737,auto_confirmed,""
Lausanne Sport,Switzerland. Challenge League,96jxcq0onij7zd9rwwkal8q1l,Lausanne-Sport,Switzerland,Super League,exact_name,100,74.604989093,800,auto_confirmed,""
Neuchâtel Xamax,Switzerland. Challenge League,6298wfdiblmkqf747cilzuh8o,Xamax,Switzerland,Challenge League,fuzzy_country,88.24,67.5482155158,1869,needs_review,""
Rapperswil-Jona,Switzerland. Challenge League,59viwky8c7g3bq3japwgwn4z4,Rapperswil-Jona,Switzerland,Challenge League,exact_name,100,67.9129654039,1800,auto_confirmed,""
Sion,Switzerland. Challenge League,b9fc1umgats16gk6wr769wh8a,Sion,Switzerland,Super League,exact_name,100,82.1772006147,221,auto_confirmed,""
Stade Lausanne-Ouchy,Switzerland. Challenge League,dw7wscihb8j6cj5r2maemstci,Stade-Lausanne-Ouchy,Switzerland,Challenge League,exact_name,100,72.6367984309,1058,auto_confirmed,""
Stade Nyonnais,Switzerland. Challenge League,7ojn2md1nwcl4ehjymylxflut,Stade Nyonnais,Switzerland,Challenge League,exact_name,100,62.1191944854,3320,auto_confirmed,""
Thun,Switzerland. Challenge League,6u0uaryouca843tojxzgwulr2,Thun,Switzerland,Super League,exact_name,100,77.9085964095,491,auto_confirmed,""
Vaduz,Switzerland. Challenge League,9kxht4usspzkeyosl567vjrs2,Vaduz,Switzerland,Super League,exact_name,100,75.255412161,736,auto_confirmed,""
Wil,Switzerland. Challenge League,988hdd0jedgyvm4978w95vma9,Wil,Switzerland,Challenge League,exact_name,100,67.2886404526,1927,auto_confirmed,""
Winterthur,Switzerland. Challenge League,ag3mf21yz4g5ypnqr2j28crqb,Winterthur,Switzerland,Challenge League,exact_name,100,72.8271221969,1034,auto_confirmed,""
Yverdon Sport,Switzerland. Challenge League,1zamjwj53fwzcw97cs9awc3hr,Yverdon Sport,Switzerland,Challenge League,exact_name,100,72.3148882638,1094,auto_confirmed,""
Étoile Carouge,Switzerland. Challenge League,c3njr6p0pl0j0bsvazdc1jffw,Etoile Carouge,Switzerland,Challenge League,exact_name,100,67.3780925236,1910,auto_confirmed,""
Basel,Switzerland. Super League,5u18kvqiqhup2vd345dci1069,Basel,Switzerland,Super League,exact_name,100,78.6637830119,433,auto_confirmed,""
Grasshopper,Switzerland. Super League,9dqlf92t42brv71kvaet67tm4,Grasshoppers,Switzerland,Super League,fuzzy_country,95.65,74.3875555449,829,needs_review,""
Lausanne Sport,Switzerland. Super League,96jxcq0onij7zd9rwwkal8q1l,Lausanne-Sport,Switzerland,Super League,exact_name,100,74.604989093,800,auto_confirmed,""
Lugano,Switzerland. Super League,btqfm8txcvhi29sddmc9nr68,Lugano,Switzerland,Super League,exact_name,100,83.7688606763,142,auto_confirmed,""
Luzern,Switzerland. Super League,dk531bvjn5bmeonqs9hbbmfgr,Luzern,Switzerland,Super League,exact_name,100,79.0991935492,403,auto_confirmed,""
Servette,Switzerland. Super League,ccwv4ymbs3u0q8xaby4hqb0jz,Servette,Switzerland,Super League,exact_name,100,79.5271975198,364,auto_confirmed,""
Sion,Switzerland. Super League,b9fc1umgats16gk6wr769wh8a,Sion,Switzerland,Super League,exact_name,100,82.1772006147,221,auto_confirmed,""
St. Gallen,Switzerland. Super League,dty3ktxspuo8ayudnf0egkvx5,St.Gallen,Switzerland,Super League,exact_name,100,81.1000576738,275,auto_confirmed,""
Stade Lausanne-Ouchy,Switzerland. Super League,dw7wscihb8j6cj5r2maemstci,Stade-Lausanne-Ouchy,Switzerland,Challenge League,exact_name,100,72.6367984309,1058,auto_confirmed,""
Thun,Switzerland. Super League,6u0uaryouca843tojxzgwulr2,Thun,Switzerland,Super League,exact_name,100,77.9085964095,491,auto_confirmed,""
Vaduz,Switzerland. Super League,9kxht4usspzkeyosl567vjrs2,Vaduz,Switzerland,Super League,exact_name,100,75.255412161,736,auto_confirmed,""
Winterthur,Switzerland. Super League,ag3mf21yz4g5ypnqr2j28crqb,Winterthur,Switzerland,Challenge League,exact_name,100,72.8271221969,1034,auto_confirmed,""
Young Boys,Switzerland. Super League,5fd9f9bti2cdgb6r1lf8l2bc7,Young Boys,Switzerland,Super League,exact_name,100,82.3012274149,206,auto_confirmed,""
Yverdon Sport,Switzerland. Super League,1zamjwj53fwzcw97cs9awc3hr,Yverdon Sport,Switzerland,Challenge League,exact_name,100,72.3148882638,1094,auto_confirmed,""
Zürich,Switzerland. Super League,3sb3j9l7dbjcalwpirp3u2f9g,Zürich,Switzerland,Super League,exact_name,100,75.0422373427,765,auto_confirmed,""
AS Soliman,Tunisia. Ligue 1,15yc5clzoxt89y8iis8n09r6k,Soliman,Tunisia,Ligue 2,exact_name,100,60.7051454842,3722,auto_confirmed,""
Ben Guerdane,Tunisia. Ligue 1,aoawqe5s20x5bs6ad8lsgry09,Ben Guerdane,Tunisia,Ligue 1,exact_name,100,67.9764724333,1785,auto_confirmed,""
CA Bizertin,Tunisia. Ligue 1,5hmybs0j0a1p9lf1019ff6h06,Bizertin,Tunisia,Ligue 1,exact_name,100,66.7873151801,2039,auto_confirmed,""
CS Sfaxien,Tunisia. Ligue 1,1owjf2cxeccbbsfcus5g9nsqr,CS Sfaxien,Tunisia,Ligue 1,exact_name,100,74.0072024171,884,auto_confirmed,""
Chebba,Tunisia. Ligue 1,7s9ufaeo82ocija9hj82cixaz,Chebba,Tunisia,Ligue 2,exact_name,100,56.9604849717,4941,auto_confirmed,""
Club Africain,Tunisia. Ligue 1,9s0ojv8sdlnx3g7ugpyddejlz,Club Africain,Tunisia,Ligue 1,exact_name,100,75.8242763115,677,auto_confirmed,""
EGS Gafsa,Tunisia. Ligue 1,bror5wpux0xw3eg1jg7w1c6kp,EGS Gafsa,Tunisia,Ligue 2,exact_name,100,57.6102941624,4736,auto_confirmed,""
EO Sidi Bouzid,Tunisia. Ligue 1,5vpwvspj3vn02c9s674xmjvta,EO Sidi Bouzid,Tunisia,"",exact_name,100,51.338398377,7195,auto_confirmed,""
ES Tunis,Tunisia. Ligue 1,3s830ae09zdviu2cnqxixflq1,ES Tunis,Tunisia,Ligue 1,exact_name,100,78.3487202356,449,auto_confirmed,""
Etoile du Sahel,Tunisia. Ligue 1,8uspwtlw2da5l8x4ga4mtq8fo,Etoile du Sahel,Tunisia,Ligue 1,exact_name,100,69.3380337199,1520,auto_confirmed,""
Gabès,Tunisia. Ligue 1,b4sh4mqtzhx4qn6y81cmn0org,Gabès,Tunisia,Ligue 2,exact_name,100,59.6936284704,4035,auto_confirmed,""
Hammam-Lif,Tunisia. Ligue 1,4p804lc5owch1e04wgliwar6r,Hammam-Lif,Tunisia,Ligue 1,exact_name,100,64.2005394374,2703,auto_confirmed,""
Hammam-Sousse,Tunisia. Ligue 1,8pt9j7kc2alosuw96k253gkkh,Hammam-Sousse,Tunisia,Ligue 1,exact_name,100,64.4025676279,2637,auto_confirmed,""
Jeunesse Sportive Omrane,Tunisia. Ligue 1,64yzt1whjqx5l3lhqi6yyhkv,JS Omrane,Tunisia,Ligue 1,exact_name,100,67.0599385197,1981,auto_confirmed,""
Kairouan,Tunisia. Ligue 1,3wol9j7h9eo6h66b0rdf0srnb,Kairouan,Tunisia,Ligue 2,exact_name,100,60.6184534525,3745,auto_confirmed,""
Marsa,Tunisia. Ligue 1,cbkl7ahrcwzkn5a23dbs99msw,Marsa,Tunisia,Ligue 1,exact_name,100,65.5889973578,2327,auto_confirmed,""
Monastir,Tunisia. Ligue 1,d9agxbf1cgeg20ktaa1j5arj4,Monastir,Tunisia,Ligue 1,exact_name,100,72.7750281568,1041,auto_confirmed,""
Métlaoui,Tunisia. Ligue 1,5gn5kjewqnr9t45abrezl7gjd,Métlaoui,Tunisia,Ligue 1,exact_name,100,67.3886494905,1908,auto_confirmed,""
Olympique Béja,Tunisia. Ligue 1,1p5jtz8tz3vfj55our9bsuzz0,Olympique Béja,Tunisia,Ligue 1,exact_name,100,64.2525418452,2688,auto_confirmed,""
Progrès Sakiet Eddaïer,Tunisia. Ligue 1,9h6b0x2q2pon2kcm65pjz73ry,Progrès Sakiet Eddaïer,Tunisia,Ligue 1,exact_name,100,66.5665918671,2097,auto_confirmed,""
Rejiche,Tunisia. Ligue 1,"","","","",unmapped,,,,unmapped,""
Stade Tunisien,Tunisia. Ligue 1,404ybbsambuyx0gajvre3kzj6,Stade Tunisien,Tunisia,Ligue 1,exact_name,100,72.2687304941,1100,auto_confirmed,""
Tataouine,Tunisia. Ligue 1,e55woymqqkg5kb2jw6rd07k0g,Tataouine,Tunisia,Ligue 2,exact_name,100,60.6344627039,3741,auto_confirmed,""
Zarzis,Tunisia. Ligue 1,25ts9gzqoq19m95udz7hjz1d7,Zarzis,Tunisia,Ligue 1,exact_name,100,69.2129238948,1541,auto_confirmed,""
Adana Demirspor,Türkiye. 1. Lig,4iqb7tq3rn4k3ynintvhxhx1i,Adana Demirspor,Türkiye,2. Lig,exact_name,100,59.9952991039,3935,auto_confirmed,""
Adanaspor,Türkiye. 1. Lig,8yo7nlmjg9s52aw1wuwldpam0,Adanaspor,Türkiye,3. Lig,exact_name,100,47.5457248048,9110,auto_confirmed,""
Altay,Türkiye. 1. Lig,1be5kh0s1w7rnlgr52u4iwhcc,Altay,Türkiye,3. Lig,exact_name,100,49.5640814099,8111,auto_confirmed,""
Altınordu,Türkiye. 1. Lig,cf1c6a2b58bctn942clfczes7,Altınordu,Türkiye,"",exact_name,100,58.0736479348,4583,auto_confirmed,""
Amed SK,Türkiye. 1. Lig,2154uhyeun0lm781iiiijqhwo,Amed,Türkiye,Süper Lig,exact_name,100,78.5765514457,438,auto_confirmed,""
Ankara Keçiörengücü,Türkiye. 1. Lig,v61524b090j2y3qskkjgzveq,Ankara Keçiörengücü,Türkiye,1. Lig,exact_name,100,70.3907881705,1350,auto_confirmed,""
Ankaragücü,Türkiye. 1. Lig,a7jkz1m32wntcvegrwjbr85t5,Ankaragücü,Türkiye,2. Lig,exact_name,100,62.3854688628,3220,auto_confirmed,""
Antalyaspor,Türkiye. 1. Lig,9irsyv431fpuqhqtfq9iwxf2u,Antalyaspor,Türkiye,1. Lig,exact_name,100,68.7467261285,1637,auto_confirmed,""
BB Erzurumspor,Türkiye. 1. Lig,ea2gyhkv6vwmxbxevdb4u3796,Erzurumspor,Türkiye,Süper Lig,fuzzy_country,88,76.6527691679,599,needs_review,""
Bandırmaspor,Türkiye. 1. Lig,7tmn8pi1b2i8yidq54opmmd6x,Bandırmaspor,Türkiye,1. Lig,exact_name,100,68.6254354246,1662,auto_confirmed,""
Batman Petrolspor,Türkiye. 1. Lig,b0k7caqbwgb1srpwas38ii52l,Batman Petrolspor,Türkiye,1. Lig,exact_name,100,68.1160035011,1756,auto_confirmed,""
Beykoz Anadolu,Türkiye. 1. Lig,a1nzagwxnf4770digahna605r,Beykoz Anadolu,Türkiye,3. Lig,exact_name,100,52.5263766052,6603,auto_confirmed,""
Bodrumspor,Türkiye. 1. Lig,"","","","",unmapped,,,,unmapped,""
Boluspor,Türkiye. 1. Lig,5819kl54xjobqldu6vd1akssf,Boluspor,Türkiye,1. Lig,exact_name,100,63.4716148543,2925,auto_confirmed,""
Bursaspor,Türkiye. 1. Lig,86aq9jbei8h8p1ftxbmy8y2kk,Bursaspor,Türkiye,1. Lig,exact_name,100,69.7420133113,1459,auto_confirmed,""
Denizlispor,Türkiye. 1. Lig,atzw1r6gsxsegd0omo1f0yxkl,Denizlispor,Türkiye,Bölgesel Amatör Lig,exact_name,100,39.0261330974,12221,auto_confirmed,""
Esenler Erokspor,Türkiye. 1. Lig,iiep6s3jjwf609djj19751m2,Esenler Erokspor,Türkiye,1. Lig,exact_name,100,69.383206123,1516,auto_confirmed,""
Eyüpspor,Türkiye. 1. Lig,bmgtxgipsznlb1j20zwjti3xh,Eyüpspor,Türkiye,Süper Lig,exact_name,100,75.0282579402,766,auto_confirmed,""
Fatih Karagümrük,Türkiye. 1. Lig,c3txoz57mu7w9y1jprvnv2flr,Fatih Karagümrük,Türkiye,1. Lig,exact_name,100,70.3165328595,1360,auto_confirmed,""
Gençlerbirliği,Türkiye. 1. Lig,embqktr41hfzczc8uav1scmcn,Gençlerbirliği,Türkiye,Süper Lig,exact_name,100,76.6684844342,597,auto_confirmed,""
Giresunspor,Türkiye. 1. Lig,8mr4jglhwoc9fs6ws8mp96qqf,Giresunspor,Türkiye,"",exact_name,100,47.7200724591,9024,auto_confirmed,""
Göztepe,Türkiye. 1. Lig,cjbaf8s09qoa1n11r33gc560x,Göztepe,Türkiye,Süper Lig,exact_name,100,79.7598283709,354,auto_confirmed,""
Hatayspor,Türkiye. 1. Lig,efy1nhpn5l6hc27znhsptegba,Hatayspor,Türkiye,2. Lig,exact_name,100,60.3495788973,3823,auto_confirmed,""
Iğdır FK,Türkiye. 1. Lig,oixiuu0oh03xkgfdrnpnv1uc,Iğdır,Türkiye,1. Lig,exact_name,100,68.5093960529,1685,auto_confirmed,""
Kayserispor,Türkiye. 1. Lig,c8ns6z3u8kxldv1zh1evu10rv,Kayserispor,Türkiye,1. Lig,exact_name,100,72.7137696655,1047,auto_confirmed,""
Keçiörengücü,Türkiye. 1. Lig,v61524b090j2y3qskkjgzveq,Ankara Keçiörengücü,Türkiye,1. Lig,exact_name,100,70.3907881705,1350,auto_confirmed,""
Kocaelispor,Türkiye. 1. Lig,b703zecenioz21dnj3p63v3f7,Kocaelispor,Türkiye,Süper Lig,exact_name,100,77.8593819536,498,auto_confirmed,""
Manisa F.K.,Türkiye. 1. Lig,"","","","",unmapped,,,,unmapped,""
Mardin 1969,Türkiye. 1. Lig,557g9se5mnin5ot3ou3z8iv6y,Mardin 1969,Türkiye,1. Lig,exact_name,100,66.9213175514,2016,auto_confirmed,""
Muğlaspor,Türkiye. 1. Lig,6xbuv81bmc64noaw6kj3tooys,Muğlaspor,Türkiye,1. Lig,exact_name,100,66.4981255059,2113,auto_confirmed,""
Pendikspor,Türkiye. 1. Lig,9badgd05ykw5xo8tm6zci5aeu,Pendikspor,Türkiye,1. Lig,exact_name,100,68.2811537661,1731,auto_confirmed,""
Rizespor,Türkiye. 1. Lig,1lbrlj3uu8wi2h9j79snuoae4,Rizespor,Türkiye,Süper Lig,exact_name,100,79.0894256242,404,auto_confirmed,""
Sakaryaspor,Türkiye. 1. Lig,c6345v4ll46u9l6cx5otog57,Sakaryaspor,Türkiye,2. Lig,exact_name,100,64.3652923101,2650,auto_confirmed,""
Samsunspor,Türkiye. 1. Lig,dpsnqu7pd2b0shfzjyn5j1znf,Samsunspor,Türkiye,Süper Lig,exact_name,100,79.2125682313,391,auto_confirmed,""
Sarıyer,Türkiye. 1. Lig,e7a4btyw1v3wut29gm4t17md0,Sarıyer,Türkiye,1. Lig,exact_name,100,68.6015970744,1668,auto_confirmed,""
Serik Belediyespor,Türkiye. 1. Lig,bj7dwof7b4jx8qiup743pdy0a,Siverek Belediyespor,Türkiye,Bölgesel Amatör Lig,fuzzy_country,89.47,50.6678204285,7567,needs_review,""
Sivasspor,Türkiye. 1. Lig,f432akygffyamal3h6poig65t,Sivasspor,Türkiye,1. Lig,exact_name,100,67.2216364012,1943,auto_confirmed,""
Tuzlaspor,Türkiye. 1. Lig,"","","","",unmapped,,,,unmapped,""
Vanspor FK,Türkiye. 1. Lig,9736jslztwc016ke50bzld3n5,Vanspor,Türkiye,1. Lig,exact_name,100,64.7935279479,2512,auto_confirmed,""
Yeni Malatyaspor,Türkiye. 1. Lig,du1e3xdbp2q5z7jy31o0vt6t6,Yeni Malatyaspor,Türkiye,3. Lig,exact_name,100,51.5242177818,7105,auto_confirmed,""
Çorum FK,Türkiye. 1. Lig,eg0cqg1u8zz85ma9nzk0cijv,Çorum,Türkiye,Süper Lig,exact_name,100,77.4223386782,535,auto_confirmed,""
Ümranıyespor,Türkiye. 1. Lig,v0qx960sz1tq9mprlxrcnfl5,Ümraniyespor,Türkiye,1. Lig,fuzzy_country,91.67,65.5605236046,2335,needs_review,""
İstanbulspor,Türkiye. 1. Lig,4rjsyxn0rlbjggofvvpbmk8pc,İstanbulspor,Türkiye,1. Lig,exact_name,100,66.8100895094,2034,auto_confirmed,""
Şanlıurfaspor,Türkiye. 1. Lig,3rwvwjb3f0ctm1makglsdd8m0,Şanlıurfaspor,Türkiye,2. Lig,exact_name,100,62.7487622837,3119,auto_confirmed,""
Adana Demirspor,Türkiye. Süper Lig,4iqb7tq3rn4k3ynintvhxhx1i,Adana Demirspor,Türkiye,2. Lig,exact_name,100,59.9952991039,3935,auto_confirmed,""
Alanyaspor,Türkiye. Süper Lig,84fpe0iynjdghwysyo5tizdkk,Alanyaspor,Türkiye,Süper Lig,exact_name,100,78.9554613423,410,auto_confirmed,""
Amed SK,Türkiye. Süper Lig,2154uhyeun0lm781iiiijqhwo,Amed,Türkiye,Süper Lig,exact_name,100,78.5765514457,438,auto_confirmed,""
Ankaragücü,Türkiye. Süper Lig,a7jkz1m32wntcvegrwjbr85t5,Ankaragücü,Türkiye,2. Lig,exact_name,100,62.3854688628,3220,auto_confirmed,""
Antalyaspor,Türkiye. Süper Lig,9irsyv431fpuqhqtfq9iwxf2u,Antalyaspor,Türkiye,1. Lig,exact_name,100,68.7467261285,1637,auto_confirmed,""
Beşiktaş,Türkiye. Süper Lig,2ez9cvam9lp9jyhng3eh3znb4,Beşiktaş,Türkiye,Süper Lig,exact_name,100,85.3427886498,91,auto_confirmed,""
Bodrumspor,Türkiye. Süper Lig,"","","","",unmapped,,,,unmapped,""
Erzurumspor FK,Türkiye. Süper Lig,ea2gyhkv6vwmxbxevdb4u3796,Erzurumspor,Türkiye,Süper Lig,exact_name,100,76.6527691679,599,auto_confirmed,""
Eyüpspor,Türkiye. Süper Lig,bmgtxgipsznlb1j20zwjti3xh,Eyüpspor,Türkiye,Süper Lig,exact_name,100,75.0282579402,766,auto_confirmed,""
Fatih Karagümrük,Türkiye. Süper Lig,c3txoz57mu7w9y1jprvnv2flr,Fatih Karagümrük,Türkiye,1. Lig,exact_name,100,70.3165328595,1360,auto_confirmed,""
Fenerbahçe,Türkiye. Süper Lig,8lroq0cbhdxj8124qtxwrhvmm,Fenerbahçe,Türkiye,Süper Lig,exact_name,100,87.7362493062,54,auto_confirmed,""
Galatasaray,Türkiye. Süper Lig,esa748l653sss1wurz5ps3228,Galatasaray,Türkiye,Süper Lig,exact_name,100,86.7282931551,61,auto_confirmed,""
Gaziantep,Türkiye. Süper Lig,2agzb2h4ppg7lfz9hn7eg1rqo,Gaziantep,Türkiye,Süper Lig,exact_name,100,77.0428244,567,auto_confirmed,""
Gençlerbirliği,Türkiye. Süper Lig,embqktr41hfzczc8uav1scmcn,Gençlerbirliği,Türkiye,Süper Lig,exact_name,100,76.6684844342,597,auto_confirmed,""
Giresunspor,Türkiye. Süper Lig,8mr4jglhwoc9fs6ws8mp96qqf,Giresunspor,Türkiye,"",exact_name,100,47.7200724591,9024,auto_confirmed,""
Göztepe,Türkiye. Süper Lig,cjbaf8s09qoa1n11r33gc560x,Göztepe,Türkiye,Süper Lig,exact_name,100,79.7598283709,354,auto_confirmed,""
Hatayspor,Türkiye. Süper Lig,efy1nhpn5l6hc27znhsptegba,Hatayspor,Türkiye,2. Lig,exact_name,100,60.3495788973,3823,auto_confirmed,""
Kasımpaşa,Türkiye. Süper Lig,4idg23egrrvtrbgrg7p5x7bwf,Kasımpaşa,Türkiye,Süper Lig,exact_name,100,77.8764849704,495,auto_confirmed,""
Kayserispor,Türkiye. Süper Lig,c8ns6z3u8kxldv1zh1evu10rv,Kayserispor,Türkiye,1. Lig,exact_name,100,72.7137696655,1047,auto_confirmed,""
Kocaelispor,Türkiye. Süper Lig,b703zecenioz21dnj3p63v3f7,Kocaelispor,Türkiye,Süper Lig,exact_name,100,77.8593819536,498,auto_confirmed,""
Konyaspor,Türkiye. Süper Lig,cw4lbdzlqqdvbkdkz00c9ye49,Konyaspor,Türkiye,Süper Lig,exact_name,100,78.0537903035,480,auto_confirmed,""
Pendikspor,Türkiye. Süper Lig,9badgd05ykw5xo8tm6zci5aeu,Pendikspor,Türkiye,1. Lig,exact_name,100,68.2811537661,1731,auto_confirmed,""
Rizespor,Türkiye. Süper Lig,1lbrlj3uu8wi2h9j79snuoae4,Rizespor,Türkiye,Süper Lig,exact_name,100,79.0894256242,404,auto_confirmed,""
Samsunspor,Türkiye. Süper Lig,dpsnqu7pd2b0shfzjyn5j1znf,Samsunspor,Türkiye,Süper Lig,exact_name,100,79.2125682313,391,auto_confirmed,""
Sivasspor,Türkiye. Süper Lig,f432akygffyamal3h6poig65t,Sivasspor,Türkiye,1. Lig,exact_name,100,67.2216364012,1943,auto_confirmed,""
Trabzonspor,Türkiye. Süper Lig,2yab38jdfl0gk2tei1mq40o06,Trabzonspor,Türkiye,Süper Lig,exact_name,100,82.2987887472,207,auto_confirmed,""
Çorum FK,Türkiye. Süper Lig,eg0cqg1u8zz85ma9nzk0cijv,Çorum,Türkiye,Süper Lig,exact_name,100,77.4223386782,535,auto_confirmed,""
Ümranıyespor,Türkiye. Süper Lig,v0qx960sz1tq9mprlxrcnfl5,Ümraniyespor,Türkiye,1. Lig,fuzzy_country,91.67,65.5605236046,2335,needs_review,""
İstanbul Başakşehir,Türkiye. Süper Lig,47njg6cmlx5q3fvdsupd2n6qu,İstanbul Başakşehir,Türkiye,Süper Lig,exact_name,100,80.5234760556,304,auto_confirmed,""
İstanbulspor,Türkiye. Süper Lig,4rjsyxn0rlbjggofvvpbmk8pc,İstanbulspor,Türkiye,1. Lig,exact_name,100,66.8100895094,2034,auto_confirmed,""
Atlet Kyiv,Ukraine. Druha Liga,7mdaipxotyjh0ro8gs7gsojro,Atlet,Ukraine,Druha Liga,exact_name,100,43.648181129,10730,auto_confirmed,""
Avangard Lozova,Ukraine. Druha Liga,1klp8g0o6rsda6czspu5v2ql0,Avanhard Lozova,Ukraine,Druha Liga,fuzzy_country,93.33,39.7730215307,12055,needs_review,""
Bratslav Vinnytsia,Ukraine. Druha Liga,5u7katvfvkxfpx0ykk8vnckk4,Bratslav Vinnytsia,Ukraine,Druha Liga,exact_name,100,41.9963865193,11354,auto_confirmed,""
Bukovyna Chernivtsi II,Ukraine. Druha Liga,9m39b32gkm8b9wahani8r5btg,Bukovyna II,Ukraine,"",exact_name,100,37.6167270561,12567,auto_confirmed,""
Chayka,Ukraine. Druha Liga,8h2iiyrh1fzgtp1ie8istq06q,Chayka,Ukraine,"",exact_name,100,47.7843374319,8996,auto_confirmed,""
Chernihiv,Ukraine. Druha Liga,er1fodm9vbxiyamfydqxwlyj8,Chernihiv,Ukraine,Persha Liga,exact_name,100,56.0018417792,5259,auto_confirmed,""
Chornomorets II,Ukraine. Druha Liga,95v1wtvn3qlcgg84ln0vwutq3,Chornomorets II,Ukraine,"",exact_name,100,38.9427953749,12246,auto_confirmed,""
Dinaz Vyshhorod,Ukraine. Druha Liga,9480tge2og0opmjyvu5b8gep6,Dinaz Vyshhorod,Ukraine,Druha Liga,exact_name,100,38.5167046591,12354,auto_confirmed,""
Dnister Zalishchyky,Ukraine. Druha Liga,9ovanaedwkew28xaezdbyw44,Dnister Zalishchyky,Ukraine,Druha Liga,exact_name,100,41.9871122249,11356,auto_confirmed,""
Druzhba Myrivka,Ukraine. Druha Liga,"","","","",unmapped,,,,unmapped,""
FC Metalist 1925 II,Ukraine. Druha Liga,"","","","",unmapped,,,,unmapped,""
FK Revera 1908 Ivano-Frankivsk,Ukraine. Druha Liga,"","","","",unmapped,,,,unmapped,""
Hirnyk-Sport,Ukraine. Druha Liga,9der56kn5n510kh1tmsnssoe1,Hirnyk-Sport,Ukraine,"",exact_name,100,39.0161186093,12225,auto_confirmed,""
Karbon Cherkasy,Ukraine. Druha Liga,2v9j97jqd4qc1oo3y8ckjo8wk,Karbon Cherkasy,Ukraine,Druha Liga,exact_name,100,40.8422296626,11722,auto_confirmed,""
Karpaty II,Ukraine. Druha Liga,"","","","",unmapped,,,,unmapped,""
Khust City,Ukraine. Druha Liga,"","","","",unmapped,,,,unmapped,""
Kolos Kovalivka II,Ukraine. Druha Liga,ajxkerzmvdmrzom44pvrxzv9w,Kolos Kovalivka II,Ukraine,Persha Liga,exact_name,100,55.6455697139,5385,auto_confirmed,""
Kremin II,Ukraine. Druha Liga,"","","","",unmapped,,,,unmapped,""
Kudrivka,Ukraine. Druha Liga,6jw0n5x5p28wdbnusb7abr21g,Kudrivka,Ukraine,Premier League,exact_name,100,66.3272081042,2155,auto_confirmed,""
Kulykiv,Ukraine. Druha Liga,2rweuh2dkces2u3mpoev3o3dg,Kulykiv,Ukraine,Persha Liga,exact_name,100,57.5827493991,4746,auto_confirmed,""
Lisne,Ukraine. Druha Liga,57javo5rbpxemked78m8s9d04,Lisne,Ukraine,"",exact_name,100,44.1421353823,10559,auto_confirmed,""
Livyi Bereh II,Ukraine. Druha Liga,1jmje9jw232sk9jdvs04gfnro,Livyi Bereh II,Ukraine,"",exact_name,100,46.2304496514,9697,auto_confirmed,""
Lokomotiv Kyiv,Ukraine. Druha Liga,4u9m8cw1ykw6m4q5wy4az2978,Lokomotiv Kyiv,Ukraine,Persha Liga,exact_name,100,55.9012180294,5290,auto_confirmed,""
Metalurh Zaporizhya,Ukraine. Druha Liga,105ryxnpjswjrcuvd42eetyfy,Metalurh Zaporizhya,Ukraine,Druha Liga,exact_name,100,43.7582431353,10687,auto_confirmed,""
Metalurh Zaporizhya II,Ukraine. Druha Liga,105ryxnpjswjrcuvd42eetyfy,Metalurh Zaporizhya,Ukraine,Druha Liga,fuzzy_country,92.68,43.7582431353,10687,needs_review,""
Nyva Buzova,Ukraine. Druha Liga,"","","","",unmapped,,,,unmapped,""
Nyva Ternopil II,Ukraine. Druha Liga,2imrau908wx3yw5ekqqv4fu38,Nyva Ternopil II,Ukraine,Druha Liga,exact_name,100,40.1675311194,11935,auto_confirmed,""
Nyva Vinnytsya,Ukraine. Druha Liga,8jbq700opxypn2r4qnwkml7ne,Nyva Vinnytsya,Ukraine,Druha Liga,exact_name,100,45.3229751372,10086,auto_confirmed,""
Oleksandria II,Ukraine. Druha Liga,daicg29chkhhv0viom1le45ck,Oleksandria II,Ukraine,Druha Liga,exact_name,100,45.1244673643,10171,auto_confirmed,""
Penuel Kryvyi Rih,Ukraine. Druha Liga,"","","","",unmapped,,,,unmapped,""
Podillya Khmelnytskyi,Ukraine. Druha Liga,co6q730dlx2kv1hx2h6l22ukp,Podillya Khmelnytskyi,Ukraine,Druha Liga,exact_name,100,45.5253639402,9989,auto_confirmed,""
Polissya II,Ukraine. Druha Liga,4ipe07kwaau83cfz8s79dvkk,Polissya II,Ukraine,Persha Liga,exact_name,100,55.1638214498,5556,auto_confirmed,""
Poltava II,Ukraine. Druha Liga,76oc6bg6ol8to44he8rv4vwgk,SK Poltava II,Ukraine,Druha Liga,exact_name,100,39.7083283477,12069,auto_confirmed,""
Probiy Horodenka,Ukraine. Druha Liga,5r5d8vfn9trxfotf0vucuao0k,Probiy Horodenka,Ukraine,Persha Liga,exact_name,100,53.2929803408,6273,auto_confirmed,""
Real Pharm,Ukraine. Druha Liga,85v3iap4f4gptuyoeh8htibee,Real Pharm,Ukraine,"",exact_name,100,31.6710121225,13541,auto_confirmed,""
Rebel Kyiv,Ukraine. Druha Liga,"","","","",unmapped,,,,unmapped,""
Rubikon Kiev,Ukraine. Druha Liga,"","","","",unmapped,,,,unmapped,""
Rukh Lviv,Ukraine. Druha Liga,305egj070866n0n3gfb9t9swv,Rukh Lviv,Ukraine,Druha Liga,exact_name,100,45.9666658498,9776,auto_confirmed,""
Rukh Lviv II,Ukraine. Druha Liga,"","","","",unmapped,,,,unmapped,""
Skala 1911 Stryi,Ukraine. Druha Liga,efjhwipc3wupjycflhblvkwt0,Skala 1911 Stryi,Ukraine,Druha Liga,exact_name,100,43.32470451,10871,auto_confirmed,""
Trostianets,Ukraine. Druha Liga,am4stwmxjs758c9nnjpzppq8k,Trostianets,Ukraine,Druha Liga,exact_name,100,45.4094122852,10035,auto_confirmed,""
UCSA,Ukraine. Druha Liga,ertwbkhlcimkojkhmv4uf2z9w,UCSA,Ukraine,Persha Liga,exact_name,100,56.4028614618,5117,auto_confirmed,""
Uzhhorod,Ukraine. Druha Liga,e35nmx9h85331iagxjedkjq0a,Uzhhorod,Ukraine,"",exact_name,100,42.5145592145,11166,auto_confirmed,""
VAST,Ukraine. Druha Liga,"","","","",unmapped,,,,unmapped,""
Vilkhivtsi,Ukraine. Druha Liga,exh65v117bp5ad2u9rct74mj8,Vilkhivtsi,Ukraine,Druha Liga,exact_name,100,40.7597448122,11752,auto_confirmed,""
Vorskla II,Ukraine. Druha Liga,"","","","",unmapped,,,,unmapped,""
Zvyahel,Ukraine. Druha Liga,"","","","",unmapped,,,,unmapped,""
Ahrobiznes Volochysk,Ukraine. Persha Liga,6f6eackw4ipdt16g0v7elcxnu,Ahrobiznes Volochysk,Ukraine,Persha Liga,exact_name,100,59.0303421692,4237,auto_confirmed,""
Bukovyna,Ukraine. Persha Liga,4njgio80bzz5rdz8jiylt350e,Bukovyna,Ukraine,Premier League,exact_name,100,69.6908591587,1471,auto_confirmed,""
Chernihiv,Ukraine. Persha Liga,er1fodm9vbxiyamfydqxwlyj8,Chernihiv,Ukraine,Persha Liga,exact_name,100,56.0018417792,5259,auto_confirmed,""
Chornomorets,Ukraine. Persha Liga,5wqr8iapykok5bt3vma8hibcl,Chornomorets,Ukraine,Premier League,exact_name,100,67.4286048178,1899,auto_confirmed,""
Dinaz Vyshhorod,Ukraine. Persha Liga,9480tge2og0opmjyvu5b8gep6,Dinaz Vyshhorod,Ukraine,Druha Liga,exact_name,100,38.5167046591,12354,auto_confirmed,""
Epitsentr Kamyanets-Podilskyi,Ukraine. Persha Liga,6aj67v16g603x3u3o60f0yn84,Epitsentr,Ukraine,Premier League,fuzzy_country,96.55,69.8989713973,1435,needs_review,""
FSC Mariupol,Ukraine. Persha Liga,gzsx217o8ol9dxpsg92ri6tw,FSC Mariupol,Ukraine,Persha Liga,exact_name,100,58.1533346572,4549,auto_confirmed,""
Feniks Mariupol,Ukraine. Persha Liga,"","","","",unmapped,,,,unmapped,""
Hirnyk-Sport,Ukraine. Persha Liga,9der56kn5n510kh1tmsnssoe1,Hirnyk-Sport,Ukraine,"",exact_name,100,39.0161186093,12225,auto_confirmed,""
Inhulets,Ukraine. Persha Liga,ap372stg64ifddndlskumr8bt,Inhulets',Ukraine,Persha Liga,exact_name,100,59.286167266,4157,auto_confirmed,""
Karpaty,Ukraine. Persha Liga,2qyc053g9xb6zwzxxt37a3o2y,Karpaty Krosno,Poland,"",exact_name,100,49.2690365444,8259,auto_confirmed,""
Khust City,Ukraine. Persha Liga,"","","","",unmapped,,,,unmapped,""
Kolos Kovalivka II,Ukraine. Persha Liga,ajxkerzmvdmrzom44pvrxzv9w,Kolos Kovalivka II,Ukraine,Persha Liga,exact_name,100,55.6455697139,5385,auto_confirmed,""
Kremin,Ukraine. Persha Liga,"","","","",unmapped,,,,unmapped,""
Kudrivka,Ukraine. Persha Liga,6jw0n5x5p28wdbnusb7abr21g,Kudrivka,Ukraine,Premier League,exact_name,100,66.3272081042,2155,auto_confirmed,""
Kulykiv,Ukraine. Persha Liga,2rweuh2dkces2u3mpoev3o3dg,Kulykiv,Ukraine,Persha Liga,exact_name,100,57.5827493991,4746,auto_confirmed,""
LNZ Cherkasy,Ukraine. Persha Liga,a6nfqzba025ru45ja9lju5uz8,LNZ Cherkasy,Ukraine,Premier League,exact_name,100,74.401888653,825,auto_confirmed,""
Livyi Bereh,Ukraine. Persha Liga,f26po6jmo5p0q8wv7ixx1spp0,Livyi Bereh,Ukraine,Premier League,exact_name,100,69.0036557233,1576,auto_confirmed,""
Lokomotiv Kyiv,Ukraine. Persha Liga,4u9m8cw1ykw6m4q5wy4az2978,Lokomotiv Kyiv,Ukraine,Persha Liga,exact_name,100,55.9012180294,5290,auto_confirmed,""
Metalist 1925 Kharkiv,Ukraine. Persha Liga,46k8um0kk7reh2zu721ckw8b8,FK Metalist Kharkiv,Ukraine,Persha Liga,fuzzy_country,86.49,57.7774335496,4689,needs_review,""
Metalist Kharkiv,Ukraine. Persha Liga,46k8um0kk7reh2zu721ckw8b8,FK Metalist Kharkiv,Ukraine,Persha Liga,exact_name,100,57.7774335496,4689,auto_confirmed,""
Metalurh Zaporizhya,Ukraine. Persha Liga,105ryxnpjswjrcuvd42eetyfy,Metalurh Zaporizhya,Ukraine,Druha Liga,exact_name,100,43.7582431353,10687,auto_confirmed,""
Minaj,Ukraine. Persha Liga,"","","","",unmapped,,,,unmapped,""
Nyva Buzova,Ukraine. Persha Liga,"","","","",unmapped,,,,unmapped,""
Nyva Ternopil,Ukraine. Persha Liga,9f8rjjqxuxp51emym0c1s0sx6,Nyva Ternopil,Ukraine,Persha Liga,exact_name,100,57.2938547957,4834,auto_confirmed,""
Obolon,Ukraine. Persha Liga,2m7dohr9pm9rruwas5p8w5v6u,Obolon Kyiv,Ukraine,Premier League,exact_name,100,67.596268189,1858,auto_confirmed,""
Oleksandria,Ukraine. Persha Liga,x5bf07g3gy7xj2zidytj28m3,Oleksandria,Ukraine,Persha Liga,exact_name,100,61.1687935176,3569,auto_confirmed,""
Podillya Khmelnytskyi,Ukraine. Persha Liga,co6q730dlx2kv1hx2h6l22ukp,Podillya Khmelnytskyi,Ukraine,Druha Liga,exact_name,100,45.5253639402,9989,auto_confirmed,""
Polissya,Ukraine. Persha Liga,6473hce9r52khyh9ptc6i385c,Polissya,Ukraine,Premier League,exact_name,100,78.6892540044,430,auto_confirmed,""
Polissya II,Ukraine. Persha Liga,4ipe07kwaau83cfz8s79dvkk,Polissya II,Ukraine,Persha Liga,exact_name,100,55.1638214498,5556,auto_confirmed,""
Probiy Horodenka,Ukraine. Persha Liga,5r5d8vfn9trxfotf0vucuao0k,Probiy Horodenka,Ukraine,Persha Liga,exact_name,100,53.2929803408,6273,auto_confirmed,""
Prykarpattia,Ukraine. Persha Liga,f2w1r50ngaeixdy8250ja3e0k,Prykarpattia,Ukraine,Persha Liga,exact_name,100,58.7230188324,4349,auto_confirmed,""
SK Poltava,Ukraine. Persha Liga,b13rjk6sx40rwh0utc34zz4t0,SK Poltava,Ukraine,Persha Liga,exact_name,100,60.2897156562,3840,auto_confirmed,""
Skoruk Tomakivka,Ukraine. Persha Liga,"","","","",unmapped,,,,unmapped,""
UCSA,Ukraine. Persha Liga,ertwbkhlcimkojkhmv4uf2z9w,UCSA,Ukraine,Persha Liga,exact_name,100,56.4028614618,5117,auto_confirmed,""
Viktoriya Sumy,Ukraine. Persha Liga,ewqhffgu622bytmbokt03cgoa,Viktoriya Sumy,Ukraine,Persha Liga,exact_name,100,58.6458267265,4377,auto_confirmed,""
Vorskla,Ukraine. Persha Liga,am4vmfn149i9hk2jku3cesy0j,Vorskla,Ukraine,"",exact_name,100,56.5359241563,5075,auto_confirmed,""
Bukovyna,Ukraine. VBET League,4njgio80bzz5rdz8jiylt350e,Bukovyna,Ukraine,Premier League,exact_name,100,69.6908591587,1471,auto_confirmed,""
Chornomorets,Ukraine. VBET League,5wqr8iapykok5bt3vma8hibcl,Chornomorets,Ukraine,Premier League,exact_name,100,67.4286048178,1899,auto_confirmed,""
Dnipro-1,Ukraine. VBET League,"","","","",unmapped,,,,unmapped,""
Dynamo Kyiv,Ukraine. VBET League,7lgvcey3svf6k22vg5svdztmg,Dynamo Kyiv,Ukraine,Premier League,exact_name,100,79.2962875091,384,auto_confirmed,""
Epitsentr Dunayivtsi,Ukraine. VBET League,"","","","",unmapped,,,,unmapped,""
Epitsentr Kamyanets-Podilskyi,Ukraine. VBET League,6aj67v16g603x3u3o60f0yn84,Epitsentr,Ukraine,Premier League,fuzzy_country,96.55,69.8989713973,1435,needs_review,""
FC Kharkiv,Ukraine. VBET League,civhw0lmsowhsafc0yfah9vu2,Kharkiv,Ukraine,Premier League,exact_name,100,74.7930410645,782,auto_confirmed,""
Inhulets,Ukraine. VBET League,ap372stg64ifddndlskumr8bt,Inhulets',Ukraine,Persha Liga,exact_name,100,59.286167266,4157,auto_confirmed,""
Karpaty,Ukraine. VBET League,2qyc053g9xb6zwzxxt37a3o2y,Karpaty Krosno,Poland,"",exact_name,100,49.2690365444,8259,auto_confirmed,""
Kolos Kovalivka,Ukraine. VBET League,3b7ks0rmvl18grrlcitbbaew9,Kolos Kovalivka,Ukraine,Premier League,exact_name,100,71.9530303165,1144,auto_confirmed,""
Kryvbas KR,Ukraine. VBET League,5cha7mvdiuah487zu1e6sfmn7,Kryvbas KR,Ukraine,Premier League,exact_name,100,72.8015834222,1037,auto_confirmed,""
Kudrivka,Ukraine. VBET League,6jw0n5x5p28wdbnusb7abr21g,Kudrivka,Ukraine,Premier League,exact_name,100,66.3272081042,2155,auto_confirmed,""
LNZ Cherkasy,Ukraine. VBET League,a6nfqzba025ru45ja9lju5uz8,LNZ Cherkasy,Ukraine,Premier League,exact_name,100,74.401888653,825,auto_confirmed,""
Livyi Bereh,Ukraine. VBET League,f26po6jmo5p0q8wv7ixx1spp0,Livyi Bereh,Ukraine,Premier League,exact_name,100,69.0036557233,1576,auto_confirmed,""
Lviv,Ukraine. VBET League,"","","","",unmapped,,,,unmapped,""
Metalist 1925 Kharkiv,Ukraine. VBET League,46k8um0kk7reh2zu721ckw8b8,FK Metalist Kharkiv,Ukraine,Persha Liga,fuzzy_country,86.49,57.7774335496,4689,needs_review,""
Metalist Kharkiv,Ukraine. VBET League,46k8um0kk7reh2zu721ckw8b8,FK Metalist Kharkiv,Ukraine,Persha Liga,exact_name,100,57.7774335496,4689,auto_confirmed,""
Minaj,Ukraine. VBET League,"","","","",unmapped,,,,unmapped,""
Obolon,Ukraine. VBET League,2m7dohr9pm9rruwas5p8w5v6u,Obolon Kyiv,Ukraine,Premier League,exact_name,100,67.596268189,1858,auto_confirmed,""
Oleksandria,Ukraine. VBET League,x5bf07g3gy7xj2zidytj28m3,Oleksandria,Ukraine,Persha Liga,exact_name,100,61.1687935176,3569,auto_confirmed,""
Polissya,Ukraine. VBET League,6473hce9r52khyh9ptc6i385c,Polissya,Ukraine,Premier League,exact_name,100,78.6892540044,430,auto_confirmed,""
Rukh Lviv,Ukraine. VBET League,305egj070866n0n3gfb9t9swv,Rukh Lviv,Ukraine,Druha Liga,exact_name,100,45.9666658498,9776,auto_confirmed,""
SK Poltava,Ukraine. VBET League,b13rjk6sx40rwh0utc34zz4t0,SK Poltava,Ukraine,Persha Liga,exact_name,100,60.2897156562,3840,auto_confirmed,""
Shakhtar Donetsk,Ukraine. VBET League,cf8plcmeniaen0fc5emyb5j93,Shakhtar Donetsk,Ukraine,Premier League,exact_name,100,83.5484585888,149,auto_confirmed,""
Veres,Ukraine. VBET League,"","","","",unmapped,,,,unmapped,""
Vorskla,Ukraine. VBET League,am4vmfn149i9hk2jku3cesy0j,Vorskla,Ukraine,"",exact_name,100,56.5359241563,5075,auto_confirmed,""
Zorya,Ukraine. VBET League,1cyu16afh91e3c0uao2vi9xpk,Zorya,Ukraine,Premier League,exact_name,100,72.2665974886,1101,auto_confirmed,""
Atlanta United,United States. MLS,943ue6l8ylnidoygbi9p8op2h,Atlanta United,USA,MLS,exact_name,100,76.8834018208,579,auto_confirmed,""
Austin FC,United States. MLS,yrsr1hyy65062qyzw8sug3ys,Austin,USA,MLS,exact_name,100,78.1157177634,472,auto_confirmed,""
CF Montréal,United States. MLS,oisd4xgg4qxt18c7tikdejbe,Montréal,Canada,MLS,exact_name,100,75.51029959,705,auto_confirmed,""
Charlotte FC,United States. MLS,dqq34048nqex146r77i5l8twq,Charlotte,USA,MLS,exact_name,100,81.2026837447,271,auto_confirmed,""
Chicago Fire,United States. MLS,apsqaaege20za4re5wm6bzq9a,Chicago Fire,USA,MLS,exact_name,100,81.0796456494,276,auto_confirmed,""
Cincinnati,United States. MLS,652hppivbqchvrp3wopx1isyt,Cincinnati,USA,MLS,exact_name,100,80.4695890014,306,auto_confirmed,""
Colorado Rapids,United States. MLS,cvrl5bces32x6fup1ks1hvets,Colorado Rapids,USA,MLS,exact_name,100,78.4210751316,445,auto_confirmed,""
Columbus Crew,United States. MLS,chjb0xe5vlaaguop3q2nbalni,Columbus Crew,USA,MLS,exact_name,100,79.3173698323,379,auto_confirmed,""
DC United,United States. MLS,5qw82lpi6fio4fbljihlyyulb,DC United,USA,MLS,exact_name,100,76.123427775,647,auto_confirmed,""
Dallas,United States. MLS,4gi4qw4gt6nfq0c6r8y574qgp,Dallas,USA,MLS,exact_name,100,81.6421531676,237,auto_confirmed,""
Houston Dynamo,United States. MLS,69m5c06m9up1j8vf8ulnb80xu,Houston Dynamo,USA,MLS,exact_name,100,79.9807324499,333,auto_confirmed,""
Inter Miami,United States. MLS,7a7uyvix8axi28h7d3bwl4tbe,Inter Miami,USA,MLS,exact_name,100,83.0729208499,173,auto_confirmed,""
Los Angeles FC,United States. MLS,c6e7kqqrkt389ysrth6yy6puy,Los Angeles,USA,MLS,exact_name,100,82.0909489435,224,auto_confirmed,""
Los Angeles Galaxy,United States. MLS,6qr5y32dthc4dqycckwmfj1si,LA Galaxy,USA,MLS,exact_name,100,78.3945542799,446,auto_confirmed,""
Minnesota United,United States. MLS,dna80a164iz5ta6pp6ivk64rx,Minnesota United,USA,MLS,exact_name,100,78.9936414498,407,auto_confirmed,""
Nashville SC,United States. MLS,1oogd0fpwledjm2ycsuv7afze,Nashville SC,USA,MLS,exact_name,100,82.889027344,181,auto_confirmed,""
New England,United States. MLS,3ko4vrn7aouqpdr21sv4ipcvj,New England,USA,MLS,exact_name,100,80.1728701068,326,auto_confirmed,""
New York City,United States. MLS,1bksy4rix8pm8rjve81uqo8ut,New York City,USA,MLS,exact_name,100,79.3086492947,381,auto_confirmed,""
New York RB,United States. MLS,7k329us81r2yiw9pakgo5tp6e,New York RB,USA,MLS,exact_name,100,77.6263626986,522,auto_confirmed,""
Orlando City,United States. MLS,eaqreat4kxwvah0bvwg1wtoq5,Orlando City,USA,MLS,exact_name,100,79.5562998141,363,auto_confirmed,""
Philadelphia Union,United States. MLS,aq0m4zmew7kkplbi7fa0pv45c,Philadelphia Union,USA,MLS,exact_name,100,82.4734742265,198,auto_confirmed,""
Portland Timbers,United States. MLS,77o8sorlijzpr0t4s7231zzxp,Portland Timbers,USA,MLS,exact_name,100,79.272371506,386,auto_confirmed,""
Real Salt Lake,United States. MLS,29zyafx618w7tvp34n53pzwwb,Real Salt Lake,USA,MLS,exact_name,100,77.6539397177,518,auto_confirmed,""
SJ Earthquakes,United States. MLS,a2jg79bf9ab1vj6iok2r328cc,SJ Earthquakes,USA,MLS,exact_name,100,79.4834026151,366,auto_confirmed,""
San Diego,United States. MLS,74lhmgpfmledj7a1h58wuar6c,San Diego,USA,MLS,exact_name,100,79.2622554829,388,auto_confirmed,""
Seattle Sounders,United States. MLS,3st9rj62b3qnni6uolw0lwaqn,Seattle Sounders,USA,MLS,exact_name,100,80.0553576592,331,auto_confirmed,""
Sporting KC,United States. MLS,3olfhpj6emfhceudd95ytb9gy,Sporting KC,USA,MLS,exact_name,100,73.9296985379,898,auto_confirmed,""
St. Louis City,United States. MLS,7rh4h3y77fl3s7rdqp61si49g,St. Louis City,USA,MLS,exact_name,100,82.2553934807,213,auto_confirmed,""
Toronto,United States. MLS,28teusnamw1ujgh5di1auf2f7,Toronto,Canada,MLS,exact_name,100,77.291222691,549,auto_confirmed,""
Vancouver Whitecaps,United States. MLS,cdmq2tqfwo5td2ztv1s62bqlf,Vancouver Whitecaps,Canada,MLS,exact_name,100,83.0572486497,175,auto_confirmed,""
Albion,Uruguay. Primera División,55gk3y9pyjnpck475gqm285bk,Albion,Uruguay,Liga AUF,exact_name,100,73.9718680306,890,auto_confirmed,""
Boston River,Uruguay. Primera División,26v2qpjhchmz068uykg9al4f6,Boston River,Uruguay,Liga AUF,exact_name,100,75.6733284578,690,auto_confirmed,""
Central Español,Uruguay. Primera División,7j5kp9xxkpzlm7gg4nzq7btto,Central Español,Uruguay,Liga AUF,exact_name,100,75.4560012136,714,auto_confirmed,""
Cerrito,Uruguay. Primera División,bwa0me6b82pljhc5f3tu11p40,Cerrito,Uruguay,Segunda División,exact_name,100,64.9224501022,2487,auto_confirmed,""
Cerro,Uruguay. Primera División,36wt93b4b5zsw9qyk6blcj0lx,Cerro,Uruguay,Liga AUF,exact_name,100,75.6338477713,693,auto_confirmed,""
Cerro Largo,Uruguay. Primera División,6u8ys7342bcadackfud1fd3kx,Cerro Largo,Uruguay,Liga AUF,exact_name,100,76.6671014952,598,auto_confirmed,""
Danubio,Uruguay. Primera División,13dm67jajkwthfllv5h6uqha6,Danubio,Uruguay,Liga AUF,exact_name,100,74.6885448987,791,auto_confirmed,""
Defensor Sporting,Uruguay. Primera División,21sdnh4ueo8he1r42ebn0sz0,Defensor Sporting,Uruguay,Liga AUF,exact_name,100,75.7784903775,682,auto_confirmed,""
Deportivo Maldonado,Uruguay. Primera División,dx57pww9amdsyxuwg679gwdhl,Deportivo Maldonado,Uruguay,Liga AUF,exact_name,100,79.2104891641,392,auto_confirmed,""
Fénix,Uruguay. Primera División,15cf6oyedsbwy63nqhfp0ce6u,Fénix,Uruguay,Segunda División,exact_name,100,67.390033187,1907,auto_confirmed,""
Juventud,Uruguay. Primera División,7yxslrj734ntqcgb9d6bu02m4,Juventud,Uruguay,Liga AUF,exact_name,100,78.0883562551,477,auto_confirmed,""
La Luz,Uruguay. Primera División,20l22let8baylwi3h2g1bw2qd,La Luz,Uruguay,Segunda División,exact_name,100,63.4125739303,2943,auto_confirmed,""
Liverpool,Uruguay. Primera División,1p2mbne1t0rwtj3go5f5z98pu,Liverpool,Uruguay,Liga AUF,exact_name,100,79.4654749417,369,auto_confirmed,""
Miramar Misiones,Uruguay. Primera División,7162pj1mpc0xpgrg8gheeo95y,Miramar Misiones,Uruguay,Segunda División,exact_name,100,66.3033556663,2162,auto_confirmed,""
Nacional,Uruguay. Primera División,27ia8tgma24uc864wpnbdwoxo,Nacional,Uruguay,Liga AUF,exact_name,100,80.6106486072,301,auto_confirmed,""
Peñarol,Uruguay. Primera División,8wcbo8lv6tm0yvv7sa0do4ojb,Peñarol,Uruguay,Liga AUF,exact_name,100,83.6745184716,145,auto_confirmed,""
Plaza Colonia,Uruguay. Primera División,6jzhmmq81qyit3b5u0sf1ak5k,Plaza Colonia,Uruguay,Segunda División,exact_name,100,69.402493636,1512,auto_confirmed,""
Progreso,Uruguay. Primera División,96i4sn6fnsic7lm06zpodd582,Progreso,Uruguay,Liga AUF,exact_name,100,72.5035055998,1074,auto_confirmed,""
Racing,Uruguay. Primera División,4chpayofjomoamckrr2t0c7k0,Racing,Uruguay,Liga AUF,exact_name,100,79.2066519545,394,auto_confirmed,""
Rampla Juniors,Uruguay. Primera División,8ubfsxw19kiqtstyl7tt2mo5n,Rampla Juniors,Uruguay,Primera Divisional C,exact_name,100,52.2484657769,6747,auto_confirmed,""
Rentistas,Uruguay. Primera División,1jo5chfqowzcapj5ut60tgj4k,Rentistas,Uruguay,Segunda División,exact_name,100,66.9255419854,2013,auto_confirmed,""
River Plate,Uruguay. Primera División,eelwjx75tbefadtw1bfkoroq6,River Plate,Uruguay,Segunda División,exact_name,100,66.8308057793,2032,auto_confirmed,""
Torque,Uruguay. Primera División,"","","","",unmapped,,,,unmapped,""
Wanderers,Uruguay. Primera División,ehyuxeire7ruxvc4nszvyiktx,Wanderers,Uruguay,Liga AUF,exact_name,100,76.8717392364,581,auto_confirmed,""
AGMK,Uzbekistan. Super League,a52k8aggl2a4tu3tfcqz3ulm1,AGMK,Uzbekistan,Super League,exact_name,100,69.4845469093,1500,auto_confirmed,""
Andijan,Uzbekistan. Super League,n3ztt5r5ryb1qxzj5lvgnpvf,Andijan,Uzbekistan,Super League,exact_name,100,66.1967103005,2184,auto_confirmed,""
Bunyodkor,Uzbekistan. Super League,dp0thx76vcs64snddeqvp17zz,Bunyodkor,Uzbekistan,Super League,exact_name,100,65.3983701504,2371,auto_confirmed,""
Buxoro,Uzbekistan. Super League,3fvruq59nx3r6m26bpgyjuliy,Buxoro,Uzbekistan,Super League,exact_name,100,66.7291023473,2049,auto_confirmed,""
Dinamo Samarqand,Uzbekistan. Super League,zczkxv690x6o85hysjnpjcw2,Dinamo Samarqand,Uzbekistan,Super League,exact_name,100,68.5922011899,1669,auto_confirmed,""
Kokand-1912,Uzbekistan. Super League,5rtc9j5ovqsxlhkfqc9ht4ilr,Kokand-1912,Uzbekistan,Super League,exact_name,100,64.2792812756,2675,auto_confirmed,""
Lokomotiv Tashkent,Uzbekistan. Super League,7epsjq80qba0l33gprs3dr71v,Lokomotiv,Uzbekistan,Super League,exact_name,100,67.2788874824,1930,auto_confirmed,""
Mash'al,Uzbekistan. Super League,67ilfx1du1vtttoxbqzjq2fb4,Mash'al,Uzbekistan,Super League,exact_name,100,58.6610532489,4371,auto_confirmed,""
Metalourg,Uzbekistan. Super League,bw7s4xso391s54rk1hqa2xe82,Metalourg,Uzbekistan,Pro League,exact_name,100,56.8790121507,4961,auto_confirmed,""
Nasaf,Uzbekistan. Super League,6ey4an0gv7oc27sma6oj5vxzz,Nasaf,Uzbekistan,Super League,exact_name,100,72.1070893663,1126,auto_confirmed,""
Navbahor,Uzbekistan. Super League,7wiwxjo7a9yudfe72ls12i4q5,Navbahor,Uzbekistan,Super League,exact_name,100,71.2915142265,1240,auto_confirmed,""
Neftchi,Uzbekistan. Super League,ds29ggecv78whcgnr2neij683,Neftchi,Uzbekistan,Super League,exact_name,100,74.5054331123,813,auto_confirmed,""
Olympic,Uzbekistan. Super League,a65x4lqtb1pp70klm5xlam2vo,Olympic Mobiuz,Uzbekistan,Pro League,exact_name,100,57.0776611946,4909,auto_confirmed,""
Pakhtakor,Uzbekistan. Super League,bbx1u87822o73wkv05yu8g243,Pakhtakor,Uzbekistan,Super League,exact_name,100,74.9710106643,769,auto_confirmed,""
Qizilqum,Uzbekistan. Super League,58dcdhlrvo2c12z6todx36qrr,Qizilqum,Uzbekistan,Super League,exact_name,100,64.6165538827,2559,auto_confirmed,""
Shortan,Uzbekistan. Super League,93a538r5oasd6xn0mc214i8xx,Shortan,Uzbekistan,Pro League,exact_name,100,58.1269601963,4561,auto_confirmed,""
Sogdiana,Uzbekistan. Super League,23uothcky432r16cvgc7z49wh,Sogdiana,Uzbekistan,Super League,exact_name,100,66.9252465659,2014,auto_confirmed,""
Surkhon,Uzbekistan. Super League,"","","","",unmapped,,,,unmapped,""
Xorazm,Uzbekistan. Super League,bxrhu0pna7pqle0jvmohi22bw,Xorazm,Uzbekistan,Super League,exact_name,100,62.8852678127,3088,auto_confirmed,""
Academia Puerto Cabello,Venezuela. Primera División,48jc2j7nzanmv7y9rrdnygve1,Academia Puerto Cabello,Venezuela,Primera División,exact_name,100,77.7822562199,504,auto_confirmed,""
Angostura FC,Venezuela. Primera División,578yc6llxmio8i26q5hkk979t,Angostura,Venezuela,"",exact_name,100,61.6776751959,3440,auto_confirmed,""
Anzoátegui FC,Venezuela. Primera División,52kficzi4kwbpe0eq20pzy238,Anzoátegui,Venezuela,Primera División,exact_name,100,69.1242364844,1555,auto_confirmed,""
Carabobo,Venezuela. Primera División,c809db63irass4isclyicm3t1,Carabobo,Venezuela,Primera División,exact_name,100,79.2760695806,385,auto_confirmed,""
Caracas,Venezuela. Primera División,bzesahpqa1u17embzecj2mtwy,Caracas,Venezuela,Primera División,exact_name,100,73.8491350983,904,auto_confirmed,""
Deportivo La Guaira,Venezuela. Primera División,em31nnti82q57le3wp7g5lsrj,Deportivo La Guaira,Venezuela,Primera División,exact_name,100,76.3140049405,630,auto_confirmed,""
Deportivo Táchira,Venezuela. Primera División,7gw3xbwn1ymmmbenycb1q7d5v,Deportivo Táchira,Venezuela,Primera División,exact_name,100,78.6735666977,432,auto_confirmed,""
Estudiantes de Mérida,Venezuela. Primera División,7jnlp25bo9l1b7naxbmn1txkp,Estudiantes de Mérida,Venezuela,Primera División,exact_name,100,74.3176505677,841,auto_confirmed,""
Inter de Barinas,Venezuela. Primera División,"","","","",unmapped,,,,unmapped,""
Metropolitanos,Venezuela. Primera División,d8fota29f56cavor1p923mo19,Metropolitanos,Venezuela,Primera División,exact_name,100,78.5312036789,439,auto_confirmed,""
Monagas,Venezuela. Primera División,3b30aj4l4uwgkbt60rpt2uyyz,Monagas,Venezuela,Primera División,exact_name,100,73.6232322152,933,auto_confirmed,""
Portuguesa,Venezuela. Primera División,3x8x3dd40vugloa78gehb12u2,Portuguesa,Venezuela,Primera División,exact_name,100,75.341738566,725,auto_confirmed,""
Rayo Zuliano,Venezuela. Primera División,bvbi0j28621b5aiqzbin4lzbo,Rayo Zuliano,Venezuela,Primera División,exact_name,100,71.2151354747,1252,auto_confirmed,""
Trujillanos,Venezuela. Primera División,dfniir1h9c7k0gg1r9htdekgf,Trujillanos,Venezuela,Primera División,exact_name,100,70.1729322228,1389,auto_confirmed,""
UCV,Venezuela. Primera División,d0rpwl0d5v0nacrmgog65zfo2,UCV,Venezuela,Primera División,exact_name,100,75.8001510145,679,auto_confirmed,""
Yaracuyanos,Venezuela. Primera División,6vborhmppvyoeg38nhkkfp6z9,Yaracuyanos,Venezuela,Segunda División,exact_name,100,65.7940160038,2275,auto_confirmed,""
Zamora,Venezuela. Primera División,dkz4sz6qr44u0f2meaoo6t31a,Zamora,Venezuela,Primera División,exact_name,100,71.8774451971,1153,auto_confirmed,""
Aberystwyth Town,Wales. Premier League,56q66s3bi8qr72hw4lynxf94o,Aberystwyth Town,Wales,FAW Championship,exact_name,100,45.6402380829,9933,auto_confirmed,""
Airbus UK,Wales. Premier League,99mt53mlza4mcftylz60wiolm,Airbus UK,Wales,Premier League,exact_name,100,57.4839877472,4775,auto_confirmed,""
Ammanford,Wales. Premier League,8wbwkv9qkfbira9ltrd922k0h,Ammanford,Wales,Premier League,exact_name,100,51.7285750171,6996,auto_confirmed,""
Bala Town,Wales. Premier League,do12s2hufffma2tgrsu6nl87g,Bala Town,Wales,FAW Championship,exact_name,100,47.4736354914,9146,auto_confirmed,""
Barry Town United,Wales. Premier League,a9nx2ege7woyx14jz8nnpbhgw,Barry Town United,Wales,Premier League,exact_name,100,62.1223604642,3315,auto_confirmed,""
Briton Ferry,Wales. Premier League,ag11firiim1t1z6de6elpf0cg,Briton Ferry,Wales,Premier League,exact_name,100,54.6359886099,5743,auto_confirmed,""
Caernarfon Town,Wales. Premier League,6f0nv19nuoin8pxfbuxif5hci,Caernarfon Town,Wales,Premier League,exact_name,100,62.0998467148,3329,auto_confirmed,""
Cambrian & Clydach,Wales. Premier League,"","","","",unmapped,,,,unmapped,""
Cardiff MU,Wales. Premier League,1yd6o8rjkgj8xnxgiswub9gef,Cardiff MU,Wales,Premier League,exact_name,100,57.7414610396,4700,auto_confirmed,""
Colwyn Bay,Wales. Premier League,z2a32gdmtn0s52xesl03zv2c,Colwyn Bay,Wales,Premier League,exact_name,100,60.4900733027,3783,auto_confirmed,""
Connah's Quay,Wales. Premier League,60sl6qar15hjqhf4vw9op36db,Connah's Quay,Wales,Premier League,exact_name,100,63.3169429797,2966,auto_confirmed,""
Flint Town United,Wales. Premier League,714zkclznujqn70jvf4vvs7v9,Flint Town United,Wales,Premier League,exact_name,100,53.288382594,6275,auto_confirmed,""
Haverfordwest County,Wales. Premier League,bczfjrx9ttgqygv8g1gjzn8sm,Haverfordwest County,Wales,Premier League,exact_name,100,56.8263650052,4979,auto_confirmed,""
Holywell,Wales. Premier League,eo5bg2rr0434j9fnq2hz1qu7s,Holywell Town,Wales,Premier League,exact_name,100,51.4980731803,7119,auto_confirmed,""
Llandudno,Wales. Premier League,9blq0q32hrtvi6xefeafzf9t0,Llandudno,Wales,Premier League,exact_name,100,57.1926061418,4867,auto_confirmed,""
Llanelli Town,Wales. Premier League,2t1zy2rtdoo8amqx288pbwo2x,Llanelli Town,Wales,FAW Championship,exact_name,100,41.0560906945,11655,auto_confirmed,""
Newtown,Wales. Premier League,1fg9mlbv9h2blk4spkaht1bxd,Newtown,Wales,FAW Championship,exact_name,100,47.9022076955,8941,auto_confirmed,""
Penybont,Wales. Premier League,dozumun3c1iyou6uruj9e8ei6,Penybont,Wales,Premier League,exact_name,100,61.4288763132,3497,auto_confirmed,""
Pontypridd Town AFC,Wales. Premier League,"","","","",unmapped,,,,unmapped,""
The New Saints,Wales. Premier League,85l2ewv17mqmw3otdletjc36,The New Saints,Wales,Premier League,exact_name,100,71.0071433193,1278,auto_confirmed,""
Trefelin,Wales. Premier League,2e3ylgj7lwphzf7ku1dl555ia,Trefelin,Wales,Premier League,exact_name,100,52.4032304446,6670,auto_confirmed,""
