competition_name,competition_country,team,tm_club_id,tm_club_name,method,score,tm_scraped_players,scrape_status
Argentina. Liga Profesional de Fútbol,Argentina,Aldosivi,12301,Aldosivi,dict,100,30,scraped
Argentina. Liga Profesional de Fútbol,Argentina,Argentinos Juniors,1030,Argentinos Jrs.,dict,100,33,scraped
Argentina. Liga Profesional de Fútbol,Argentina,Atlético Tucumán,13,Atlético,dict,100,25,scraped
Argentina. Liga Profesional de Fútbol,Argentina,Banfield,830,Banfield,dict,100,30,scraped
Argentina. Liga Profesional de Fútbol,Argentina,Barracas Central,25184,Barracas C.,dict,100,34,scraped
Argentina. Liga Profesional de Fútbol,Argentina,Belgrano,2417,Belgrano,dict,100,25,scraped
Argentina. Liga Profesional de Fútbol,Argentina,Boca Juniors,189,Boca Juniors,dict,100,32,scraped
Argentina. Liga Profesional de Fútbol,Argentina,Central Córdoba SdE,31284,Central Córdoba,dict,100,29,scraped
Argentina. Liga Profesional de Fútbol,Argentina,Defensa y Justicia,2402,Defensa,dict,100,29,scraped
Argentina. Liga Profesional de Fútbol,Argentina,Deportivo Riestra,,,dict_unmatched,0,0,dict_unmatched
Argentina. Liga Profesional de Fútbol,Argentina,Estudiantes,14555,Estudiantes,dict,100,25,scraped
Argentina. Liga Profesional de Fútbol,Argentina,Gimnasia La Plata,1106,Gimnasia,dict,100,31,scraped
Argentina. Liga Profesional de Fútbol,Argentina,Godoy Cruz,12574,Godoy Cruz,dict,100,33,scraped
Argentina. Liga Profesional de Fútbol,Argentina,Huracán,2063,Huracán,dict,100,27,scraped
Argentina. Liga Profesional de Fútbol,Argentina,Independiente,1234,Independiente,dict,100,24,scraped
Argentina. Liga Profesional de Fútbol,Argentina,Independiente Rivadavia,1234,Independiente,dict,100,24,scraped
Argentina. Liga Profesional de Fútbol,Argentina,Instituto,28181,Instituto II,dict,100,29,scraped
Argentina. Liga Profesional de Fútbol,Argentina,Lanús,333,Lanús,dict,100,27,scraped
Argentina. Liga Profesional de Fútbol,Argentina,Newell's Old Boys,1286,Newell's,dict,100,32,scraped
Argentina. Liga Profesional de Fútbol,Argentina,Platense,928,Platense,dict,100,36,scraped
Argentina. Liga Profesional de Fútbol,Argentina,Racing Club,14758,Racing Club,dict,100,24,scraped
Argentina. Liga Profesional de Fútbol,Argentina,River Plate,2419,River Plate,dict,100,29,scraped
Argentina. Liga Profesional de Fútbol,Argentina,Rosario Central,1418,Rosario Central,dict,100,30,scraped
Argentina. Liga Profesional de Fútbol,Argentina,San Lorenzo,1775,San Lorenzo,dict,100,33,scraped
Argentina. Liga Profesional de Fútbol,Argentina,San Martín San Juan,10511,San Martín (SJ),dict,100,32,scraped
Argentina. Liga Profesional de Fútbol,Argentina,Sarmiento,12454,Sarmiento Junin,dict,100,32,scraped
Argentina. Liga Profesional de Fútbol,Argentina,Talleres Córdoba,3938,CA Talleres,dict,100,26,scraped
Argentina. Liga Profesional de Fútbol,Argentina,Tigre,11831,Tigre,dict,100,29,scraped
Argentina. Liga Profesional de Fútbol,Argentina,Unión Santa Fe,7097,Unión Santa Fe,dict,100,24,scraped
Argentina. Liga Profesional de Fútbol,Argentina,Vélez Sarsfield,1029,Vélez Sarsfield,dict,100,20,scraped
Australia. A-League,Australia,Adelaide United,875,Adelaide United,dict,100,31,scraped
Australia. A-League,Australia,Auckland FC,118373,Auckland FC,dict,100,24,scraped
Australia. A-League,Australia,Brisbane Roar,7831,Brisbane Roar,dict,100,24,scraped
Australia. A-League,Australia,Central Coast Mariners,6954,Central Coast,dict,100,26,scraped
Australia. A-League,Australia,Macarthur,71085,Macarthur,dict,100,24,scraped
Australia. A-League,Australia,Melbourne City,25580,Melbourne City,dict,100,28,scraped
Australia. A-League,Australia,Melbourne Victory,7006,Melb. Victory,dict,100,25,scraped
Australia. A-League,Australia,Newcastle Jets,5551,Newcastle,dict,100,23,scraped
Australia. A-League,Australia,Perth Glory,970,Perth Glory,dict,100,26,scraped
Australia. A-League,Australia,Sydney,8054,Sydney FC,dict,100,27,scraped
Australia. A-League,Australia,Wellington Phoenix,8445,Wellington,dict,100,18,scraped
Australia. A-League,Australia,Western Sydney Wanderers,2403,Wanderers,dict,100,24,scraped
Austria. 2. Liga,Austria,Admira,503,Admira Wacker,dict,100,28,scraped
Austria. 2. Liga,Austria,Amstetten,12210,SKU Amstetten,dict,100,27,scraped
Austria. 2. Liga,Austria,Austria Klagenfurt,28760,A. Klagenfurt,dict,100,23,scraped
Austria. 2. Liga,Austria,Austria Lustenau,541,A. Lustenau,dict,100,25,scraped
Austria. 2. Liga,Austria,Austria Salzburg,409,Salzburg,dict,100,30,scraped
Austria. 2. Liga,Austria,Austria Wien II,,,dict_unmatched,0,0,dict_unmatched
Austria. 2. Liga,Austria,Bregenz,936,SW Bregenz,dict,100,28,scraped
Austria. 2. Liga,Austria,First Vienna,2364,First Vienna FC,dict,100,25,scraped
Austria. 2. Liga,Austria,Floridsdorfer AC,6593,Universitario,dict,100,31,scraped
Austria. 2. Liga,Austria,Kapfenberger SV,2394,SV Kapfenberg,dict,100,33,scraped
Austria. 2. Liga,Austria,Liefering,37024,FC Liefering,dict,100,26,scraped
Austria. 2. Liga,Austria,Rapid Wien II,7001,Rapid Wien II,dict,100,35,scraped
Austria. 2. Liga,Austria,St. Pölten,2662,SKN St. Pölten,dict,100,25,scraped
Austria. 2. Liga,Austria,Stripfing,20296,SV Stripfing,dict,100,0,dict
Austria. 2. Liga,Austria,Sturm Graz II,4443,Sturm Graz II,dict,100,30,scraped
Austria. 2. Liga,Austria,WSPG Wels,,,dict_unmatched,0,0,dict_unmatched
Austria. Bundesliga,Austria,Austria Wien,14,Austria Vienna,dict,100,29,scraped
Austria. Bundesliga,Austria,Blau-Weiß Linz,2157,Blau Weiss Linz,dict,100,25,scraped
Austria. Bundesliga,Austria,Grazer AK,316,Grazer AK 1902,dict,100,24,scraped
Austria. Bundesliga,Austria,Hartberg,4467,TSV Hartberg,dict,100,29,scraped
Austria. Bundesliga,Austria,LASK,413,LASK,dict,100,25,scraped
Austria. Bundesliga,Austria,Rapid Wien,7001,Rapid Wien II,dict,100,35,scraped
Austria. Bundesliga,Austria,Rheindorf Altach,,,dict_unmatched,0,0,dict_unmatched
Austria. Bundesliga,Austria,Ried,266,SV Ried,dict,100,29,scraped
Austria. Bundesliga,Austria,Salzburg,409,Salzburg,dict,100,30,scraped
Austria. Bundesliga,Austria,Sturm Graz,122,Sturm Graz,dict,100,27,scraped
Austria. Bundesliga,Austria,WSG Swarovski Tirol,2446,WSG Tirol,dict,100,26,scraped
Austria. Bundesliga,Austria,Wolfsberger AC,4441,Wolfsberger AC,dict,100,30,scraped
Azerbaijan. Birinci Dasta,Azerbaijan,Asta Mingachevir,,,dict_unmatched,0,0,dict_unmatched
Azerbaijan. Birinci Dasta,Azerbaijan,Baku Sporting,336,Sporting,dict,100,29,scraped
Azerbaijan. Birinci Dasta,Azerbaijan,Cabrayil,,,dict_unmatched,0,0,dict_unmatched
Azerbaijan. Birinci Dasta,Azerbaijan,Difai Ağsu,,,dict_unmatched,0,0,dict_unmatched
Azerbaijan. Birinci Dasta,Azerbaijan,MOIK Baku,,,dict_unmatched,0,0,dict_unmatched
Azerbaijan. Birinci Dasta,Azerbaijan,Sabail,,,dict_unmatched,0,0,dict_unmatched
Azerbaijan. Birinci Dasta,Azerbaijan,Shafa Baku,,,dict_unmatched,0,0,dict_unmatched
Azerbaijan. Birinci Dasta,Azerbaijan,Zaqatala,,,dict_unmatched,0,0,dict_unmatched
Azerbaijan. Birinci Dasta,Azerbaijan,Şahdağ,,,dict_unmatched,0,0,dict_unmatched
Azerbaijan. Birinci Dasta,Azerbaijan,Şimal,,,dict_unmatched,0,0,dict_unmatched
Azerbaijan. Premyer Liqa,Azerbaijan,Araz,44360,Araz-Nakhchivan,dict,100,24,scraped
Azerbaijan. Premyer Liqa,Azerbaijan,Kapaz,7090,Kapaz PFK,dict,100,30,scraped
Azerbaijan. Premyer Liqa,Azerbaijan,Karvan,9796,Karvan,dict,100,22,scraped
Azerbaijan. Premyer Liqa,Azerbaijan,Neftchi,13306,Neftchi,dict,100,25,scraped
Azerbaijan. Premyer Liqa,Azerbaijan,Qabala,27843,Bala,dict,100,21,scraped
Azerbaijan. Premyer Liqa,Azerbaijan,Qarabag,10625,Qarabağ,dict,100,26,scraped
Azerbaijan. Premyer Liqa,Azerbaijan,Sabah,63993,Sabah FK,dict,100,26,scraped
Azerbaijan. Premyer Liqa,Azerbaijan,Shamakhi FK,8956,Shamakhi,dict,100,24,scraped
Azerbaijan. Premyer Liqa,Azerbaijan,Sumqayıt,,,dict_unmatched,0,0,dict_unmatched
Azerbaijan. Premyer Liqa,Azerbaijan,Turan-T,77711,FC Turan,dict,100,42,scraped
Azerbaijan. Premyer Liqa,Azerbaijan,Zira,46710,Zira FC,dict,100,25,scraped
Azerbaijan. Premyer Liqa,Azerbaijan,İmişli,103512,Imishli,dict,100,25,scraped
Belgium. Challenger Pro League,Belgium,Anderlecht II,58,RSC Anderlecht,dict,100,32,scraped
Belgium. Challenger Pro League,Belgium,Beerschot VA,41274,Beerschot VA,dict,100,27,scraped
Belgium. Challenger Pro League,Belgium,Club Brugge II,2282,Club Brugge,dict,100,27,scraped
Belgium. Challenger Pro League,Belgium,Eupen,1245,KAS Eupen,dict,100,29,scraped
Belgium. Challenger Pro League,Belgium,Francs Borains,2974,Francs Borains,dict,100,28,scraped
Belgium. Challenger Pro League,Belgium,Genk II,1184,Genk,dict,100,30,scraped
Belgium. Challenger Pro League,Belgium,Gent II,,,dict_unmatched,0,0,dict_unmatched
Belgium. Challenger Pro League,Belgium,Kortrijk,601,KV Kortrijk,dict,100,29,scraped
Belgium. Challenger Pro League,Belgium,Lierse Kempenzonen,28107,Lierse SK,dict,100,29,scraped
Belgium. Challenger Pro League,Belgium,Liège,3057,Standard Liège,dict,100,27,scraped
Belgium. Challenger Pro League,Belgium,Lokeren-Temse,,,dict_unmatched,0,0,dict_unmatched
Belgium. Challenger Pro League,Belgium,Lommel SK,5026,Lommel SK,dict,100,28,scraped
Belgium. Challenger Pro League,Belgium,Olympic Charleroi,3146,Olym. Charleroi,dict,100,26,scraped
Belgium. Challenger Pro League,Belgium,Patro Eisden,3225,Patro Eisden,dict,100,25,scraped
Belgium. Challenger Pro League,Belgium,RFC Seraing,2715,RFC Seraing,dict,100,24,scraped
Belgium. Challenger Pro League,Belgium,RWD Molenbeek,9010,FCV Dender EH,dict,100,23,scraped
Belgium. Challenger Pro League,Belgium,SK Beveren,28643,SK Beveren,dict,100,27,scraped
Belgium. Pro League,Belgium,Anderlecht,58,RSC Anderlecht,dict,100,32,scraped
Belgium. Pro League,Belgium,Antwerp,1096,Royal Antwerp,dict,100,29,scraped
Belgium. Pro League,Belgium,Cercle Brugge,520,Cercle Brugge,dict,100,26,scraped
Belgium. Pro League,Belgium,Charleroi,3146,Olym. Charleroi,dict,100,26,scraped
Belgium. Pro League,Belgium,Club Brugge,2282,Club Brugge,dict,100,27,scraped
Belgium. Pro League,Belgium,Dender,9010,FCV Dender EH,dict,100,23,scraped
Belgium. Pro League,Belgium,Genk,1184,Genk,dict,100,30,scraped
Belgium. Pro League,Belgium,Gent,157,KAA Gent,dict,100,33,scraped
Belgium. Pro League,Belgium,La Louvière,3901,La Louvière,dict,100,29,scraped
Belgium. Pro League,Belgium,Mechelen,354,KV Mechelen,dict,100,32,scraped
Belgium. Pro League,Belgium,OH Leuven,2727,OH Leuven,dict,100,33,scraped
Belgium. Pro League,Belgium,Sint-Truiden,475,Sint-Truiden,dict,100,27,scraped
Belgium. Pro League,Belgium,Standard Liège,3057,Standard Liège,dict,100,27,scraped
Belgium. Pro League,Belgium,Union Saint-Gilloise,3948,Union SG,dict,100,27,scraped
Belgium. Pro League,Belgium,Westerlo,968,KVC Westerlo,dict,100,33,scraped
Belgium. Pro League,Belgium,Zulte-Waregem,3508,Zulte Waregem,dict,100,27,scraped
Bolivia. LFPB,Bolivia,ABB,,,dict_unmatched,0,0,dict_unmatched
Bolivia. LFPB,Bolivia,Always Ready,42208,Always Ready,dict,100,27,scraped
Bolivia. LFPB,Bolivia,Aurora,19008,Aurora,dict,100,28,scraped
Bolivia. LFPB,Bolivia,Blooming,8056,Club Blooming,dict,100,29,scraped
Bolivia. LFPB,Bolivia,Bolívar,6878,Bolívar,dict,100,30,scraped
Bolivia. LFPB,Bolivia,Guabirá,17422,Guabirá,dict,100,29,scraped
Bolivia. LFPB,Bolivia,Gualberto Villarroel SJ,,,dict_unmatched,0,0,dict_unmatched
Bolivia. LFPB,Bolivia,Independiente Petrolero,1234,Independiente,dict,100,24,scraped
Bolivia. LFPB,Bolivia,Nacional Potosí,23171,Nacional Potosí,dict,100,29,scraped
Bolivia. LFPB,Bolivia,Oriente Petrolero,6985,Oriente P.,dict,100,35,scraped
Bolivia. LFPB,Bolivia,Real Oruro,100047,Real Oruro,dict,100,29,scraped
Bolivia. LFPB,Bolivia,Real Tomayapo,75558,Real Tomayapo,dict,100,35,scraped
Bolivia. LFPB,Bolivia,San Antonio Bulo Bulo,47242,San Antonio FC,dict,100,28,scraped
Bolivia. LFPB,Bolivia,The Strongest,5570,The Strongest,dict,100,28,scraped
Bolivia. LFPB,Bolivia,Universitario de Vinto,6593,Universitario,dict,100,31,scraped
Bolivia. LFPB,Bolivia,Wilstermann,4862,Wilstermann,dict,100,14,scraped
Bosnia and Herzegovina. Premijer Liga,Bosnia and Herzegovina,Borac Banja Luka,3900,B. Banja Luka,dict,100,31,scraped
Bosnia and Herzegovina. Premijer Liga,Bosnia and Herzegovina,Posušje,1014,HSK Posusje,dict,100,25,scraped
Bosnia and Herzegovina. Premijer Liga,Bosnia and Herzegovina,Radnik Bijeljina,11040,Radnik Bijelj.,dict,100,30,scraped
Bosnia and Herzegovina. Premijer Liga,Bosnia and Herzegovina,Rudar Prijedor,24197,Rudar Prijedor,dict,100,23,scraped
Bosnia and Herzegovina. Premijer Liga,Bosnia and Herzegovina,Sarajevo,282,FK Sarajevo,dict,100,32,scraped
Bosnia and Herzegovina. Premijer Liga,Bosnia and Herzegovina,Sloga Doboj,3069,FK Loznica,dict,100,30,scraped
Bosnia and Herzegovina. Premijer Liga,Bosnia and Herzegovina,Velež,14842,Vélez II,dict,100,25,scraped
Bosnia and Herzegovina. Premijer Liga,Bosnia and Herzegovina,Zrinjski,6808,Zrinjski Mostar,dict,100,29,scraped
Bosnia and Herzegovina. Premijer Liga,Bosnia and Herzegovina,Široki Brijeg,1242,Siroki Brijeg,dict,100,28,scraped
Bosnia and Herzegovina. Premijer Liga,Bosnia and Herzegovina,Željezničar,2573,Zeljeznicar,dict,100,32,scraped
Brazil. Serie A,Brazil,Atlético Mineiro,13,Atlético,dict,100,25,scraped
Brazil. Serie A,Brazil,Bahia,10010,EC Bahia,dict,100,32,scraped
Brazil. Serie A,Brazil,Botafogo,537,Botafogo,dict,100,31,scraped
Brazil. Serie A,Brazil,Ceará,2029,Ceará SC,dict,100,28,scraped
Brazil. Serie A,Brazil,Corinthians,199,Corinthians,dict,100,34,scraped
Brazil. Serie A,Brazil,Cruzeiro,609,Cruzeiro,dict,100,32,scraped
Brazil. Serie A,Brazil,Flamengo,614,Flamengo,dict,100,30,scraped
Brazil. Serie A,Brazil,Fluminense,2462,Fluminense,dict,100,35,scraped
Brazil. Serie A,Brazil,Fortaleza,10870,Fortaleza,dict,100,29,scraped
Brazil. Serie A,Brazil,Grêmio,210,Grêmio,dict,100,33,scraped
Brazil. Serie A,Brazil,Internacional,6600,Internacional,dict,100,29,scraped
Brazil. Serie A,Brazil,Juventude,10492,Juventude,dict,100,34,scraped
Brazil. Serie A,Brazil,Mirassol,3876,Mirassol-SP,dict,100,32,scraped
Brazil. Serie A,Brazil,Palmeiras,1023,Palmeiras,dict,100,27,scraped
Brazil. Serie A,Brazil,Red Bull Bragantino,8793,RB Bragantino,dict,100,36,scraped
Brazil. Serie A,Brazil,Santos,221,Santos,dict,100,32,scraped
Brazil. Serie A,Brazil,Sport Recife,8718,Sport Recife,dict,100,29,scraped
Brazil. Serie A,Brazil,São Paulo,585,São Paulo,dict,100,41,scraped
Brazil. Serie A,Brazil,Vasco da Gama,978,Vasco da Gama,dict,100,34,scraped
Brazil. Serie A,Brazil,Vitória,2125,EC Vitória,dict,100,35,scraped
Brazil. Serie B,Brazil,Amazonas,87727,Amazonas,dict,100,39,scraped
Brazil. Serie B,Brazil,América Mineiro,3631,América,dict,100,29,scraped
Brazil. Serie B,Brazil,Athletic Club,64918,Athletic,dict,100,36,scraped
Brazil. Serie B,Brazil,Athletico Paranaense,679,Athletico-PR,dict,100,31,scraped
Brazil. Serie B,Brazil,Atlético GO,15172,Atlético-GO,dict,100,35,scraped
Brazil. Serie B,Brazil,Avaí,2035,Avaí FC,dict,100,29,scraped
Brazil. Serie B,Brazil,Botafogo SP,9030,Botafogo-SP,dict,100,34,scraped
Brazil. Serie B,Brazil,CRB,11449,CRB,dict,100,33,scraped
Brazil. Serie B,Brazil,Chapecoense,17776,Chapecoense,dict,100,38,scraped
Brazil. Serie B,Brazil,Coritiba,776,Coritiba FC,dict,100,30,scraped
Brazil. Serie B,Brazil,Criciúma,7178,Criciúma,dict,100,33,scraped
Brazil. Serie B,Brazil,Cuiabá,28022,Cuiabá-MT,dict,100,33,scraped
Brazil. Serie B,Brazil,Ferroviária,15882,Ferroviária,dict,100,32,scraped
Brazil. Serie B,Brazil,Goiás,3197,Goiás,dict,100,28,scraped
Brazil. Serie B,Brazil,Grêmio Novorizontino,210,Grêmio,dict,100,33,scraped
Brazil. Serie B,Brazil,Operário PR,27214,Operário-PR,dict,100,28,scraped
Brazil. Serie B,Brazil,Paysandu,6347,Paysandu,dict,100,37,scraped
Brazil. Serie B,Brazil,Remo,10997,Remo,dict,100,33,scraped
Brazil. Serie B,Brazil,Vila Nova,5677,Vila Nova FC,dict,100,30,scraped
Brazil. Serie B,Brazil,Volta Redonda,4176,Volta Redonda,dict,100,35,scraped
Brazil. Serie C,Brazil,ABC,,,dict_unmatched,0,0,dict_unmatched
Brazil. Serie C,Brazil,Anápolis,6195,Napoli,dict,100,26,scraped
Brazil. Serie C,Brazil,Botafogo PB,,,dict_unmatched,0,0,dict_unmatched
Brazil. Serie C,Brazil,Brusque,130,Parma,dict,100,27,scraped
Brazil. Serie C,Brazil,CSA,110586,UCSA,dict,100,30,scraped
Brazil. Serie C,Brazil,Caxias,,,dict_unmatched,0,0,dict_unmatched
Brazil. Serie C,Brazil,Confiança,87727,Amazonas,dict,100,39,scraped
Brazil. Serie C,Brazil,Figueirense,3349,Feirense,dict,100,33,scraped
Brazil. Serie C,Brazil,Floresta EC,,,dict_unmatched,0,0,dict_unmatched
Brazil. Serie C,Brazil,Guarani,11855,Guaraní,dict,100,30,scraped
Brazil. Serie C,Brazil,Itabaiana,130,Parma,dict,100,27,scraped
Brazil. Serie C,Brazil,Ituano,,,dict_unmatched,0,0,dict_unmatched
Brazil. Serie C,Brazil,Londrina,,,dict_unmatched,0,0,dict_unmatched
Brazil. Serie C,Brazil,Maringá,10492,Juventude,dict,100,34,scraped
Brazil. Serie C,Brazil,Náutico,,,dict_unmatched,0,0,dict_unmatched
Brazil. Serie C,Brazil,Ponte Preta,2125,EC Vitória,dict,100,35,scraped
Brazil. Serie C,Brazil,Retrô,15172,Atlético-GO,dict,100,35,scraped
Brazil. Serie C,Brazil,São Bernardo FC,,,dict_unmatched,0,0,dict_unmatched
Brazil. Serie C,Brazil,Tombense,4176,Volta Redonda,dict,100,35,scraped
Brazil. Serie C,Brazil,Ypiranga Erechim,4176,Volta Redonda,dict,100,35,scraped
Bulgaria. First League,Bulgaria,Arda,40604,Arda Kardzhali,dict,100,23,scraped
Bulgaria. First League,Bulgaria,Beroe,6764,Beroe,dict,100,19,scraped
Bulgaria. First League,Bulgaria,Botev Plovdiv,2531,Botev Plovdiv,dict,100,29,scraped
Bulgaria. First League,Bulgaria,Botev Vratsa,26462,Botev Vratsa,dict,100,26,scraped
Bulgaria. First League,Bulgaria,CSKA 1948 Sofia,208,CSKA Sofia,dict,100,25,scraped
Bulgaria. First League,Bulgaria,CSKA Sofia,208,CSKA Sofia,dict,100,25,scraped
Bulgaria. First League,Bulgaria,Cherno More,967,Cherno More,dict,100,25,scraped
Bulgaria. First League,Bulgaria,Dobrudzha 1919,,,dict_unmatched,0,0,dict_unmatched
Bulgaria. First League,Bulgaria,Levski Sofia,156,Levski Sofia,dict,100,27,scraped
Bulgaria. First League,Bulgaria,Lokomotiv Plovdiv,2259,Loko Plovdiv,dict,100,23,scraped
Bulgaria. First League,Bulgaria,Lokomotiv Sofia 1929,,,dict_unmatched,0,0,dict_unmatched
Bulgaria. First League,Bulgaria,Ludogorets,31614,Ludogorets,dict,100,26,scraped
Bulgaria. First League,Bulgaria,Montana,24078,Montana,dict,100,25,scraped
Bulgaria. First League,Bulgaria,Septemvri Sofia,40416,Septemvri Sofia,dict,100,28,scraped
Bulgaria. First League,Bulgaria,Slavia Sofia,675,Slavia Sofia,dict,100,25,scraped
Bulgaria. First League,Bulgaria,Spartak Varna,9599,Spartak Varna,dict,100,24,scraped
Canada. Canadian Premier League,Canada,Atlético Ottawa,,,no_mapping,0,0,no_mapping
Canada. Canadian Premier League,Canada,Cavalry,,,no_mapping,0,0,no_mapping
Canada. Canadian Premier League,Canada,Forge,,,no_mapping,0,0,no_mapping
Canada. Canadian Premier League,Canada,HFX Wanderers FC,,,no_mapping,0,0,no_mapping
Canada. Canadian Premier League,Canada,Pacific FC,,,no_mapping,0,0,no_mapping
Canada. Canadian Premier League,Canada,Valour FC,,,no_mapping,0,0,no_mapping
Canada. Canadian Premier League,Canada,Vancouver FC,,,no_mapping,0,0,no_mapping
Canada. Canadian Premier League,Canada,York United FC,,,no_mapping,0,0,no_mapping
Chile. Primera B,Chile,Antofagasta,17222,Antofagasta,dict,100,26,scraped
Chile. Primera B,Chile,Cobreloa,9103,Cobreloa,dict,100,26,scraped
Chile. Primera B,Chile,Concepción,14604,D. Concepción,dict,100,27,scraped
Chile. Primera B,Chile,Copiapó,20694,Copiapó,dict,100,28,scraped
Chile. Primera B,Chile,Curicó Unido,19027,Curicó Unido,dict,100,31,scraped
Chile. Primera B,Chile,Deportes Santa Cruz,20683,Santa Cruz,dict,100,28,scraped
Chile. Primera B,Chile,Deportes Temuco,13554,Deportes Temuco,dict,100,25,scraped
Chile. Primera B,Chile,Magallanes,13394,Magallanes,dict,100,31,scraped
Chile. Primera B,Chile,Rangers,18720,Rangers Talca,dict,100,30,scraped
Chile. Primera B,Chile,Recoleta,61808,D. Recoleta,dict,100,23,scraped
Chile. Primera B,Chile,San Luis,19280,San Luis,dict,100,29,scraped
Chile. Primera B,Chile,San Marcos,23162,San Marcos,dict,100,30,scraped
Chile. Primera B,Chile,Santiago Morning,13337,Stgo. Morning,dict,100,28,scraped
Chile. Primera B,Chile,Santiago Wanderers,2403,Wanderers,dict,100,24,scraped
Chile. Primera B,Chile,Univ. Concepción,5622,U. Concepción,dict,100,29,scraped
Chile. Primera B,Chile,Unión San Felipe,15952,San Felipe,dict,100,27,scraped
Chile. Primera División,Chile,Audax Italiano,,,no_mapping,0,0,no_mapping
Chile. Primera División,Chile,Cobresal,,,no_mapping,0,0,no_mapping
Chile. Primera División,Chile,Colo Colo,,,no_mapping,0,0,no_mapping
Chile. Primera División,Chile,Coquimbo Unido,,,no_mapping,0,0,no_mapping
Chile. Primera División,Chile,Deportes Iquique,,,no_mapping,0,0,no_mapping
Chile. Primera División,Chile,Deportes Limache,,,no_mapping,0,0,no_mapping
Chile. Primera División,Chile,Everton,,,no_mapping,0,0,no_mapping
Chile. Primera División,Chile,Huachipato,,,no_mapping,0,0,no_mapping
Chile. Primera División,Chile,La Serena,,,no_mapping,0,0,no_mapping
Chile. Primera División,Chile,O'Higgins,,,no_mapping,0,0,no_mapping
Chile. Primera División,Chile,Palestino,,,no_mapping,0,0,no_mapping
Chile. Primera División,Chile,Universidad Católica,,,no_mapping,0,0,no_mapping
Chile. Primera División,Chile,Universidad de Chile,,,no_mapping,0,0,no_mapping
Chile. Primera División,Chile,Unión Española,,,no_mapping,0,0,no_mapping
Chile. Primera División,Chile,Unión La Calera,,,no_mapping,0,0,no_mapping
Chile. Primera División,Chile,Ñublense,,,no_mapping,0,0,no_mapping
China PR. China League One,China PR,Chongqing Tongliang Long,,,dict_unmatched,0,0,dict_unmatched
China PR. China League One,China PR,Dalian K'un City,57778,DL K'un City,dict,100,30,scraped
China PR. China League One,China PR,Dingnan United,45500,DN United,dict,100,28,scraped
China PR. China League One,China PR,Foshan Nanshi,54134,FS Nanshi,dict,100,31,scraped
China PR. China League One,China PR,Guangdong GZ-Power,107713,GD GZ-Power,dict,100,28,scraped
China PR. China League One,China PR,Guangxi Pingguo Haliao,71180,GX Pingguo,dict,100,0,dict
China PR. China League One,China PR,Liaoning Tieren,50973,LN Tieren,dict,100,28,scraped
China PR. China League One,China PR,Nanjing City,,,dict_unmatched,0,0,dict_unmatched
China PR. China League One,China PR,Nantong Zhiyun,46487,NT Zhiyun,dict,100,30,scraped
China PR. China League One,China PR,Qingdao Red Lions,53326,QD Red Lions,dict,100,32,scraped
China PR. China League One,China PR,Shaanxi Union,,,dict_unmatched,0,0,dict_unmatched
China PR. China League One,China PR,Shanghai Jiading Huilong,,,dict_unmatched,0,0,dict_unmatched
China PR. China League One,China PR,Shenzhen Juniors,108131,SZ Juniors,dict,100,30,scraped
China PR. China League One,China PR,Shijiazhuang Gongfu,,,dict_unmatched,0,0,dict_unmatched
China PR. China League One,China PR,Suzhou Dongwu,39268,SZ Dongwu,dict,100,28,scraped
China PR. China League One,China PR,Yanbian Longding,73135,YB Longding,dict,100,29,scraped
China. CSL,China,Antofagasta,,,no_mapping,0,0,no_mapping
China. CSL,China,Curicó Unido,,,no_mapping,0,0,no_mapping
China. CSL,China,Deportes Santa Cruz,,,no_mapping,0,0,no_mapping
China. CSL,China,Magallanes,,,no_mapping,0,0,no_mapping
China. CSL,China,Rangers,,,no_mapping,0,0,no_mapping
China. CSL,China,San Luis,,,no_mapping,0,0,no_mapping
China. CSL,China,Santiago Morning,,,no_mapping,0,0,no_mapping
China. CSL,China,Univ. Concepción,,,no_mapping,0,0,no_mapping
China. CSL,China,Unión San Felipe,,,no_mapping,0,0,no_mapping
Colombia. Liga BetPlay,Colombia,Alianza,18820,Alianza FC,dict,100,27,scraped
Colombia. Liga BetPlay,Colombia,América de Cali,2352,CD América,dict,100,26,scraped
Colombia. Liga BetPlay,Colombia,Atlético Bucaramanga,13,Atlético,dict,100,25,scraped
Colombia. Liga BetPlay,Colombia,Atlético Nacional,8172,Atl. Nacional,dict,100,26,scraped
Colombia. Liga BetPlay,Colombia,Boyacá Chicó,14649,Boyacá Chicó,dict,100,25,scraped
Colombia. Liga BetPlay,Colombia,Deportivo Cali,9961,Deportivo Cali,dict,100,25,scraped
Colombia. Liga BetPlay,Colombia,Deportivo Pasto,10090,Deportivo Pasto,dict,100,28,scraped
Colombia. Liga BetPlay,Colombia,Deportivo Pereira,9811,Pereira,dict,100,25,scraped
Colombia. Liga BetPlay,Colombia,Envigado,7136,Envigado,dict,100,27,scraped
Colombia. Liga BetPlay,Colombia,Fortaleza,10870,Fortaleza,dict,100,29,scraped
Colombia. Liga BetPlay,Colombia,Junior,11854,Junior FC,dict,100,25,scraped
Colombia. Liga BetPlay,Colombia,La Equidad,17425,CD La Equidad,dict,100,25,scraped
Colombia. Liga BetPlay,Colombia,Llaneros,38628,Llaneros FC,dict,100,25,scraped
Colombia. Liga BetPlay,Colombia,Medellín,10093,Indep. Medellín,dict,100,26,scraped
Colombia. Liga BetPlay,Colombia,Millonarios,2350,Millonarios,dict,100,27,scraped
Colombia. Liga BetPlay,Colombia,Once Caldas,6984,Once Caldas,dict,100,25,scraped
Colombia. Liga BetPlay,Colombia,Santa Fe,7097,Unión Santa Fe,dict,100,24,scraped
Colombia. Liga BetPlay,Colombia,Tolima,10503,Deportes Tolima,dict,100,25,scraped
Colombia. Liga BetPlay,Colombia,Unión Magdalena,14680,Unión Magdalena,dict,100,30,scraped
Colombia. Liga BetPlay,Colombia,Águilas Doradas,47242,San Antonio FC,dict,100,28,scraped
Costa Rica. Primera División,Costa Rica,Alajuelense,6478,LD Alajuelense,dict,100,28,scraped
Costa Rica. Primera División,Costa Rica,Cartaginés,18577,Cartaginés,dict,100,30,scraped
Costa Rica. Primera División,Costa Rica,Deportivo Saprissa,4720,Saprissa,dict,100,32,scraped
Costa Rica. Primera División,Costa Rica,Guadalupe,18574,Guadalupe FC,dict,100,18,scraped
Costa Rica. Primera División,Costa Rica,Herediano,2677,Herediano,dict,100,27,scraped
Costa Rica. Primera División,Costa Rica,Municipal Liberia,49059,Municipal II,dict,100,13,scraped
Costa Rica. Primera División,Costa Rica,Puntarenas,9807,Puntarenas FC,dict,100,29,scraped
Costa Rica. Primera División,Costa Rica,Pérez Zeledón,8601,Pérez Zeledón,dict,100,30,scraped
Costa Rica. Primera División,Costa Rica,San Carlos,18659,AD San Carlos,dict,100,28,scraped
Costa Rica. Primera División,Costa Rica,Sporting FC,54649,Sporting FC,dict,100,27,scraped
Croatia. Superleague,Croatia,Dinamo Zagreb,419,Dinamo Zagreb,dict,100,36,scraped
Croatia. Superleague,Croatia,Gorica,24575,HNK Gorica,dict,100,31,scraped
Croatia. Superleague,Croatia,Hajduk Split,447,Hajduk Split,dict,100,37,scraped
Croatia. Superleague,Croatia,Istra 1961,,,dict_unmatched,0,0,dict_unmatched
Croatia. Superleague,Croatia,Lokomotiva Zagreb,11194,NK Lokomotiva,dict,100,41,scraped
Croatia. Superleague,Croatia,Osijek,327,NK Osijek,dict,100,31,scraped
Croatia. Superleague,Croatia,Rijeka,144,HNK Rijeka,dict,100,29,scraped
Croatia. Superleague,Croatia,Slaven Belupo,2362,Slaven Belupo,dict,100,38,scraped
Croatia. Superleague,Croatia,Varaždin,599,NK Varazdin,dict,100,30,scraped
Croatia. Superleague,Croatia,Vukovar,456,NK Vukovar 1991,dict,100,25,scraped
Cyprus. 1. Division,Cyprus,AEK Larnaca,2156,AEK Larnaca,dict,100,29,scraped
Cyprus. 1. Division,Cyprus,AEL,786,AEL Limassol,dict,100,27,scraped
Cyprus. 1. Division,Cyprus,APOEL,2784,APOEL Nicosia,dict,100,30,scraped
Cyprus. 1. Division,Cyprus,Akritas,31010,Akritas Chlor.,dict,100,21,scraped
Cyprus. 1. Division,Cyprus,Anorthosis,3899,Anorthosis,dict,100,32,scraped
Cyprus. 1. Division,Cyprus,Apollon,,,dict_unmatched,0,0,dict_unmatched
Cyprus. 1. Division,Cyprus,Aris,10586,Aris Limassol,dict,100,28,scraped
Cyprus. 1. Division,Cyprus,Enosis,,,dict_unmatched,0,0,dict_unmatched
Cyprus. 1. Division,Cyprus,Ethnikos Achnas,4590,Ethnikos,dict,100,19,scraped
Cyprus. 1. Division,Cyprus,Olympiakos,1402,Olympiakos N.,dict,100,25,scraped
Cyprus. 1. Division,Cyprus,Omonia Aradippou,16024,Omon. Aradippou,dict,100,29,scraped
Cyprus. 1. Division,Cyprus,Omonia Nicosia,829,Omonia Nicosia,dict,100,33,scraped
Cyprus. 1. Division,Cyprus,Pafos,45457,Pafos,dict,100,27,scraped
Cyprus. 1. Division,Cyprus,Ypsonas,,,dict_unmatched,0,0,dict_unmatched
Czech Republic. Chance Liga,Czech Republic,Baník Ostrava,377,Banik Ostrava,dict,100,26,scraped
Czech Republic. Chance Liga,Czech Republic,Bohemians 1905,715,Bohemians 1905,dict,100,30,scraped
Czech Republic. Chance Liga,Czech Republic,Dukla Praha,,,dict_unmatched,0,0,dict_unmatched
Czech Republic. Chance Liga,Czech Republic,Hradec Králové,1897,Hradec Kralove,dict,100,30,scraped
Czech Republic. Chance Liga,Czech Republic,Jablonec,1322,Jablonec,dict,100,30,scraped
Czech Republic. Chance Liga,Czech Republic,Karviná,13726,Karvina,dict,100,27,scraped
Czech Republic. Chance Liga,Czech Republic,Mladá Boleslav,5546,Mlada Boleslav,dict,100,31,scraped
Czech Republic. Chance Liga,Czech Republic,Pardubice,1496,Pardubice,dict,100,31,scraped
Czech Republic. Chance Liga,Czech Republic,Sigma Olomouc,2311,Sigma Olomouc,dict,100,33,scraped
Czech Republic. Chance Liga,Czech Republic,Slavia Praha,62,Slavia Praha,dict,100,32,scraped
Czech Republic. Chance Liga,Czech Republic,Slovan Liberec,697,Slovan Liberec,dict,100,30,scraped
Czech Republic. Chance Liga,Czech Republic,Slovácko,5544,Slovacko,dict,100,29,scraped
Czech Republic. Chance Liga,Czech Republic,Sparta Praha,197,Sparta Prague,dict,100,30,scraped
Czech Republic. Chance Liga,Czech Republic,Teplice,814,Teplice,dict,100,30,scraped
Czech Republic. Chance Liga,Czech Republic,Viktoria Plzeň,941,Viktoria Plzeň,dict,100,31,scraped
Czech Republic. Chance Liga,Czech Republic,Zlín,5545,Zlin,dict,100,33,scraped
Denmark. Superliga,Denmark,AGF,678,Aarhus GF,dict,100,27,scraped
Denmark. Superliga,Denmark,Brøndby,206,Bröndby IF,dict,100,26,scraped
Denmark. Superliga,Denmark,Fredericia,5776,FC Fredericia,dict,100,26,scraped
Denmark. Superliga,Denmark,København,190,Copenhagen,dict,100,25,scraped
Denmark. Superliga,Denmark,Midtjylland,865,Midtjylland,dict,100,29,scraped
Denmark. Superliga,Denmark,Nordsjælland,2778,Nordsjaelland,dict,100,29,scraped
Denmark. Superliga,Denmark,OB,,,dict_unmatched,0,0,dict_unmatched
Denmark. Superliga,Denmark,Randers,5724,Randers FC,dict,100,29,scraped
Denmark. Superliga,Denmark,Silkeborg,1177,Silkeborg IF,dict,100,26,scraped
Denmark. Superliga,Denmark,Sønderjyske,5817,Sönderjyske,dict,100,29,scraped
Denmark. Superliga,Denmark,Vejle,443,Vejle BK,dict,100,26,scraped
Denmark. Superliga,Denmark,Viborg,1063,Viborg FF,dict,100,25,scraped
Ecuador. Liga Pro,Ecuador,Aucas,6362,SD Aucas,dict,100,25,scraped
Ecuador. Liga Pro,Ecuador,Barcelona,3523,Barcelona SC,dict,100,32,scraped
Ecuador. Liga Pro,Ecuador,Delfin,19304,Delfín SC,dict,100,31,scraped
Ecuador. Liga Pro,Ecuador,Deportivo Cuenca,866,Nacional,dict,100,29,scraped
Ecuador. Liga Pro,Ecuador,El Nacional,1143,CD El Nacional,dict,100,24,scraped
Ecuador. Liga Pro,Ecuador,Emelec,4561,CS Emelec,dict,100,30,scraped
Ecuador. Liga Pro,Ecuador,Independiente del Valle,1234,Independiente,dict,100,24,scraped
Ecuador. Liga Pro,Ecuador,LDU Quito,9855,LDU Quito,dict,100,29,scraped
Ecuador. Liga Pro,Ecuador,Libertad,9875,Libertad,dict,100,32,scraped
Ecuador. Liga Pro,Ecuador,Macará,17426,CD Macará,dict,100,30,scraped
Ecuador. Liga Pro,Ecuador,Manta,18099,Manta FC,dict,100,29,scraped
Ecuador. Liga Pro,Ecuador,Mushuc Runa,25576,Mushuc Runa SC,dict,100,24,scraped
Ecuador. Liga Pro,Ecuador,Orense,36020,Orense SC,dict,100,27,scraped
Ecuador. Liga Pro,Ecuador,Técnico Universitario,6593,Universitario,dict,100,31,scraped
Ecuador. Liga Pro,Ecuador,Universidad Católica,3277,U. Católica,dict,100,27,scraped
Ecuador. Liga Pro,Ecuador,Vinotinto de Ecuador,25958,Vinotinto FC,dict,100,27,scraped
Ecuador. Liga Pro Serie B,Ecuador,22 de Julio,120935,22 de Julio,dict,100,29,scraped
Ecuador. Liga Pro Serie B,Ecuador,9 de Octubre,19101,AD 9 de Octubre,dict,100,31,scraped
Ecuador. Liga Pro Serie B,Ecuador,Atlético Vinotinto,13,Atlético,dict,100,25,scraped
Ecuador. Liga Pro Serie B,Ecuador,Chacaritas,63587,Chacaritas FC,dict,100,14,scraped
Ecuador. Liga Pro Serie B,Ecuador,Cumbayá,41301,Cumbayá FC,dict,100,26,scraped
Ecuador. Liga Pro Serie B,Ecuador,Gualaceo,25698,Gualaceo SC,dict,100,22,scraped
Ecuador. Liga Pro Serie B,Ecuador,Guayaquil City,25569,Guayaquil City,dict,100,27,scraped
Ecuador. Liga Pro Serie B,Ecuador,Imbabura,17476,Imbabura SC,dict,100,14,scraped
Ecuador. Liga Pro Serie B,Ecuador,Independiente Juniors,1234,Independiente,dict,100,24,scraped
Ecuador. Liga Pro Serie B,Ecuador,Leones del Norte,70466,Leones FC,dict,100,31,scraped
Ecuador. Liga Pro Serie B,Ecuador,San Antonio,47242,San Antonio FC,dict,100,28,scraped
Ecuador. Liga Pro Serie B,Ecuador,Vargas Torres,25589,Vargas Torres,dict,100,9,scraped
Egypt. Premier League,Egypt,Al Ahly,7,Ahly SC,dict,100,37,scraped
Egypt. Premier League,Egypt,Al Ittihad,8023,Al-Ittihad,dict,100,35,scraped
Egypt. Premier League,Egypt,Al Masry,9094,El Masry,dict,100,34,scraped
Egypt. Premier League,Egypt,Al Mokawloon,3369,El Mokawloon,dict,100,34,scraped
Egypt. Premier League,Egypt,Ceramica,,,dict_unmatched,0,0,dict_unmatched
Egypt. Premier League,Egypt,ENPPI,9218,Enppi SC,dict,100,41,scraped
Egypt. Premier League,Egypt,El Geish,,,dict_unmatched,0,0,dict_unmatched
Egypt. Premier League,Egypt,El Gounah,20572,El Gouna,dict,100,33,scraped
Egypt. Premier League,Egypt,Ghazl El Mehalla,,,dict_unmatched,0,0,dict_unmatched
Egypt. Premier League,Egypt,Haras El Hodood,,,dict_unmatched,0,0,dict_unmatched
Egypt. Premier League,Egypt,Ismaily,3595,Ismaily,dict,100,18,scraped
Egypt. Premier League,Egypt,Kahraba Ismailia,43316,Kahraba,dict,100,33,scraped
Egypt. Premier League,Egypt,Modern Sport,68770,Modern Sport,dict,100,34,scraped
Egypt. Premier League,Egypt,National Bank of Egypt,,,dict_unmatched,0,0,dict_unmatched
Egypt. Premier League,Egypt,Petrojet,10957,Petrojet,dict,100,32,scraped
Egypt. Premier League,Egypt,Pharco,47058,Pharco FC,dict,100,35,scraped
Egypt. Premier League,Egypt,Pyramids,44664,Pyramids FC,dict,100,34,scraped
Egypt. Premier League,Egypt,Smouha,23387,Smouha,dict,100,32,scraped
Egypt. Premier League,Egypt,Wadi Degla,18234,Wadi Degla,dict,100,36,scraped
Egypt. Premier League,Egypt,ZED FC,47010,Zed FC,dict,100,38,scraped
Egypt. Premier League,Egypt,Zamalek,664,Zamalek,dict,100,36,scraped
England. Championship,England,Birmingham City,337,Birmingham City,dict,100,27,scraped
England. Championship,England,Blackburn Rovers,164,Blackburn Rovers,dict,100,25,scraped
England. Championship,England,Bristol City,698,Bristol City,dict,100,27,scraped
England. Championship,England,Charlton Athletic,358,Charlton Athletic,dict,100,30,scraped
England. Championship,England,Coventry City,990,Coventry City,dict,100,28,scraped
England. Championship,England,Derby County,22,Derby County,dict,100,29,scraped
England. Championship,England,Hull City,3008,Hull City,dict,100,34,scraped
England. Championship,England,Ipswich Town,677,Ipswich Town,dict,100,28,scraped
England. Championship,England,Leicester City,1003,Leicester City,dict,100,27,scraped
England. Championship,England,Middlesbrough,641,FC Middlesbrough,dict,100,29,scraped
England. Championship,England,Millwall,1028,FC Milwall,dict,100,31,scraped
England. Championship,England,Norwich City,1123,Norwich City,dict,100,31,scraped
England. Championship,England,Oxford United,988,Oxford United,dict,100,27,scraped
England. Championship,England,Portsmouth,1020,FC Portsmouth,dict,100,36,scraped
England. Championship,England,Preston North End,466,Preston North End,dict,100,28,scraped
England. Championship,England,Queens Park Rangers,1039,QPR,dict,100,27,scraped
England. Championship,England,Sheffield United,350,Sheffield United,dict,100,27,scraped
England. Championship,England,Sheffield Wednesday,1035,Sheffield Wednesday,dict,100,29,scraped
England. Championship,England,Southampton,180,FC Southampton,dict,100,26,scraped
England. Championship,England,Stoke City,512,Stoke City,dict,100,27,scraped
England. Championship,England,Swansea City,2288,Swansea City,dict,100,28,scraped
England. Championship,England,Watford,1010,FC Watford,dict,100,28,scraped
England. Championship,England,West Bromwich Albion,984,West Bromwich Albion,dict,100,23,scraped
England. Championship,England,Wrexham,1112,Wrexham AFC,dict,100,28,scraped
England. League One,England,AFC Wimbledon,,,dict_unmatched,0,0,dict_unmatched
England. League One,England,Barnsley,,,dict_unmatched,0,0,dict_unmatched
England. League One,England,Blackpool,,,dict_unmatched,0,0,dict_unmatched
England. League One,England,Bolton Wanderers,2403,Wanderers,dict,100,24,scraped
England. League One,England,Bradford City,,,dict_unmatched,0,0,dict_unmatched
England. League One,England,Burton Albion,,,dict_unmatched,0,0,dict_unmatched
England. League One,England,Cardiff City,,,dict_unmatched,0,0,dict_unmatched
England. League One,England,Doncaster Rovers,,,dict_unmatched,0,0,dict_unmatched
England. League One,England,Exeter City,,,dict_unmatched,0,0,dict_unmatched
England. League One,England,Huddersfield Town,,,dict_unmatched,0,0,dict_unmatched
England. League One,England,Leyton Orient,,,dict_unmatched,0,0,dict_unmatched
England. League One,England,Lincoln City,,,dict_unmatched,0,0,dict_unmatched
England. League One,England,Luton Town,,,dict_unmatched,0,0,dict_unmatched
England. League One,England,Mansfield Town,,,dict_unmatched,0,0,dict_unmatched
England. League One,England,Northampton Town,,,dict_unmatched,0,0,dict_unmatched
England. League One,England,Peterborough United,,,dict_unmatched,0,0,dict_unmatched
England. League One,England,Plymouth Argyle,,,dict_unmatched,0,0,dict_unmatched
England. League One,England,Port Vale,,,dict_unmatched,0,0,dict_unmatched
England. League One,England,Reading,,,dict_unmatched,0,0,dict_unmatched
England. League One,England,Rotherham United,45500,DN United,dict,100,28,scraped
England. League One,England,Stevenage,,,dict_unmatched,0,0,dict_unmatched
England. League One,England,Stockport County,,,dict_unmatched,0,0,dict_unmatched
England. League One,England,Wigan Athletic,64918,Athletic,dict,100,36,scraped
England. League One,England,Wycombe Wanderers,2723,Wanderers,dict,100,26,scraped
England. League Two,England,Accrington Stanley,,,dict_unmatched,0,0,dict_unmatched
England. League Two,England,Barnet,,,dict_unmatched,0,0,dict_unmatched
England. League Two,England,Barrow,,,dict_unmatched,0,0,dict_unmatched
England. League Two,England,Bristol Rovers,,,dict_unmatched,0,0,dict_unmatched
England. League Two,England,Bromley,,,dict_unmatched,0,0,dict_unmatched
England. League Two,England,Cambridge United,,,dict_unmatched,0,0,dict_unmatched
England. League Two,England,Cheltenham Town,,,dict_unmatched,0,0,dict_unmatched
England. League Two,England,Chesterfield,,,dict_unmatched,0,0,dict_unmatched
England. League Two,England,Colchester United,,,dict_unmatched,0,0,dict_unmatched
England. League Two,England,Crawley Town,,,dict_unmatched,0,0,dict_unmatched
England. League Two,England,Crewe Alexandra,,,dict_unmatched,0,0,dict_unmatched
England. League Two,England,Fleetwood Town,,,dict_unmatched,0,0,dict_unmatched
England. League Two,England,Gillingham,4273,Athlone Town,dict,100,34,scraped
England. League Two,England,Grimsby Town,,,dict_unmatched,0,0,dict_unmatched
England. League Two,England,Harrogate Town,,,dict_unmatched,0,0,dict_unmatched
England. League Two,England,Milton Keynes Dons,,,dict_unmatched,0,0,dict_unmatched
England. League Two,England,Newport County,,,dict_unmatched,0,0,dict_unmatched
England. League Two,England,Notts County,,,dict_unmatched,0,0,dict_unmatched
England. League Two,England,Oldham Athletic,64918,Athletic,dict,100,36,scraped
England. League Two,England,Salford City,,,dict_unmatched,0,0,dict_unmatched
England. League Two,England,Shrewsbury Town,,,dict_unmatched,0,0,dict_unmatched
England. League Two,England,Swindon Town,,,dict_unmatched,0,0,dict_unmatched
England. League Two,England,Tranmere Rovers,,,dict_unmatched,0,0,dict_unmatched
England. League Two,England,Walsall,,,dict_unmatched,0,0,dict_unmatched
England. Premier League,England,Arsenal,11,Arsenal,dict,100,24,scraped
England. Premier League,England,Aston Villa,405,Aston Villa,dict,100,27,scraped
England. Premier League,England,Bournemouth,989,Bournemouth,dict,100,29,scraped
England. Premier League,England,Brentford,1148,Brentford,dict,100,29,scraped
England. Premier League,England,Brighton,1237,Brighton,dict,100,30,scraped
England. Premier League,England,Burnley,1132,Burnley,dict,100,32,scraped
England. Premier League,England,Chelsea,631,Chelsea,dict,100,28,scraped
England. Premier League,England,Crystal Palace,873,Crystal Palace,dict,100,30,scraped
England. Premier League,England,Everton,29,Everton,dict,100,21,scraped
England. Premier League,England,Fulham,931,Fulham,dict,100,27,scraped
England. Premier League,England,Leeds United,399,Leeds,dict,100,24,scraped
England. Premier League,England,Liverpool,31,Liverpool,dict,100,27,scraped
England. Premier League,England,Manchester City,281,Man City,dict,100,25,scraped
England. Premier League,England,Manchester United,985,Man Utd,dict,100,30,scraped
England. Premier League,England,Newcastle United,762,Newcastle,dict,100,26,scraped
England. Premier League,England,Nottingham Forest,703,Nott'm Forest,dict,100,24,scraped
England. Premier League,England,Sunderland,289,Sunderland,dict,100,29,scraped
England. Premier League,England,Tottenham Hotspur,148,Tottenham,dict,100,28,scraped
England. Premier League,England,West Ham United,379,West Ham,dict,100,28,scraped
England. Premier League,England,Wolverhampton Wanderers,543,Wolves,dict,100,29,scraped
Estonia. Esiliiga A,Estonia,Elva,19327,FC Elva,dict,100,20,scraped
Estonia. Esiliiga A,Estonia,FC Tallinn,63429,FC Tallinn,dict,100,30,scraped
Estonia. Esiliiga A,Estonia,FCI Levadia II,5771,FCI Levadia,dict,100,22,scraped
Estonia. Esiliiga A,Estonia,Flora II,52310,FC Flora U21,dict,100,22,scraped
Estonia. Esiliiga A,Estonia,Nõmme Kalju II,43214,JK Tammeka,dict,100,28,scraped
Estonia. Esiliiga A,Estonia,Nõmme United,28780,Nomme United,dict,100,28,scraped
Estonia. Esiliiga A,Estonia,Tallinna Kalev II,23370,Kalev,dict,100,21,scraped
Estonia. Esiliiga A,Estonia,Tammeka II,43214,JK Tammeka,dict,100,28,scraped
Estonia. Esiliiga A,Estonia,Tartu Welco,28783,JK Welco,dict,100,25,scraped
Estonia. Esiliiga A,Estonia,Viimsi,52818,Viimsi JK,dict,100,26,scraped
Europe. UEFA Champions League,Europe,Ajax,610,Ajax,dict,100,27,scraped
Europe. UEFA Champions League,Europe,Arsenal,11,Arsenal,dict,100,24,scraped
Europe. UEFA Champions League,Europe,Atalanta,800,Atalanta,dict,100,24,scraped
Europe. UEFA Champions League,Europe,Athletic Club,621,Athletic Club,dict,100,25,scraped
Europe. UEFA Champions League,Europe,Atlético Madrid,13,Atlético,dict,100,25,scraped
Europe. UEFA Champions League,Europe,Barcelona,131,Barcelona,dict,100,27,scraped
Europe. UEFA Champions League,Europe,Bayer Leverkusen,15,Leverkusen,dict,100,29,scraped
Europe. UEFA Champions League,Europe,Bayern München,27,Bayern Munich,dict,100,24,scraped
Europe. UEFA Champions League,Europe,Benfica,294,Benfica,dict,100,27,scraped
Europe. UEFA Champions League,Europe,Bodø / Glimt,501,Bodø/Glimt,dict,100,23,scraped
Europe. UEFA Champions League,Europe,Borussia Dortmund,16,Dortmund,dict,100,30,scraped
Europe. UEFA Champions League,Europe,Chelsea,631,Chelsea,dict,100,28,scraped
Europe. UEFA Champions League,Europe,Club Brugge,2282,Club Brugge,dict,100,27,scraped
Europe. UEFA Champions League,Europe,Eintracht Frankfurt,24,Frankfurt,dict,100,26,scraped
Europe. UEFA Champions League,Europe,Galatasaray,141,Galatasaray,dict,100,33,scraped
Europe. UEFA Champions League,Europe,Internazionale,46,Inter,dict,100,24,scraped
Europe. UEFA Champions League,Europe,Juventus,506,Juventus,dict,100,28,scraped
Europe. UEFA Champions League,Europe,Kairat,10482,Kairat Almaty,dict,100,24,scraped
Europe. UEFA Champions League,Europe,København,190,Copenhagen,dict,100,25,scraped
Europe. UEFA Champions League,Europe,Liverpool,31,Liverpool,dict,100,27,scraped
Europe. UEFA Champions League,Europe,Manchester City,281,Man City,dict,100,25,scraped
Europe. UEFA Champions League,Europe,Monaco,162,Monaco,dict,100,24,scraped
Europe. UEFA Champions League,Europe,Napoli,6195,Napoli,dict,100,26,scraped
Europe. UEFA Champions League,Europe,Newcastle United,762,Newcastle,dict,100,26,scraped
Europe. UEFA Champions League,Europe,Olympiacos Piraeus,683,Olympiacos,dict,100,30,scraped
Europe. UEFA Champions League,Europe,Olympique Marseille,244,Marseille,dict,100,22,scraped
Europe. UEFA Champions League,Europe,PSG,583,PSG,dict,100,24,scraped
Europe. UEFA Champions League,Europe,PSV,383,PSV,dict,100,29,scraped
Europe. UEFA Champions League,Europe,Pafos,45457,Pafos,dict,100,27,scraped
Europe. UEFA Champions League,Europe,Qarabag,10625,Qarabağ,dict,100,26,scraped
Europe. UEFA Champions League,Europe,Real Madrid,418,Real Madrid,dict,100,27,scraped
Europe. UEFA Champions League,Europe,Slavia Praha,62,Slavia Praha,dict,100,32,scraped
Europe. UEFA Champions League,Europe,Sporting CP,336,Sporting,dict,100,29,scraped
Europe. UEFA Champions League,Europe,Tottenham Hotspur,148,Tottenham,dict,100,28,scraped
Europe. UEFA Champions League,Europe,Union Saint-Gilloise,3948,Union SG,dict,100,27,scraped
Europe. UEFA Champions League,Europe,Villarreal,1050,Villarreal,dict,100,24,scraped
Europe. UEFA Europa Conference League,Europe,AEK Athens,2441,AEK Athens,dict,100,30,scraped
Europe. UEFA Europa Conference League,Europe,AEK Larnaca,2156,AEK Larnaca,dict,100,29,scraped
Europe. UEFA Europa Conference League,Europe,AZ,1090,AZ Alkmaar,dict,100,28,scraped
Europe. UEFA Europa Conference League,Europe,Aberdeen,370,Aberdeen FC,dict,100,28,scraped
Europe. UEFA Europa Conference League,Europe,Breidablik,3737,Breidablik,dict,100,20,scraped
Europe. UEFA Europa Conference League,Europe,Celje,710,NK Celje,dict,100,35,scraped
Europe. UEFA Europa Conference League,Europe,Crystal Palace,873,Crystal Palace,dict,100,30,scraped
Europe. UEFA Europa Conference League,Europe,Drita,595,SC Bastia,dict,100,21,scraped
Europe. UEFA Europa Conference League,Europe,Dynamo Kyiv,338,Dynamo Kyiv,dict,100,36,scraped
Europe. UEFA Europa Conference League,Europe,Fiorentina,430,Fiorentina,dict,100,26,scraped
Europe. UEFA Europa Conference League,Europe,Hamrun Spartans,,,dict_unmatched,0,0,dict_unmatched
Europe. UEFA Europa Conference League,Europe,Häcken,1109,Häcken,dict,100,25,scraped
Europe. UEFA Europa Conference League,Europe,Jagiellonia Białystok,2300,Jagiellonia,dict,100,35,scraped
Europe. UEFA Europa Conference League,Europe,KuPS,6251,KuPS,dict,100,31,scraped
Europe. UEFA Europa Conference League,Europe,Lausanne Sport,527,Lausanne-Sport,dict,100,27,scraped
Europe. UEFA Europa Conference League,Europe,Lech Poznań,238,Lech Poznan,dict,100,26,scraped
Europe. UEFA Europa Conference League,Europe,Legia Warszawa,255,Legia Warszawa,dict,100,27,scraped
Europe. UEFA Europa Conference League,Europe,Lincoln Red Imps,,,dict_unmatched,0,0,dict_unmatched
Europe. UEFA Europa Conference League,Europe,Mainz 05,39,Mainz,dict,100,26,scraped
Europe. UEFA Europa Conference League,Europe,Noah,,,dict_unmatched,0,0,dict_unmatched
Europe. UEFA Europa Conference League,Europe,Omonia Nicosia,829,Omonia Nicosia,dict,100,33,scraped
Europe. UEFA Europa Conference League,Europe,Raków Częstochowa,9644,Raków,dict,100,30,scraped
Europe. UEFA Europa Conference League,Europe,Rapid Wien,7001,Rapid Wien II,dict,100,35,scraped
Europe. UEFA Europa Conference League,Europe,Rayo Vallecano,367,Rayo Vallecano,dict,100,27,scraped
Europe. UEFA Europa Conference League,Europe,Rijeka,144,HNK Rijeka,dict,100,29,scraped
Europe. UEFA Europa Conference League,Europe,Samsunspor,152,Samsunspor,dict,100,34,scraped
Europe. UEFA Europa Conference League,Europe,Shakhtar Donetsk,660,Shakhtar D.,dict,100,34,scraped
Europe. UEFA Europa Conference League,Europe,Shamrock Rovers,3258,Shamrock Rovers,dict,100,33,scraped
Europe. UEFA Europa Conference League,Europe,Shelbourne,3909,Shelbourne,dict,100,31,scraped
Europe. UEFA Europa Conference League,Europe,Shkendija,,,dict_unmatched,0,0,dict_unmatched
Europe. UEFA Europa Conference League,Europe,Sigma Olomouc,2311,Sigma Olomouc,dict,100,33,scraped
Europe. UEFA Europa Conference League,Europe,Slovan Bratislava,540,Slo. Bratislava,dict,100,31,scraped
Europe. UEFA Europa Conference League,Europe,Sparta Praha,197,Sparta Prague,dict,100,30,scraped
Europe. UEFA Europa Conference League,Europe,Strasbourg,667,R. Strasbourg,dict,100,30,scraped
Europe. UEFA Europa Conference League,Europe,Universitatea Craiova,,,dict_unmatched,0,0,dict_unmatched
Europe. UEFA Europa Conference League,Europe,Zrinjski,6808,Zrinjski Mostar,dict,100,29,scraped
Europe. UEFA Europa League,Europe,Aston Villa,405,Aston Villa,dict,100,27,scraped
Europe. UEFA Europa League,Europe,Basel,26,Basel,dict,100,26,scraped
Europe. UEFA Europa League,Europe,Bologna,1025,Bologna,dict,100,27,scraped
Europe. UEFA Europa League,Europe,Brann,1100,Brann,dict,100,27,scraped
Europe. UEFA Europa League,Europe,Celta de Vigo,940,Celta de Vigo,dict,100,25,scraped
Europe. UEFA Europa League,Europe,Celtic,371,Celtic,dict,100,29,scraped
Europe. UEFA Europa League,Europe,Crvena Zvezda,159,Red Star,dict,100,27,scraped
Europe. UEFA Europa League,Europe,Dinamo Zagreb,419,Dinamo Zagreb,dict,100,36,scraped
Europe. UEFA Europa League,Europe,FCS Bucureşti,2025,FCSB,dict,100,0,dict
Europe. UEFA Europa League,Europe,Fenerbahçe,36,Fenerbahçe,dict,100,31,scraped
Europe. UEFA Europa League,Europe,Ferencváros,279,Ferencvárosi TC,dict,100,36,scraped
Europe. UEFA Europa League,Europe,Feyenoord,234,Feyenoord,dict,100,30,scraped
Europe. UEFA Europa League,Europe,Freiburg,60,Freiburg,dict,100,27,scraped
Europe. UEFA Europa League,Europe,Genk,1184,Genk,dict,100,30,scraped
Europe. UEFA Europa League,Europe,Go Ahead Eagles,1435,Go Ahead Eagles,dict,100,26,scraped
Europe. UEFA Europa League,Europe,Lille,1082,Lille,dict,100,27,scraped
Europe. UEFA Europa League,Europe,Ludogorets,31614,Ludogorets,dict,100,26,scraped
Europe. UEFA Europa League,Europe,Maccabi Tel Aviv,,,dict_unmatched,0,0,dict_unmatched
Europe. UEFA Europa League,Europe,Malmö FF,496,Malmö,dict,100,31,scraped
Europe. UEFA Europa League,Europe,Midtjylland,865,Midtjylland,dict,100,29,scraped
Europe. UEFA Europa League,Europe,Nice,417,Nice,dict,100,29,scraped
Europe. UEFA Europa League,Europe,Nottingham Forest,703,Nott'm Forest,dict,100,24,scraped
Europe. UEFA Europa League,Europe,Olympique Lyonnais,1041,Lyon,dict,100,30,scraped
Europe. UEFA Europa League,Europe,PAOK,1091,PAOK,dict,100,32,scraped
Europe. UEFA Europa League,Europe,Panathinaikos,265,Panathinaikos,dict,100,36,scraped
Europe. UEFA Europa League,Europe,Porto,720,Porto,dict,100,29,scraped
Europe. UEFA Europa League,Europe,Rangers,124,Rangers,dict,100,29,scraped
Europe. UEFA Europa League,Europe,Real Betis,150,Real Betis,dict,100,25,scraped
Europe. UEFA Europa League,Europe,Roma,12,Roma,dict,100,25,scraped
Europe. UEFA Europa League,Europe,Salzburg,409,Salzburg,dict,100,30,scraped
Europe. UEFA Europa League,Europe,Sporting Braga,1075,Braga,dict,100,27,scraped
Europe. UEFA Europa League,Europe,Sturm Graz,122,Sturm Graz,dict,100,27,scraped
Europe. UEFA Europa League,Europe,Stuttgart,79,Stuttgart,dict,100,28,scraped
Europe. UEFA Europa League,Europe,Utrecht,200,Utrecht,dict,100,31,scraped
Europe. UEFA Europa League,Europe,Viktoria Plzeň,941,Viktoria Plzeň,dict,100,31,scraped
Europe. UEFA Europa League,Europe,Young Boys,452,Young Boys,dict,100,25,scraped
Finland. Veikkausliiga,Finland,Gnistan,23564,IF Gnistan,dict,100,27,scraped
Finland. Veikkausliiga,Finland,HJK,1008,HJK Helsinki,dict,100,30,scraped
Finland. Veikkausliiga,Finland,Haka,1225,FC Haka,dict,100,25,scraped
Finland. Veikkausliiga,Finland,Ilves,3189,Ilves,dict,100,21,scraped
Finland. Veikkausliiga,Finland,Inter Turku,8042,FC Inter,dict,100,30,scraped
Finland. Veikkausliiga,Finland,Jaro,3650,FF Jaro,dict,100,28,scraped
Finland. Veikkausliiga,Finland,KTP,7315,FC KTP,dict,100,24,scraped
Finland. Veikkausliiga,Finland,KuPS,6251,KuPS,dict,100,31,scraped
Finland. Veikkausliiga,Finland,Mariehamn,6017,IFK Mariehamn,dict,100,28,scraped
Finland. Veikkausliiga,Finland,Oulu,7008,AC Oulu,dict,100,28,scraped
Finland. Veikkausliiga,Finland,SJK,23777,SJK Seinäjoki,dict,100,28,scraped
Finland. Veikkausliiga,Finland,TPS,,,dict_unmatched,0,0,dict_unmatched
Finland. Veikkausliiga,Finland,VPS,1102,VPS,dict,100,30,scraped
France. Ligue 1,France,Angers SCO,1420,Angers SCO,dict,100,22,scraped
France. Ligue 1,France,Auxerre,290,AJ Auxerre,dict,100,34,scraped
France. Ligue 1,France,Brest,3911,Stade Brestois,dict,100,24,scraped
France. Ligue 1,France,Le Havre,738,Le Havre AC,dict,100,26,scraped
France. Ligue 1,France,Lens,826,Lens,dict,100,29,scraped
France. Ligue 1,France,Lille,1082,Lille,dict,100,27,scraped
France. Ligue 1,France,Lorient,1158,FC Lorient,dict,100,25,scraped
France. Ligue 1,France,Metz,347,FC Metz,dict,100,25,scraped
France. Ligue 1,France,Monaco,162,Monaco,dict,100,24,scraped
France. Ligue 1,France,Nantes,995,FC Nantes,dict,100,29,scraped
France. Ligue 1,France,Nice,417,Nice,dict,100,29,scraped
France. Ligue 1,France,Olympique Lyonnais,1041,Lyon,dict,100,30,scraped
France. Ligue 1,France,Olympique Marseille,244,Marseille,dict,100,22,scraped
France. Ligue 1,France,PSG,583,PSG,dict,100,24,scraped
France. Ligue 1,France,Paris,10004,Paris FC,dict,100,25,scraped
France. Ligue 1,France,Rennes,273,Stade Rennais,dict,100,26,scraped
France. Ligue 1,France,Strasbourg,667,R. Strasbourg,dict,100,30,scraped
France. Ligue 1,France,Toulouse,415,Toulouse,dict,100,25,scraped
France. Ligue 2,France,Amiens SC,1416,Amiens SC,dict,100,30,scraped
France. Ligue 2,France,Annecy,30204,FC Annecy,dict,100,30,scraped
France. Ligue 2,France,Bastia,595,SC Bastia,dict,100,21,scraped
France. Ligue 2,France,Boulogne,7042,US Boulogne,dict,100,27,scraped
France. Ligue 2,France,Clermont,3524,Clermont Foot,dict,100,28,scraped
France. Ligue 2,France,Dunkerque,9202,USL Dunkerque,dict,100,23,scraped
France. Ligue 2,France,Grenoble,1290,Grenoble,dict,100,27,scraped
France. Ligue 2,France,Guingamp,855,Guingamp,dict,100,25,scraped
France. Ligue 2,France,Laval,1080,Stade Lavallois,dict,100,25,scraped
France. Ligue 2,France,Le Mans,1164,Le Mans FC,dict,100,29,scraped
France. Ligue 2,France,Montpellier,969,Montpellier,dict,100,27,scraped
France. Ligue 2,France,Nancy,1159,AS Nancy,dict,100,31,scraped
France. Ligue 2,France,Pau,3166,Pau FC,dict,100,27,scraped
France. Ligue 2,France,Red Star,1154,Red Star FC,dict,100,25,scraped
France. Ligue 2,France,Reims,1421,Stade Reims,dict,100,28,scraped
France. Ligue 2,France,Rodez,11273,Rodez AF,dict,100,25,scraped
France. Ligue 2,France,Saint-Étienne,618,Saint-Étienne,dict,100,26,scraped
France. Ligue 2,France,Troyes,1095,Troyes,dict,100,25,scraped
France. National 1,France,Aubagne,42609,Aubagne Air Bel,dict,100,26,scraped
France. National 1,France,Bourg-en-Bresse,2972,Bourg-en-Bresse,dict,100,25,scraped
France. National 1,France,Caen,1162,SM Caen,dict,100,24,scraped
France. National 1,France,Châteauroux,1175,LB Châteauroux,dict,100,20,scraped
France. National 1,France,Concarneau,21688,Concarneau,dict,100,27,scraped
France. National 1,France,Dijon,2969,Dijon,dict,100,25,scraped
France. National 1,France,Fleury 91 FC,17442,FC Fleury 91,dict,100,26,scraped
France. National 1,France,Le Puy F.43 Auvergne,26863,Le Puy Foot,dict,100,23,scraped
France. National 1,France,Orléans,10868,US Orléans,dict,100,23,scraped
France. National 1,France,Paris 13 Atletico,62382,Paris 13 Atl.,dict,100,22,scraped
France. National 1,France,Quevilly Rouen,7124,QRM,dict,100,23,scraped
France. National 1,France,Rouen,1564,FC Rouen 1899,dict,100,21,scraped
France. National 1,France,Sochaux,750,FC Sochaux,dict,100,23,scraped
France. National 1,France,Stade Briochin,1777,Stade Briochin,dict,100,21,scraped
France. National 1,France,Valenciennes,1423,Valenciennes FC,dict,100,25,scraped
France. National 1,France,Versailles,13466,FC Versailles,dict,100,25,scraped
France. National 1,France,Villefranche,18633,FC Villefranche,dict,100,22,scraped
Georgia. Erovnuli Liga,Georgia,Dila,32017,FC Dila,dict,100,24,scraped
Georgia. Erovnuli Liga,Georgia,Dinamo Batumi,11344,Dinamo Batumi,dict,100,27,scraped
Georgia. Erovnuli Liga,Georgia,Dinamo Tbilisi,663,Dinamo Tbilisi,dict,100,27,scraped
Georgia. Erovnuli Liga,Georgia,Gagra,22842,FC Gagra,dict,100,27,scraped
Georgia. Erovnuli Liga,Georgia,Gareji,61358,FC Gareji,dict,100,24,scraped
Georgia. Erovnuli Liga,Georgia,Iberia 1999,41133,Iberia 1999,dict,100,26,scraped
Georgia. Erovnuli Liga,Georgia,Kolkheti Poti,28971,Kolkheti Poti,dict,100,25,scraped
Georgia. Erovnuli Liga,Georgia,Samgurali,29675,Samgurali,dict,100,27,scraped
Georgia. Erovnuli Liga,Georgia,Telavi,41310,FC Telavi,dict,100,26,scraped
Georgia. Erovnuli Liga,Georgia,Torpedo Kutaisi,253,Torpedo Kutaisi,dict,100,26,scraped
Germany. 2. Bundesliga,Germany,Arminia Bielefeld,10,Arm. Bielefeld,dict,100,27,scraped
Germany. 2. Bundesliga,Germany,Bochum,80,VfL Bochum,dict,100,28,scraped
Germany. 2. Bundesliga,Germany,Darmstadt 98,105,Darmstadt 98,dict,100,31,scraped
Germany. 2. Bundesliga,Germany,Dynamo Dresden,129,Dynamo Dresden,dict,100,29,scraped
Germany. 2. Bundesliga,Germany,Eintracht Braunschweig,23,E. Braunschweig,dict,100,27,scraped
Germany. 2. Bundesliga,Germany,Elversberg,64,SV Elversberg,dict,100,27,scraped
Germany. 2. Bundesliga,Germany,Fortuna Düsseldorf,38,F. Düsseldorf,dict,100,30,scraped
Germany. 2. Bundesliga,Germany,Greuther Fürth,65,Greuther Fürth,dict,100,28,scraped
Germany. 2. Bundesliga,Germany,Hannover 96,42,Hannover 96,dict,100,30,scraped
Germany. 2. Bundesliga,Germany,Hertha BSC,44,Hertha BSC,dict,100,27,scraped
Germany. 2. Bundesliga,Germany,Holstein Kiel,269,Holstein Kiel,dict,100,31,scraped
Germany. 2. Bundesliga,Germany,Kaiserslautern,,,dict_unmatched,0,0,dict_unmatched
Germany. 2. Bundesliga,Germany,Karlsruher SC,48,Karlsruher SC,dict,100,26,scraped
Germany. 2. Bundesliga,Germany,Magdeburg,187,1.FC Magdeburg,dict,100,30,scraped
Germany. 2. Bundesliga,Germany,Nürnberg,,,dict_unmatched,0,0,dict_unmatched
Germany. 2. Bundesliga,Germany,Paderborn,127,SC Paderborn,dict,100,32,scraped
Germany. 2. Bundesliga,Germany,Preußen Münster,91,Pr. Münster,dict,100,30,scraped
Germany. 2. Bundesliga,Germany,Schalke 04,33,FC Schalke 04,dict,100,27,scraped
Germany. 3. Liga,Germany,1860 München,72,1860 Munich,dict,100,27,scraped
Germany. 3. Liga,Germany,Alemannia Aachen,8,Alem. Aachen,dict,100,26,scraped
Germany. 3. Liga,Germany,Energie Cottbus,25,Energie Cottbus,dict,100,28,scraped
Germany. 3. Liga,Germany,Erzgebirge Aue,94,Erzgebirge Aue,dict,100,24,scraped
Germany. 3. Liga,Germany,Hansa Rostock,30,Hansa Rostock,dict,100,31,scraped
Germany. 3. Liga,Germany,Havelse,476,TSV Havelse,dict,100,33,scraped
Germany. 3. Liga,Germany,Hoffenheim II,983,Hoffenheim II,dict,100,32,scraped
Germany. 3. Liga,Germany,Ingolstadt,4795,FC Ingolstadt,dict,100,29,scraped
Germany. 3. Liga,Germany,Jahn Regensburg,109,J. Regensburg,dict,100,28,scraped
Germany. 3. Liga,Germany,MSV Duisburg,52,MSV Duisburg,dict,100,25,scraped
Germany. 3. Liga,Germany,Osnabrück,81,VfL Osnabrück,dict,100,26,scraped
Germany. 3. Liga,Germany,Rot-Weiss Essen,,,dict_unmatched,0,0,dict_unmatched
Germany. 3. Liga,Germany,Saarbrücken,1,Saarbrücken,dict,100,28,scraped
Germany. 3. Liga,Germany,Schweinfurt,103,Schweinfurt 05,dict,100,27,scraped
Germany. 3. Liga,Germany,Stuttgart II,102,Stuttgart II,dict,100,30,scraped
Germany. 3. Liga,Germany,Ulm,69,SSV Ulm 1846,dict,100,30,scraped
Germany. 3. Liga,Germany,Verl,93,SC Verl,dict,100,25,scraped
Germany. 3. Liga,Germany,Viktoria Köln,1622,Viktoria Köln,dict,100,25,scraped
Germany. 3. Liga,Germany,Waldhof Mannheim,85,W. Mannheim,dict,100,31,scraped
Germany. 3. Liga,Germany,Wehen Wiesbaden,108,Wehen Wiesbaden,dict,100,27,scraped
Germany. Bundesliga,Germany,Augsburg,167,Augsburg,dict,100,28,scraped
Germany. Bundesliga,Germany,Bayer Leverkusen,15,Leverkusen,dict,100,29,scraped
Germany. Bundesliga,Germany,Bayern München,27,Bayern Munich,dict,100,24,scraped
Germany. Bundesliga,Germany,Borussia Dortmund,16,Dortmund,dict,100,30,scraped
Germany. Bundesliga,Germany,Borussia M'gladbach,18,Mönchengladbach,dict,100,30,scraped
Germany. Bundesliga,Germany,Eintracht Frankfurt,24,Frankfurt,dict,100,26,scraped
Germany. Bundesliga,Germany,Freiburg,60,Freiburg,dict,100,27,scraped
Germany. Bundesliga,Germany,Hamburger SV,41,Hamburg,dict,100,28,scraped
Germany. Bundesliga,Germany,Heidenheim,2036,Heidenheim,dict,100,26,scraped
Germany. Bundesliga,Germany,Hoffenheim,533,Hoffenheim,dict,100,26,scraped
Germany. Bundesliga,Germany,Köln,3,1.FC Köln,dict,100,29,scraped
Germany. Bundesliga,Germany,Mainz 05,39,Mainz,dict,100,26,scraped
Germany. Bundesliga,Germany,RB Leipzig,23826,Leipzig,dict,100,30,scraped
Germany. Bundesliga,Germany,St. Pauli,35,St. Pauli,dict,100,29,scraped
Germany. Bundesliga,Germany,Stuttgart,79,Stuttgart,dict,100,28,scraped
Germany. Bundesliga,Germany,Union Berlin,89,Union Berlin,dict,100,30,scraped
Germany. Bundesliga,Germany,Werder Bremen,86,Werder Bremen,dict,100,32,scraped
Germany. Bundesliga,Germany,Wolfsburg,82,Wolfsburg,dict,100,31,scraped
Greece. Stoiximan Super League,Greece,AEK Athens,2441,AEK Athens,dict,100,30,scraped
Greece. Stoiximan Super League,Greece,Aris,10586,Aris Limassol,dict,100,28,scraped
Greece. Stoiximan Super League,Greece,Asteras Tripolis,,,dict_unmatched,0,0,dict_unmatched
Greece. Stoiximan Super League,Greece,Atromitos,3060,Atromitos,dict,100,26,scraped
Greece. Stoiximan Super League,Greece,Kifissia,,,dict_unmatched,0,0,dict_unmatched
Greece. Stoiximan Super League,Greece,Larissa,,,dict_unmatched,0,0,dict_unmatched
Greece. Stoiximan Super League,Greece,Levadiakos,2672,APO Levadiakos,dict,100,27,scraped
Greece. Stoiximan Super League,Greece,OFI,653,OFI Crete FC,dict,100,31,scraped
Greece. Stoiximan Super League,Greece,Olympiacos Piraeus,683,Olympiacos,dict,100,30,scraped
Greece. Stoiximan Super League,Greece,PAOK,1091,PAOK,dict,100,32,scraped
Greece. Stoiximan Super League,Greece,Panathinaikos,265,Panathinaikos,dict,100,36,scraped
Greece. Stoiximan Super League,Greece,Panetolikos FC,6418,Panetolikos,dict,100,31,scraped
Greece. Stoiximan Super League,Greece,Panserraikos,3385,Panserraikos,dict,100,33,scraped
Greece. Stoiximan Super League,Greece,Volos NFC,,,dict_unmatched,0,0,dict_unmatched
Greece. Super League 2,Greece,AO Egaleo,2984,AO Egaleo,dict,100,24,scraped
Greece. Super League 2,Greece,APO Ellas Syros,,,dict_unmatched,0,0,dict_unmatched
Greece. Super League 2,Greece,Anagennisi Karditsas,,,dict_unmatched,0,0,dict_unmatched
Greece. Super League 2,Greece,Asteras Tripolis II,,,dict_unmatched,0,0,dict_unmatched
Greece. Super League 2,Greece,Athens Kallithea,3062,Kallithea,dict,100,31,scraped
Greece. Super League 2,Greece,Ilioupoli,,,dict_unmatched,0,0,dict_unmatched
Greece. Super League 2,Greece,Iraklis 1908,,,dict_unmatched,0,0,dict_unmatched
Greece. Super League 2,Greece,Kalamata,9,PS Kalamata,dict,100,32,scraped
Greece. Super League 2,Greece,Kampaniakos Chalastra,,,dict_unmatched,0,0,dict_unmatched
Greece. Super League 2,Greece,Kavala,3391,AO Kavala,dict,100,16,scraped
Greece. Super League 2,Greece,Makedonikos Neapolis,,,dict_unmatched,0,0,dict_unmatched
Greece. Super League 2,Greece,Marko,,,dict_unmatched,0,0,dict_unmatched
Greece. Super League 2,Greece,Nestos Chrisoupolis,,,dict_unmatched,0,0,dict_unmatched
Greece. Super League 2,Greece,Niki Volos,5572,Niki Volou,dict,100,28,scraped
Greece. Super League 2,Greece,Olympiacos Piraeus B,683,Olympiacos,dict,100,30,scraped
Greece. Super League 2,Greece,PAE Chania,,,dict_unmatched,0,0,dict_unmatched
Greece. Super League 2,Greece,PAOK B,1091,PAOK,dict,100,32,scraped
Greece. Super League 2,Greece,PAS Giannina,,,dict_unmatched,0,0,dict_unmatched
Greece. Super League 2,Greece,Panargiakos Argos,,,dict_unmatched,0,0,dict_unmatched
Greece. Super League 2,Greece,Panionios,,,dict_unmatched,0,0,dict_unmatched
Guatemala. Liga Nacional,Guatemala,Achuapa,38141,Achuapa,dict,100,15,scraped
Guatemala. Liga Nacional,Guatemala,Antigua GFC,19006,Antigua GFC,dict,100,28,scraped
Guatemala. Liga Nacional,Guatemala,Aurora,19008,Aurora,dict,100,28,scraped
Guatemala. Liga Nacional,Guatemala,Cobán Imperial,6800,Cobán Imperial,dict,100,22,scraped
Guatemala. Liga Nacional,Guatemala,Comunicaciones,9709,Comunicaciones,dict,100,24,scraped
Guatemala. Liga Nacional,Guatemala,Guastatoya,45174,Guastatoya,dict,100,24,scraped
Guatemala. Liga Nacional,Guatemala,Malacateco,19066,Malacateco,dict,100,25,scraped
Guatemala. Liga Nacional,Guatemala,Marquense,16543,CD Marquense,dict,100,23,scraped
Guatemala. Liga Nacional,Guatemala,Mictlán,19010,Atl. Mictlán,dict,100,27,scraped
Guatemala. Liga Nacional,Guatemala,Mixco,82521,Mixco U22,dict,100,5,scraped
Guatemala. Liga Nacional,Guatemala,Municipal,13047,CSD Municipal,dict,100,28,scraped
Guatemala. Liga Nacional,Guatemala,Xelajú,18578,Xelajú,dict,100,31,scraped
Honduras. Liga Nacional,Honduras,Atlético Choloma,13,Atlético,dict,100,25,scraped
Honduras. Liga Nacional,Honduras,Genesis Policia Nacional FC,866,Nacional,dict,100,29,scraped
Honduras. Liga Nacional,Honduras,Juticalpa,46640,Juticalpa,dict,100,42,scraped
Honduras. Liga Nacional,Honduras,Marathón,4523,Marathón,dict,100,34,scraped
Honduras. Liga Nacional,Honduras,Motagua,25975,Motagua Res.,dict,100,16,scraped
Honduras. Liga Nacional,Honduras,Olancho,55746,Olancho FC,dict,100,31,scraped
Honduras. Liga Nacional,Honduras,Olimpia,629,Olimpia,dict,100,34,scraped
Honduras. Liga Nacional,Honduras,Platense,928,Platense,dict,100,36,scraped
Honduras. Liga Nacional,Honduras,Real España,13293,Real España,dict,100,25,scraped
Honduras. Liga Nacional,Honduras,UPNFM,46019,Lobos UPNFM,dict,100,36,scraped
Honduras. Liga Nacional,Honduras,Victoria,2445,CD Victoria,dict,100,22,scraped
Iceland. Besta-deild karla,Iceland,Afturelding,21881,Afturelding,dict,100,24,scraped
Iceland. Besta-deild karla,Iceland,Breidablik,3737,Breidablik,dict,100,20,scraped
Iceland. Besta-deild karla,Iceland,FH,,,dict_unmatched,0,0,dict_unmatched
Iceland. Besta-deild karla,Iceland,Fram,3832,Fram Reykjavík,dict,100,20,scraped
Iceland. Besta-deild karla,Iceland,KA,1839,KA Akureyri,dict,100,27,scraped
Iceland. Besta-deild karla,Iceland,KR,3237,KR Reykjavík,dict,100,20,scraped
Iceland. Besta-deild karla,Iceland,Stjarnan,21875,Stjarnan,dict,100,25,scraped
Iceland. Besta-deild karla,Iceland,Valur,1033,Valur,dict,100,23,scraped
Iceland. Besta-deild karla,Iceland,Vestri,29224,Vestri,dict,100,22,scraped
Iceland. Besta-deild karla,Iceland,Víkingur Reykjavík,5849,Víkingur,dict,100,27,scraped
Iceland. Besta-deild karla,Iceland,ÍA,1231,ÍA Akranes,dict,100,23,scraped
Iceland. Besta-deild karla,Iceland,ÍBV,8036,ÍBV,dict,100,22,scraped
Italy. Serie A,Italy,Atalanta,800,Atalanta,dict,100,24,scraped
Italy. Serie A,Italy,Bologna,1025,Bologna,dict,100,27,scraped
Italy. Serie A,Italy,Cagliari,1390,Cagliari,dict,100,31,scraped
Italy. Serie A,Italy,Como,1047,Como,dict,100,27,scraped
Italy. Serie A,Italy,Cremonese,2239,Cremonese,dict,100,28,scraped
Italy. Serie A,Italy,Fiorentina,430,Fiorentina,dict,100,26,scraped
Italy. Serie A,Italy,Genoa,252,Genoa,dict,100,30,scraped
Italy. Serie A,Italy,Hellas Verona,276,Hellas Verona,dict,100,34,scraped
Italy. Serie A,Italy,Internazionale,46,Inter,dict,100,24,scraped
Italy. Serie A,Italy,Juventus,506,Juventus,dict,100,28,scraped
Italy. Serie A,Italy,Lazio,398,Lazio,dict,100,33,scraped
Italy. Serie A,Italy,Lecce,1005,Lecce,dict,100,35,scraped
Italy. Serie A,Italy,Milan,5,AC Milan,dict,100,28,scraped
Italy. Serie A,Italy,Napoli,6195,Napoli,dict,100,26,scraped
Italy. Serie A,Italy,Parma,130,Parma,dict,100,27,scraped
Italy. Serie A,Italy,Pisa,4172,Pisa,dict,100,31,scraped
Italy. Serie A,Italy,Roma,12,Roma,dict,100,25,scraped
Italy. Serie A,Italy,Sassuolo,6574,Sassuolo,dict,100,34,scraped
Italy. Serie A,Italy,Torino,416,Torino,dict,100,31,scraped
Italy. Serie A,Italy,Udinese,410,Udinese,dict,100,29,scraped
Italy. Serie B,Italy,Avellino,2331,Avellino,dict,100,28,scraped
Italy. Serie B,Italy,Bari,332,Bari,dict,100,23,scraped
Italy. Serie B,Italy,Carrarese,4159,Carrarese,dict,100,26,scraped
Italy. Serie B,Italy,Catanzaro,4097,Catanzaro,dict,100,31,scraped
Italy. Serie B,Italy,Cesena,1429,Cesena,dict,100,32,scraped
Italy. Serie B,Italy,Empoli,749,FC Empoli,dict,100,23,scraped
Italy. Serie B,Italy,Frosinone,8970,Frosinone,dict,100,32,scraped
Italy. Serie B,Italy,Juve Stabia,5587,Juve Stabia,dict,100,28,scraped
Italy. Serie B,Italy,Mantova,2581,Mantova,dict,100,31,scraped
Italy. Serie B,Italy,Modena,1385,Modena,dict,100,28,scraped
Italy. Serie B,Italy,Monza,2919,Monza,dict,100,31,scraped
Italy. Serie B,Italy,Padova,3037,Padova,dict,100,31,scraped
Italy. Serie B,Italy,Palermo,458,Palermo,dict,100,26,scraped
Italy. Serie B,Italy,Pescara,2921,Pescara,dict,100,34,scraped
Italy. Serie B,Italy,Reggiana,5621,Reggiana,dict,100,27,scraped
Italy. Serie B,Italy,Sampdoria,1038,Sampdoria,dict,100,27,scraped
Italy. Serie B,Italy,Spezia,3522,Spezia Calcio,dict,100,27,scraped
Italy. Serie B,Italy,Südtirol,4554,Südtirol,dict,100,24,scraped
Italy. Serie B,Italy,Venezia,607,Venezia,dict,100,38,scraped
Italy. Serie B,Italy,Virtus Entella,20519,Virtus Entella,dict,100,27,scraped
Italy. Serie C,Italy,AlbinoLeffe,,,dict_unmatched,0,0,dict_unmatched
Italy. Serie C,Italy,Alcione Milano,,,dict_unmatched,0,0,dict_unmatched
Italy. Serie C,Italy,Arezzo,,,dict_unmatched,0,0,dict_unmatched
Italy. Serie C,Italy,Arzignano Valchiampo,,,dict_unmatched,0,0,dict_unmatched
Italy. Serie C,Italy,Ascoli,,,dict_unmatched,0,0,dict_unmatched
Italy. Serie C,Italy,Atalanta U23,800,Atalanta,dict,100,24,scraped
Italy. Serie C,Italy,Audace Cerignola,,,dict_unmatched,0,0,dict_unmatched
Italy. Serie C,Italy,Benevento,4171,Benevento Calcio,dict,100,33,scraped
Italy. Serie C,Italy,Bra,,,dict_unmatched,0,0,dict_unmatched
Italy. Serie C,Italy,Brescia,,,dict_unmatched,0,0,dict_unmatched
Italy. Serie C,Italy,Campobasso,4554,Südtirol,dict,100,24,scraped
Italy. Serie C,Italy,Carpi,,,dict_unmatched,0,0,dict_unmatched
Italy. Serie C,Italy,Casarano,,,dict_unmatched,0,0,dict_unmatched
Italy. Serie C,Italy,Casertana,,,dict_unmatched,0,0,dict_unmatched
Italy. Serie C,Italy,Catania,,,dict_unmatched,0,0,dict_unmatched
Italy. Serie C,Italy,Cavese,,,dict_unmatched,0,0,dict_unmatched
Italy. Serie C,Italy,Cittadella,,,dict_unmatched,0,0,dict_unmatched
Italy. Serie C,Italy,Cosenza,,,dict_unmatched,0,0,dict_unmatched
Italy. Serie C,Italy,Crotone,,,dict_unmatched,0,0,dict_unmatched
Italy. Serie C,Italy,Dolomiti Bellunesi,,,dict_unmatched,0,0,dict_unmatched
Italy. Serie C,Italy,Foggia,,,dict_unmatched,0,0,dict_unmatched
Italy. Serie C,Italy,Forlì,,,dict_unmatched,0,0,dict_unmatched
Italy. Serie C,Italy,GIANA Erminio,,,dict_unmatched,0,0,dict_unmatched
Italy. Serie C,Italy,Giugliano,,,dict_unmatched,0,0,dict_unmatched
Italy. Serie C,Italy,Gubbio,,,dict_unmatched,0,0,dict_unmatched
Italy. Serie C,Italy,Guidonia Montecelio,,,dict_unmatched,0,0,dict_unmatched
Italy. Serie C,Italy,Internazionale II,15083,Inter U20,dict,100,44,scraped
Italy. Serie C,Italy,Juventus Next Gen,506,Juventus,dict,100,28,scraped
Italy. Serie C,Italy,Latina,,,dict_unmatched,0,0,dict_unmatched
Italy. Serie C,Italy,Lecco,1005,Lecce,dict,100,35,scraped
Italy. Serie C,Italy,Livorno,,,dict_unmatched,0,0,dict_unmatched
Italy. Serie C,Italy,Lumezzane,,,dict_unmatched,0,0,dict_unmatched
Italy. Serie C,Italy,Monopoli,,,dict_unmatched,0,0,dict_unmatched
Italy. Serie C,Italy,Novara,,,dict_unmatched,0,0,dict_unmatched
Italy. Serie C,Italy,Ospitaletto,,,dict_unmatched,0,0,dict_unmatched
Italy. Serie C,Italy,Pergolettese,,,dict_unmatched,0,0,dict_unmatched
Italy. Serie C,Italy,Perugia,,,dict_unmatched,0,0,dict_unmatched
Italy. Serie C,Italy,Pianese,,,dict_unmatched,0,0,dict_unmatched
Italy. Serie C,Italy,Picerno,,,dict_unmatched,0,0,dict_unmatched
Italy. Serie C,Italy,Pineto,,,dict_unmatched,0,0,dict_unmatched
Italy. Serie C,Italy,Pontedera,,,dict_unmatched,0,0,dict_unmatched
Italy. Serie C,Italy,Potenza,332,Bari,dict,100,23,scraped
Italy. Serie C,Italy,Pro Patria,,,dict_unmatched,0,0,dict_unmatched
Italy. Serie C,Italy,Pro Vercelli,,,dict_unmatched,0,0,dict_unmatched
Italy. Serie C,Italy,Ravenna,,,dict_unmatched,0,0,dict_unmatched
Italy. Serie C,Italy,Renate,,,dict_unmatched,0,0,dict_unmatched
Italy. Serie C,Italy,Rimini,430,Fiorentina,dict,100,26,scraped
Italy. Serie C,Italy,Salernitana,7160,Eyüpspor,dict,100,29,scraped
Italy. Serie C,Italy,Sambenedettese,,,dict_unmatched,0,0,dict_unmatched
Italy. Serie C,Italy,Siracusa,,,dict_unmatched,0,0,dict_unmatched
Italy. Serie C,Italy,Sorrento,,,dict_unmatched,0,0,dict_unmatched
Italy. Serie C,Italy,Team Altamura,,,dict_unmatched,0,0,dict_unmatched
Italy. Serie C,Italy,Ternana,35191,Fergana U19,dict,100,12,scraped
Italy. Serie C,Italy,Torres,,,dict_unmatched,0,0,dict_unmatched
Italy. Serie C,Italy,Trapani,,,dict_unmatched,0,0,dict_unmatched
Italy. Serie C,Italy,Trento,,,dict_unmatched,0,0,dict_unmatched
Italy. Serie C,Italy,Triestina,,,dict_unmatched,0,0,dict_unmatched
Italy. Serie C,Italy,Vicenza,,,dict_unmatched,0,0,dict_unmatched
Italy. Serie C,Italy,Virtus Verona,,,dict_unmatched,0,0,dict_unmatched
Italy. Serie C,Italy,Vis Pesaro,,,dict_unmatched,0,0,dict_unmatched
Japan. J1 League,Japan,Albirex Niigata,8344,Albirex Niigata,dict,100,32,scraped
Japan. J1 League,Japan,Avispa Fukuoka,9597,Avispa Fukuoka,dict,100,39,scraped
Japan. J1 League,Japan,Cerezo Osaka,1022,Cerezo Osaka,dict,100,29,scraped
Japan. J1 League,Japan,Fagiano Okayama,22171,Fagiano Okayama,dict,100,35,scraped
Japan. J1 League,Japan,Gamba Osaka,596,Gamba Osaka,dict,100,35,scraped
Japan. J1 League,Japan,Kashima Antlers,2241,Kashima Antlers,dict,100,29,scraped
Japan. J1 League,Japan,Kashiwa Reysol,6632,Kashiwa Reysol,dict,100,39,scraped
Japan. J1 League,Japan,Kawasaki Frontale,9598,Kawasaki Front.,dict,100,34,scraped
Japan. J1 League,Japan,Kyoto Sanga,593,Kyoto Sanga,dict,100,37,scraped
Japan. J1 League,Japan,Machida Zelvia,23568,Machida Zelvia,dict,100,29,scraped
Japan. J1 League,Japan,Nagoya Grampus,1066,Nagoya Grampus,dict,100,31,scraped
Japan. J1 League,Japan,Sanfrecce Hiroshima,2697,Sanf. Hiroshima,dict,100,28,scraped
Japan. J1 League,Japan,Shimizu S-Pulse,1062,Shimizu S-Pulse,dict,100,34,scraped
Japan. J1 League,Japan,Shonan Bellmare,8457,Shonan Bellmare,dict,100,35,scraped
Japan. J1 League,Japan,Tokyo,6631,FC Tokyo,dict,100,32,scraped
Japan. J1 League,Japan,Tokyo Verdy,3734,Tokyo Verdy,dict,100,36,scraped
Japan. J1 League,Japan,Urawa Reds,828,Urawa Reds,dict,100,33,scraped
Japan. J1 League,Japan,Vissel Kobe,3958,Vissel Kobe,dict,100,43,scraped
Japan. J1 League,Japan,Yokohama,943,Yokohama FC,dict,100,34,scraped
Japan. J1 League,Japan,Yokohama F. Marinos,3828,Yokohama F. M.,dict,100,35,scraped
Japan. J2 League,Japan,Blaublitz Akita,23580,Blaublitz Akita,dict,100,33,scraped
Japan. J2 League,Japan,Consadole Sapporo,,,dict_unmatched,0,0,dict_unmatched
Japan. J2 League,Japan,Ehime,20682,Ehime FC,dict,100,32,scraped
Japan. J2 League,Japan,Fujieda MYFC,25716,Fujieda MYFC,dict,100,32,scraped
Japan. J2 League,Japan,Imabari,83271,Imabari U18,dict,100,1,scraped
Japan. J2 League,Japan,Iwaki,53668,Iwaki FC,dict,100,31,scraped
Japan. J2 League,Japan,JEF United,24113,JEF United U18,dict,100,3,scraped
Japan. J2 League,Japan,Júbilo Iwata,937,Júbilo Iwata,dict,100,41,scraped
Japan. J2 League,Japan,Kataller Toyama,22173,Kataller Toyama,dict,100,36,scraped
Japan. J2 League,Japan,Mito Hollyhock,21975,Mito HollyHock,dict,100,35,scraped
Japan. J2 League,Japan,Montedio Yamagata,16190,Monte. Yamagata,dict,100,33,scraped
Japan. J2 League,Japan,Oita Trinita,3935,Oita Trinita,dict,100,32,scraped
Japan. J2 League,Japan,RB Omiya Ardija,7452,RB Omiya,dict,100,32,scraped
Japan. J2 League,Japan,Renofa Yamaguchi,28730,Reno. Yamaguchi,dict,100,34,scraped
Japan. J2 League,Japan,Roasso Kumamoto,22175,Roasso Kumamoto,dict,100,30,scraped
Japan. J2 League,Japan,Sagan Tosu,22177,Sagan Tosu,dict,100,35,scraped
Japan. J2 League,Japan,Tokushima Vortis,17832,Tokushima Vort.,dict,100,31,scraped
Japan. J2 League,Japan,V-Varen Nagasaki,23581,V-V. Nagasaki,dict,100,32,scraped
Japan. J2 League,Japan,Vegalta Sendai,6395,Vegalta Sendai,dict,100,35,scraped
Japan. J2 League,Japan,Ventforet Kofu,10999,Ventforet Kofu,dict,100,33,scraped
Jordan. Pro League,Jordan,Al Ahli,18487,Al-Ahli,dict,100,27,scraped
Jordan. Pro League,Jordan,Al Buqa'a,,,dict_unmatched,0,0,dict_unmatched
Jordan. Pro League,Jordan,Al Faisaly,13592,Al-Faisaly,dict,100,30,scraped
Jordan. Pro League,Jordan,Al Hussein,15795,Al-Hussein SC,dict,100,27,scraped
Jordan. Pro League,Jordan,Al Jazeera,34471,Al-Jazeera Club,dict,100,34,scraped
Jordan. Pro League,Jordan,Al Ramtha,31180,Al-Ramtha SC,dict,100,30,scraped
Jordan. Pro League,Jordan,Al Salt,69471,Al-Salt SC,dict,100,29,scraped
Jordan. Pro League,Jordan,Al Wehdat,15796,Al-Wehdat SC,dict,100,30,scraped
Jordan. Pro League,Jordan,Sama Al Sarhan,93417,Al-Sarhan SC,dict,100,17,scraped
Jordan. Pro League,Jordan,Shabab Al Ordon,15832,Shabab Al-Ordon,dict,100,29,scraped
Kazakhstan. Premier League,Kazakhstan,Aktobe,10157,Aktobe,dict,100,25,scraped
Kazakhstan. Premier League,Kazakhstan,Astana,98805,Astana-M,dict,100,27,scraped
Kazakhstan. Premier League,Kazakhstan,Atyrau,16198,Atyrau,dict,100,26,scraped
Kazakhstan. Premier League,Kazakhstan,Kairat,10482,Kairat Almaty,dict,100,24,scraped
Kazakhstan. Premier League,Kazakhstan,Kaisar,,,dict_unmatched,0,0,dict_unmatched
Kazakhstan. Premier League,Kazakhstan,Kyzyl-Zhar,60924,RB FC Reserves,dict,100,13,scraped
Kazakhstan. Premier League,Kazakhstan,Okzhetpes,19662,Okzhetpes,dict,100,29,scraped
Kazakhstan. Premier League,Kazakhstan,Ordabasy,16779,Ordabasy,dict,100,25,scraped
Kazakhstan. Premier League,Kazakhstan,Tobol,28480,Tobol II,dict,100,0,dict
Kazakhstan. Premier League,Kazakhstan,Turan Turkistan,,,dict_unmatched,0,0,dict_unmatched
Kazakhstan. Premier League,Kazakhstan,Ulytau,107095,Ulytau Zh.,dict,100,24,scraped
Kazakhstan. Premier League,Kazakhstan,Yelimay Semey,31007,Yelimay,dict,100,28,scraped
Kazakhstan. Premier League,Kazakhstan,Zhenys,12019,Zhenis,dict,100,25,scraped
Kazakhstan. Premier League,Kazakhstan,Zhetysu,15299,Zhetysu,dict,100,21,scraped
Korea Republic. K League 1,Korea Republic,Anyang,38898,FC Anyang,dict,100,35,scraped
Korea Republic. K League 1,Korea Republic,Daegu,6504,Daegu FC,dict,100,38,scraped
Korea Republic. K League 1,Korea Republic,Daejeon Citizen,6505,Gimcheon Sangmu,dict,100,50,scraped
Korea Republic. K League 1,Korea Republic,Gangwon,21459,Gangwon FC,dict,100,47,scraped
Korea Republic. K League 1,Korea Republic,Gimcheon Sangmu,6505,Gimcheon Sangmu,dict,100,50,scraped
Korea Republic. K League 1,Korea Republic,Gwangju,30925,Gwangju FC,dict,100,36,scraped
Korea Republic. K League 1,Korea Republic,Jeju SK,19684,Jeju SK,dict,100,29,scraped
Korea Republic. K League 1,Korea Republic,Jeonbuk Motors,,,dict_unmatched,0,0,dict_unmatched
Korea Republic. K League 1,Korea Republic,Pohang Steelers,311,Pohang Steelers,dict,100,35,scraped
Korea Republic. K League 1,Korea Republic,Seoul,6500,FC Seoul,dict,100,35,scraped
Korea Republic. K League 1,Korea Republic,Suwon,31622,Suwon FC,dict,100,38,scraped
Korea Republic. K League 1,Korea Republic,Ulsan Hyundai,,,dict_unmatched,0,0,dict_unmatched
Mexico. Liga MX,Mexico,América,3631,América,dict,100,29,scraped
Mexico. Liga MX,Mexico,Atlas,8590,Atlas,dict,100,23,scraped
Mexico. Liga MX,Mexico,Atlético de San Luis,40188,San Luis,dict,100,27,scraped
Mexico. Liga MX,Mexico,Club Tijuana,13353,Club Tijuana,dict,100,23,scraped
Mexico. Liga MX,Mexico,Cruz Azul,3711,CD Cruz Azul,dict,100,28,scraped
Mexico. Liga MX,Mexico,Guadalajara,110459,Guadalajara U21,dict,100,30,scraped
Mexico. Liga MX,Mexico,Juárez,49283,FC Juárez,dict,100,25,scraped
Mexico. Liga MX,Mexico,León,4941,León,dict,100,29,scraped
Mexico. Liga MX,Mexico,Mazatlán,82696,Mazatlán FC,dict,100,0,dict
Mexico. Liga MX,Mexico,Monterrey,2407,Monterrey,dict,100,27,scraped
Mexico. Liga MX,Mexico,Necaxa,1146,Necaxa,dict,100,24,scraped
Mexico. Liga MX,Mexico,Pachuca,4035,Pachuca,dict,100,22,scraped
Mexico. Liga MX,Mexico,Puebla,5662,Puebla FC,dict,100,26,scraped
Mexico. Liga MX,Mexico,Pumas UNAM,7633,UNAM Pumas,dict,100,29,scraped
Mexico. Liga MX,Mexico,Querétaro,4961,Querétaro FC,dict,100,25,scraped
Mexico. Liga MX,Mexico,Santos Laguna,1403,Santos Laguna,dict,100,29,scraped
Mexico. Liga MX,Mexico,Tigres UANL,7055,Tigres UANL,dict,100,26,scraped
Mexico. Liga MX,Mexico,Toluca,1804,Toluca,dict,100,29,scraped
Moldova. Super Liga,Moldova,CSF Bălți,83016,Balti,dict,100,20,scraped
Moldova. Super Liga,Moldova,Dacia-Buiucani,39003,Dacia Buiucani,dict,100,28,scraped
Moldova. Super Liga,Moldova,Milsami,30686,Milsami,dict,100,24,scraped
Moldova. Super Liga,Moldova,Petrocub,46643,Petrocub,dict,100,22,scraped
Moldova. Super Liga,Moldova,Politehnica Timişoara,90107,Politehnica UTM,dict,100,25,scraped
Moldova. Super Liga,Moldova,Politehnica UTM,90107,Politehnica UTM,dict,100,25,scraped
Moldova. Super Liga,Moldova,Sheriff,2481,FC Sheriff,dict,100,31,scraped
Moldova. Super Liga,Moldova,Spartanii Selemet,73711,Spartanii,dict,100,30,scraped
Moldova. Super Liga,Moldova,Zimbru,2714,Zimbru Chisinau,dict,100,29,scraped
Morocco. Botola Pro,Morocco,CODM Meknès,30625,COD Meknès,dict,100,25,scraped
Morocco. Botola Pro,Morocco,Difaâ El Jadida,14462,Difaâ El Jadida,dict,100,31,scraped
Morocco. Botola Pro,Morocco,FAR Rabat,9099,AS FAR Rabat,dict,100,29,scraped
Morocco. Botola Pro,Morocco,FUS Rabat,6371,FUS Rabat,dict,100,27,scraped
Morocco. Botola Pro,Morocco,Hassania Agadir,22935,Hassania,dict,100,26,scraped
Morocco. Botola Pro,Morocco,Ittihad Tanger,12721,Ittihad Tanger,dict,100,28,scraped
Morocco. Botola Pro,Morocco,Kawkab Marrakech,4697,KACM Marrakech,dict,100,34,scraped
Morocco. Botola Pro,Morocco,Khemis Zemamra,,,dict_unmatched,0,0,dict_unmatched
Morocco. Botola Pro,Morocco,Maghreb Fès,,,dict_unmatched,0,0,dict_unmatched
Morocco. Botola Pro,Morocco,Olympic Safi,,,dict_unmatched,0,0,dict_unmatched
Morocco. Botola Pro,Morocco,Olympique Dcheïra,59771,Olymp. Dcheira,dict,100,27,scraped
Morocco. Botola Pro,Morocco,RSB Berkane,37176,RS Berkane,dict,100,26,scraped
Morocco. Botola Pro,Morocco,Raja Casablanca,2068,Raja Casablanca,dict,100,27,scraped
Morocco. Botola Pro,Morocco,UTS Rabat,6371,FUS Rabat,dict,100,27,scraped
Morocco. Botola Pro,Morocco,Wydad Casablanca,6603,Wydad AC,dict,100,33,scraped
Morocco. Botola Pro,Morocco,Yacoub El Mansour,103954,El-Mansour,dict,100,20,scraped
Netherlands. Derde Divisie,Netherlands,ADO '20,,,dict_unmatched,0,0,dict_unmatched
Netherlands. Derde Divisie,Netherlands,DOVO,,,dict_unmatched,0,0,dict_unmatched
Netherlands. Derde Divisie,Netherlands,DVS '33,,,dict_unmatched,0,0,dict_unmatched
Netherlands. Derde Divisie,Netherlands,Eemdijk,,,no_mapping,0,0,no_mapping
Netherlands. Derde Divisie,Netherlands,Excelsior '31,798,Excelsior,dict,100,25,scraped
Netherlands. Derde Divisie,Netherlands,Genemuiden,,,no_mapping,0,0,no_mapping
Netherlands. Derde Divisie,Netherlands,HSC '21,,,dict_unmatched,0,0,dict_unmatched
Netherlands. Derde Divisie,Netherlands,Harkemase Boys,,,no_mapping,0,0,no_mapping
Netherlands. Derde Divisie,Netherlands,Hoogeveen,,,dict_unmatched,0,0,dict_unmatched
Netherlands. Derde Divisie,Netherlands,Huizen,,,dict_unmatched,0,0,dict_unmatched
Netherlands. Derde Divisie,Netherlands,ROHDA Raalte,,,dict_unmatched,0,0,dict_unmatched
Netherlands. Derde Divisie,Netherlands,Scherpenzeel,,,dict_unmatched,0,0,dict_unmatched
Netherlands. Derde Divisie,Netherlands,Sparta Nijkerk,468,Sparta R.,dict,100,25,scraped
Netherlands. Derde Divisie,Netherlands,Sportlust '46,,,dict_unmatched,0,0,dict_unmatched
Netherlands. Derde Divisie,Netherlands,TEC,,,no_mapping,0,0,no_mapping
Netherlands. Derde Divisie,Netherlands,Urk,,,dict_unmatched,0,0,dict_unmatched
Netherlands. Derde Divisie,Netherlands,VV Staphorst,,,no_mapping,0,0,no_mapping
Netherlands. Eerste Divisie,Netherlands,ADO Den Haag,1268,ADO Den Haag,dict,100,28,scraped
Netherlands. Eerste Divisie,Netherlands,AZ II,1090,AZ Alkmaar,dict,100,28,scraped
Netherlands. Eerste Divisie,Netherlands,Ajax II,610,Ajax,dict,100,27,scraped
Netherlands. Eerste Divisie,Netherlands,Almere City,723,Almere City,dict,100,27,scraped
Netherlands. Eerste Divisie,Netherlands,Cambuur,133,SC Cambuur,dict,100,28,scraped
Netherlands. Eerste Divisie,Netherlands,De Graafschap,642,De Graafschap,dict,100,31,scraped
Netherlands. Eerste Divisie,Netherlands,Den Bosch,404,FC Den Bosch,dict,100,22,scraped
Netherlands. Eerste Divisie,Netherlands,Dordrecht,1455,FC Dordrecht,dict,100,30,scraped
Netherlands. Eerste Divisie,Netherlands,Eindhoven,3892,FC Eindhoven,dict,100,22,scraped
Netherlands. Eerste Divisie,Netherlands,Emmen,1283,FC Emmen,dict,100,27,scraped
Netherlands. Eerste Divisie,Netherlands,Helmond Sport,500,Helmond Sport,dict,100,27,scraped
Netherlands. Eerste Divisie,Netherlands,MVV,18285,MVV U21,dict,100,20,scraped
Netherlands. Eerste Divisie,Netherlands,PSV II,9715,PSV U21,dict,100,26,scraped
Netherlands. Eerste Divisie,Netherlands,RKC Waalwijk,235,RKC Waalwijk,dict,100,25,scraped
Netherlands. Eerste Divisie,Netherlands,Roda JC,192,Roda JC,dict,100,22,scraped
Netherlands. Eerste Divisie,Netherlands,TOP Oss,1228,TOP Oss,dict,100,27,scraped
Netherlands. Eerste Divisie,Netherlands,Utrecht II,200,Utrecht,dict,100,31,scraped
Netherlands. Eerste Divisie,Netherlands,VVV Venlo,1426,VVV-Venlo,dict,100,23,scraped
Netherlands. Eerste Divisie,Netherlands,Vitesse,499,Vitesse,dict,100,27,scraped
Netherlands. Eerste Divisie,Netherlands,Willem II,403,Willem II,dict,100,29,scraped
Netherlands. Eredivisie,Netherlands,AZ,1090,AZ Alkmaar,dict,100,28,scraped
Netherlands. Eredivisie,Netherlands,Ajax,610,Ajax,dict,100,27,scraped
Netherlands. Eredivisie,Netherlands,Excelsior,798,Excelsior,dict,100,25,scraped
Netherlands. Eredivisie,Netherlands,Feyenoord,234,Feyenoord,dict,100,30,scraped
Netherlands. Eredivisie,Netherlands,Fortuna Sittard,385,Fortuna Sittard,dict,100,22,scraped
Netherlands. Eredivisie,Netherlands,Go Ahead Eagles,1435,Go Ahead Eagles,dict,100,26,scraped
Netherlands. Eredivisie,Netherlands,Groningen,202,FC Groningen,dict,100,26,scraped
Netherlands. Eredivisie,Netherlands,Heerenveen,306,Heerenveen,dict,100,23,scraped
Netherlands. Eredivisie,Netherlands,Heracles,1304,Heracles Almelo,dict,100,31,scraped
Netherlands. Eredivisie,Netherlands,NAC Breda,132,NAC Breda,dict,100,23,scraped
Netherlands. Eredivisie,Netherlands,NEC,467,NEC Nijmegen,dict,100,30,scraped
Netherlands. Eredivisie,Netherlands,PEC Zwolle,1269,PEC Zwolle,dict,100,25,scraped
Netherlands. Eredivisie,Netherlands,PSV,383,PSV,dict,100,29,scraped
Netherlands. Eredivisie,Netherlands,Sparta Rotterdam,468,Sparta R.,dict,100,25,scraped
Netherlands. Eredivisie,Netherlands,Telstar,1434,Telstar,dict,100,27,scraped
Netherlands. Eredivisie,Netherlands,Twente,317,Twente FC,dict,100,27,scraped
Netherlands. Eredivisie,Netherlands,Utrecht,200,Utrecht,dict,100,31,scraped
Netherlands. Eredivisie,Netherlands,Volendam,724,FC Volendam,dict,100,25,scraped
Nicaragua. Primera Division,Nicaragua,Diriangén,15748,Diriangén FC,dict,100,26,scraped
Nicaragua. Primera Division,Nicaragua,Managua,47240,UNAN Managua,dict,100,29,scraped
Nicaragua. Primera Division,Nicaragua,Matagalpa,101189,Matagalpa,dict,100,32,scraped
Nicaragua. Primera Division,Nicaragua,Municipal Jalapa,49059,Municipal II,dict,100,13,scraped
Nicaragua. Primera Division,Nicaragua,Rancho Santana,120704,Rancho Santana,dict,100,26,scraped
Nicaragua. Primera Division,Nicaragua,Real Estelí,15758,Real Estelí FC,dict,100,28,scraped
Nicaragua. Primera Division,Nicaragua,Real Madriz,42321,Real Madriz FC,dict,100,42,scraped
Nicaragua. Primera Division,Nicaragua,Sport Sébaco,91380,CS Sébaco,dict,100,24,scraped
Nicaragua. Primera Division,Nicaragua,UNAN Managua,47240,UNAN Managua,dict,100,29,scraped
Nicaragua. Primera Division,Nicaragua,Walter Ferretti,15747,Walter Ferretti,dict,100,26,scraped
Nigeria. Creative Championship,Nigeria,Atlantic,51663,Atlanta,dict,100,25,scraped
Nigeria. Creative Championship,Nigeria,Beyond Limits,,,dict_unmatched,0,0,dict_unmatched
Nigeria. Creative Championship,Nigeria,Broad City,,,dict_unmatched,0,0,dict_unmatched
Nigeria. Creative Championship,Nigeria,Dannaz,,,dict_unmatched,0,0,dict_unmatched
Nigeria. Creative Championship,Nigeria,Dino Sporting,336,Sporting,dict,100,29,scraped
Nigeria. Creative Championship,Nigeria,Gbagada,,,dict_unmatched,0,0,dict_unmatched
Nigeria. Creative Championship,Nigeria,Iganmu,,,dict_unmatched,0,0,dict_unmatched
Nigeria. Creative Championship,Nigeria,Imperial,6800,Cobán Imperial,dict,100,22,scraped
Nigeria. Creative Championship,Nigeria,Real Sapphire,,,dict_unmatched,0,0,dict_unmatched
Nigeria. Creative Championship,Nigeria,Sporting Lagos,,,dict_unmatched,0,0,dict_unmatched
Nigeria. Creative Championship,Nigeria,VOE FA,,,dict_unmatched,0,0,dict_unmatched
Nigeria. Creative Championship,Nigeria,Valiant,,,dict_unmatched,0,0,dict_unmatched
Northern Ireland. Premiership,Northern Ireland,Ballymena United,15244,Ballymena Utd,dict,100,28,scraped
Northern Ireland. Premiership,Northern Ireland,Bangor,21531,Bangor,dict,100,22,scraped
Northern Ireland. Premiership,Northern Ireland,Carrick Rangers,8714,Carrick Rangers,dict,100,23,scraped
Northern Ireland. Premiership,Northern Ireland,Cliftonville,1251,Cliftonville,dict,100,30,scraped
Northern Ireland. Premiership,Northern Ireland,Coleraine,3831,Coleraine,dict,100,25,scraped
Northern Ireland. Premiership,Northern Ireland,Crusaders,21532,Crusaders,dict,100,23,scraped
Northern Ireland. Premiership,Northern Ireland,Dungannon Swifts,21515,Dungannon,dict,100,22,scraped
Northern Ireland. Premiership,Northern Ireland,Glenavon,3463,Glenavon,dict,100,22,scraped
Northern Ireland. Premiership,Northern Ireland,Glentoran,9026,Glentoran,dict,100,30,scraped
Northern Ireland. Premiership,Northern Ireland,Larne,3461,Larne FC,dict,100,27,scraped
Northern Ireland. Premiership,Northern Ireland,Linfield,3471,Linfield,dict,100,22,scraped
Northern Ireland. Premiership,Northern Ireland,Portadown,5594,Portadown,dict,100,29,scraped
Norway. Eliteserien,Norway,Bodø / Glimt,501,Bodø/Glimt,dict,100,23,scraped
Norway. Eliteserien,Norway,Brann,1100,Brann,dict,100,27,scraped
Norway. Eliteserien,Norway,Bryne,1057,Bryne,dict,100,23,scraped
Norway. Eliteserien,Norway,Fredrikstad,3837,Fredrikstad,dict,100,27,scraped
Norway. Eliteserien,Norway,HamKam,4309,HamKam,dict,100,28,scraped
Norway. Eliteserien,Norway,Haugesund,2761,Haugesund,dict,100,26,scraped
Norway. Eliteserien,Norway,KFUM,23184,KFUM,dict,100,28,scraped
Norway. Eliteserien,Norway,Kristiansund,21101,Kristiansund,dict,100,23,scraped
Norway. Eliteserien,Norway,Molde,687,Molde FK,dict,100,29,scraped
Norway. Eliteserien,Norway,Rosenborg,195,Rosenborg,dict,100,28,scraped
Norway. Eliteserien,Norway,Sandefjord,6399,Sandefjord,dict,100,26,scraped
Norway. Eliteserien,Norway,Sarpsborg 08,10217,Sarpsborg 08,dict,100,23,scraped
Norway. Eliteserien,Norway,Strømsgodset,2817,Strømsgodset,dict,100,22,scraped
Norway. Eliteserien,Norway,Tromsø,1293,Tromsø,dict,100,27,scraped
Norway. Eliteserien,Norway,Viking,239,Viking,dict,100,31,scraped
Norway. Eliteserien,Norway,Vålerenga,76,Vålerenga,dict,100,26,scraped
Panama. LPF,Panama,Alianza,18820,Alianza FC,dict,100,27,scraped
Panama. LPF,Panama,Atlético Nacional,8172,Atl. Nacional,dict,100,26,scraped
Panama. LPF,Panama,CD Universitario,18952,Universitario,dict,100,25,scraped
Panama. LPF,Panama,Herrera,55384,Herrera FC,dict,100,23,scraped
Panama. LPF,Panama,Independiente,1234,Independiente,dict,100,24,scraped
Panama. LPF,Panama,Plaza Amador,20960,Plaza Amador,dict,100,24,scraped
Panama. LPF,Panama,Potros del Este,49970,Potros del Este,dict,100,7,scraped
Panama. LPF,Panama,San Francisco,11698,San Francisco,dict,100,22,scraped
Panama. LPF,Panama,Sporting San Miguelito,1708,San Miguelito,dict,100,24,scraped
Panama. LPF,Panama,Tauro,12371,Tauro FC,dict,100,25,scraped
Panama. LPF,Panama,UMECIT,89061,UMECIT FC,dict,100,24,scraped
Panama. LPF,Panama,Veraguas,48217,Veraguas United,dict,100,25,scraped
Panama. LPF,Panama,Árabe Unido,17522,Árabe Unido,dict,100,23,scraped
Paraguay. Division Profesional,Paraguay,2 de Mayo,17484,2 de Mayo,dict,100,32,scraped
Paraguay. Division Profesional,Paraguay,Atlético Tembetary,908,Atl. Tembetary,dict,100,27,scraped
Paraguay. Division Profesional,Paraguay,Cerro Porteño,1214,Cerro Porteño,dict,100,33,scraped
Paraguay. Division Profesional,Paraguay,Deportivo Recoleta,61808,D. Recoleta,dict,100,23,scraped
Paraguay. Division Profesional,Paraguay,General Caballero JLM,95573,Gen. Caballero,dict,100,28,scraped
Paraguay. Division Profesional,Paraguay,Guaraní,11855,Guaraní,dict,100,30,scraped
Paraguay. Division Profesional,Paraguay,Libertad,9875,Libertad,dict,100,32,scraped
Paraguay. Division Profesional,Paraguay,Nacional Asunción,866,Nacional,dict,100,29,scraped
Paraguay. Division Profesional,Paraguay,Olimpia,629,Olimpia,dict,100,34,scraped
Paraguay. Division Profesional,Paraguay,Sportivo Ameliano,95571,CS Ameliano,dict,100,33,scraped
Paraguay. Division Profesional,Paraguay,Sportivo Luqueño,7656,Luqueño,dict,100,28,scraped
Paraguay. Division Profesional,Paraguay,Sportivo Trinidense,17427,Trinidense,dict,100,31,scraped
Peru. Primera División,Peru,ADT,,,dict_unmatched,0,0,dict_unmatched
Peru. Primera División,Peru,Alianza Atlético,17479,Alianza Atl.,dict,100,26,scraped
Peru. Primera División,Peru,Alianza Lima,184,Alianza Lima,dict,100,30,scraped
Peru. Primera División,Peru,Alianza Universidad,,,dict_unmatched,0,0,dict_unmatched
Peru. Primera División,Peru,Atlético Grau,27861,Atlético Grau,dict,100,28,scraped
Peru. Primera División,Peru,Ayacucho,21178,Ayacucho FC,dict,100,24,scraped
Peru. Primera División,Peru,Binacional,41054,Dep. Binacional,dict,100,30,scraped
Peru. Primera División,Peru,Cienciano,2729,Cienciano,dict,100,27,scraped
Peru. Primera División,Peru,Comerciantes Unidos,47107,Comerciantes,dict,100,28,scraped
Peru. Primera División,Peru,Cusco,28999,Cusco FC,dict,100,28,scraped
Peru. Primera División,Peru,Deportivo Garcilaso,2433,Colo-Colo,dict,100,26,scraped
Peru. Primera División,Peru,Juan Pablo II College,99517,Juan Pablo II,dict,100,28,scraped
Peru. Primera División,Peru,Los Chankas,54478,Los Chankas,dict,100,25,scraped
Peru. Primera División,Peru,Melgar,2734,FBC Melgar,dict,100,30,scraped
Peru. Primera División,Peru,Sport Boys,2730,Sport Boys,dict,100,29,scraped
Peru. Primera División,Peru,Sport Huancayo,21655,Sport Huancayo,dict,100,25,scraped
Peru. Primera División,Peru,Sporting Cristal,1450,Sport. Cristal,dict,100,36,scraped
Peru. Primera División,Peru,UTC Cajamarca,21170,UTC,dict,100,21,scraped
Peru. Primera División,Peru,Universitario,18952,Universitario,dict,100,25,scraped
Poland. Ekstraklasa,Poland,Arka Gdynia,6107,Arka Gdynia,dict,100,28,scraped
Poland. Ekstraklasa,Poland,Cracovia Kraków,5689,Cracovia,dict,100,32,scraped
Poland. Ekstraklasa,Poland,Górnik Zabrze,428,Górnik Zabrze,dict,100,29,scraped
Poland. Ekstraklasa,Poland,Jagiellonia Białystok,2300,Jagiellonia,dict,100,35,scraped
Poland. Ekstraklasa,Poland,Katowice,6456,GKS Katowice,dict,100,28,scraped
Poland. Ekstraklasa,Poland,Korona Kielce,6110,Korona Kielce,dict,100,28,scraped
Poland. Ekstraklasa,Poland,Lech Poznań,238,Lech Poznan,dict,100,26,scraped
Poland. Ekstraklasa,Poland,Lechia Gdańsk,4000,Lechia Gdansk,dict,100,36,scraped
Poland. Ekstraklasa,Poland,Legia Warszawa,255,Legia Warszawa,dict,100,27,scraped
Poland. Ekstraklasa,Poland,Motor Lublin,3527,Motor Lublin,dict,100,27,scraped
Poland. Ekstraklasa,Poland,Nieciecza,15906,Nieciecza,dict,100,29,scraped
Poland. Ekstraklasa,Poland,Piast Gliwice,6112,Piast Gliwice,dict,100,24,scraped
Poland. Ekstraklasa,Poland,Pogoń Szczecin,324,Pogon Szczecin,dict,100,28,scraped
Poland. Ekstraklasa,Poland,Radomiak Radom,7154,Radomiak,dict,100,30,scraped
Poland. Ekstraklasa,Poland,Raków Częstochowa,9644,Raków,dict,100,30,scraped
Poland. Ekstraklasa,Poland,Widzew Łódź,88,Widzew Lodz,dict,100,29,scraped
Poland. Ekstraklasa,Poland,Wisła Płock,,,dict_unmatched,0,0,dict_unmatched
Poland. Ekstraklasa,Poland,Zagłębie Lubin,,,dict_unmatched,0,0,dict_unmatched
Poland. I Liga,Poland,Chrobry Głogów,8377,Chrobry Glogow,dict,100,28,scraped
Poland. I Liga,Poland,Górnik Łęczna,3291,Gornik Leczna,dict,100,31,scraped
Poland. I Liga,Poland,Miedź Legnica,8936,Miedz Legnica,dict,100,34,scraped
Poland. I Liga,Poland,Odra Opole,5699,Odra Opole,dict,100,26,scraped
Poland. I Liga,Poland,Pogoń Grod. Mazowiecki,,,dict_unmatched,0,0,dict_unmatched
Poland. I Liga,Poland,Pogoń Siedlce,4896,Pogon Siedlce,dict,100,23,scraped
Poland. I Liga,Poland,Polonia Bytom,7976,Polonia Bytom,dict,100,25,scraped
Poland. I Liga,Poland,Polonia Warszawa,255,Legia Warszawa,dict,100,27,scraped
Poland. I Liga,Poland,Puszcza Niepołomice,,,dict_unmatched,0,0,dict_unmatched
Poland. I Liga,Poland,Ruch Chorzów,318,Ruch Chorzow,dict,100,30,scraped
Poland. I Liga,Poland,Stal Mielec,22431,Stal Mielec,dict,100,28,scraped
Poland. I Liga,Poland,Stal Rzeszów,9510,Stal Rzeszow,dict,100,32,scraped
Poland. I Liga,Poland,Tychy 71,,,dict_unmatched,0,0,dict_unmatched
Poland. I Liga,Poland,Wieczysta Kraków,30974,Wieczysta,dict,100,26,scraped
Poland. I Liga,Poland,Wisła Kraków,422,Wisla Kraków,dict,100,30,scraped
Poland. I Liga,Poland,Znicz Pruszków,9109,Znicz Pruszkow,dict,100,26,scraped
Poland. I Liga,Poland,Łódzki KS,,,dict_unmatched,0,0,dict_unmatched
Poland. I Liga,Poland,Śląsk Wrocław,,,dict_unmatched,0,0,dict_unmatched
Portugal. Liga 3,Portugal,1º Dezembro,,,dict_unmatched,0,0,dict_unmatched
Portugal. Liga 3,Portugal,AD Marco 09,,,dict_unmatched,0,0,dict_unmatched
Portugal. Liga 3,Portugal,Académica,,,dict_unmatched,0,0,dict_unmatched
Portugal. Liga 3,Portugal,Amarante,,,dict_unmatched,0,0,dict_unmatched
Portugal. Liga 3,Portugal,Amora,,,dict_unmatched,0,0,dict_unmatched
Portugal. Liga 3,Portugal,Atlético CP,13,Atlético,dict,100,25,scraped
Portugal. Liga 3,Portugal,CF Os Belenenses,,,dict_unmatched,0,0,dict_unmatched
Portugal. Liga 3,Portugal,Caldas,6984,Once Caldas,dict,100,25,scraped
Portugal. Liga 3,Portugal,Fafe,,,dict_unmatched,0,0,dict_unmatched
Portugal. Liga 3,Portugal,Lusitano Évora 1911,,,dict_unmatched,0,0,dict_unmatched
Portugal. Liga 3,Portugal,Mafra,,,dict_unmatched,0,0,dict_unmatched
Portugal. Liga 3,Portugal,Paredes,,,dict_unmatched,0,0,dict_unmatched
Portugal. Liga 3,Portugal,Sanjoanense,,,dict_unmatched,0,0,dict_unmatched
Portugal. Liga 3,Portugal,Sporting Braga II,10789,Braga B,dict,100,26,scraped
Portugal. Liga 3,Portugal,Sporting Covilhã,,,dict_unmatched,0,0,dict_unmatched
Portugal. Liga 3,Portugal,São João Ver,,,dict_unmatched,0,0,dict_unmatched
Portugal. Liga 3,Portugal,Trofense,,,dict_unmatched,0,0,dict_unmatched
Portugal. Liga 3,Portugal,União Santarém,10492,Juventude,dict,100,34,scraped
Portugal. Liga 3,Portugal,Varzim,,,dict_unmatched,0,0,dict_unmatched
Portugal. Liga 3,Portugal,Vitória Guimarães II,15136,Guimarães B,dict,100,35,scraped
Portugal. Primeira Liga,Portugal,AVS,110302,Avs FS,dict,100,23,scraped
Portugal. Primeira Liga,Portugal,Alverca,2521,Alverca,dict,100,38,scraped
Portugal. Primeira Liga,Portugal,Arouca,8024,Arouca,dict,100,26,scraped
Portugal. Primeira Liga,Portugal,Benfica,294,Benfica,dict,100,27,scraped
Portugal. Primeira Liga,Portugal,Casa Pia AC,3268,Casa Pia,dict,100,28,scraped
Portugal. Primeira Liga,Portugal,Estoril,1465,Estoril,dict,100,28,scraped
Portugal. Primeira Liga,Portugal,Estrela Amadora,2431,Estrela Amadora,dict,100,26,scraped
Portugal. Primeira Liga,Portugal,Famalicão,3329,Famalicão,dict,100,28,scraped
Portugal. Primeira Liga,Portugal,Gil Vicente,2424,Gil Vicente,dict,100,31,scraped
Portugal. Primeira Liga,Portugal,Moreirense,979,Moreirense,dict,100,29,scraped
Portugal. Primeira Liga,Portugal,Nacional,7098,Nacional,dict,100,29,scraped
Portugal. Primeira Liga,Portugal,Porto,720,Porto,dict,100,29,scraped
Portugal. Primeira Liga,Portugal,Rio Ave,2425,Rio Ave,dict,100,32,scraped
Portugal. Primeira Liga,Portugal,Santa Clara,2423,Santa Clara,dict,100,31,scraped
Portugal. Primeira Liga,Portugal,Sporting Braga,1075,Braga,dict,100,27,scraped
Portugal. Primeira Liga,Portugal,Sporting CP,336,Sporting,dict,100,29,scraped
Portugal. Primeira Liga,Portugal,Tondela,7179,Tondela,dict,100,29,scraped
Portugal. Primeira Liga,Portugal,Vitória Guimarães,2420,Vit. Guimarães,dict,100,28,scraped
Portugal. Segunda Liga,Portugal,Academico Viseu,7788,Académico Viseu,dict,100,31,scraped
Portugal. Segunda Liga,Portugal,Benfica II,294,Benfica,dict,100,27,scraped
Portugal. Segunda Liga,Portugal,Chaves,3325,Chaves,dict,100,32,scraped
Portugal. Segunda Liga,Portugal,Farense,4294,Farense,dict,100,24,scraped
Portugal. Segunda Liga,Portugal,Feirense,3349,Feirense,dict,100,33,scraped
Portugal. Segunda Liga,Portugal,Felgueiras 1932,1701,Felgueiras,dict,100,29,scraped
Portugal. Segunda Liga,Portugal,Leixões,3345,Leixões,dict,100,28,scraped
Portugal. Segunda Liga,Portugal,Lusitania FC Lourosa,,,dict_unmatched,0,0,dict_unmatched
Portugal. Segunda Liga,Portugal,Marítimo,1301,Marítimo,dict,100,32,scraped
Portugal. Segunda Liga,Portugal,Paços de Ferreira,2995,Paços Ferreira,dict,100,24,scraped
Portugal. Segunda Liga,Portugal,Penafiel,3327,Penafiel,dict,100,30,scraped
Portugal. Segunda Liga,Portugal,Portimonense,7378,Portimonense,dict,100,34,scraped
Portugal. Segunda Liga,Portugal,Porto II,10331,FC Porto B,dict,100,26,scraped
Portugal. Segunda Liga,Portugal,Sporting CP II,10949,Sporting B,dict,100,35,scraped
Portugal. Segunda Liga,Portugal,Torreense,2432,Torreense,dict,100,34,scraped
Portugal. Segunda Liga,Portugal,UD Oliveirense,8827,Oliveirense,dict,100,24,scraped
Portugal. Segunda Liga,Portugal,União de Leiria,2639,Leiria,dict,100,29,scraped
Portugal. Segunda Liga,Portugal,Vizela,6912,Vizela,dict,100,30,scraped
Republic of Ireland. First Division,Republic of Ireland,Athlone Town,4273,Athlone Town,dict,100,34,scraped
Republic of Ireland. First Division,Republic of Ireland,Bray Wanderers,3930,Bray Wanderers,dict,100,29,scraped
Republic of Ireland. First Division,Republic of Ireland,Cobh Ramblers,7039,Cobh Ramblers,dict,100,36,scraped
Republic of Ireland. First Division,Republic of Ireland,Dundalk,1237,Brighton,dict,100,30,scraped
Republic of Ireland. First Division,Republic of Ireland,Finn Harps,5568,Finn Harps,dict,100,31,scraped
Republic of Ireland. First Division,Republic of Ireland,Kerry,99806,Kerry FC,dict,100,29,scraped
Republic of Ireland. First Division,Republic of Ireland,Longford Town,4287,Longford Town,dict,100,31,scraped
Republic of Ireland. First Division,Republic of Ireland,Treaty United,88224,Treaty United,dict,100,30,scraped
Republic of Ireland. First Division,Republic of Ireland,UCD,6069,UCD,dict,100,35,scraped
Republic of Ireland. First Division,Republic of Ireland,Wexford,26765,Wexford FC,dict,100,30,scraped
Republic of Ireland. Premier Division,Republic of Ireland,Bohemians,9211,Bohemians,dict,100,27,scraped
Republic of Ireland. Premier Division,Republic of Ireland,Cork City,27774,Cork City,dict,100,29,scraped
Republic of Ireland. Premier Division,Republic of Ireland,Derry City,920,Derry City,dict,100,34,scraped
Republic of Ireland. Premier Division,Republic of Ireland,Drogheda United,4277,Drogheda United,dict,100,28,scraped
Republic of Ireland. Premier Division,Republic of Ireland,Galway United,42394,Galway United,dict,100,28,scraped
Republic of Ireland. Premier Division,Republic of Ireland,Shamrock Rovers,3258,Shamrock Rovers,dict,100,33,scraped
Republic of Ireland. Premier Division,Republic of Ireland,Shelbourne,3909,Shelbourne,dict,100,31,scraped
Republic of Ireland. Premier Division,Republic of Ireland,Sligo Rovers,8780,Sligo Rovers,dict,100,32,scraped
Republic of Ireland. Premier Division,Republic of Ireland,St. Patrick's Ath.,,,dict_unmatched,0,0,dict_unmatched
Republic of Ireland. Premier Division,Republic of Ireland,Waterford FC,7609,Waterford FC,dict,100,29,scraped
Romania. Liga II,Romania,1599 Şelimbăr,,,dict_unmatched,0,0,dict_unmatched
Romania. Liga II,Romania,ACS Muscelul Campulung Elite,,,dict_unmatched,0,0,dict_unmatched
Romania. Liga II,Romania,AFC ASA Târgu Mureș,,,dict_unmatched,0,0,dict_unmatched
Romania. Liga II,Romania,Afumaţi,,,dict_unmatched,0,0,dict_unmatched
Romania. Liga II,Romania,Bacău,,,dict_unmatched,0,0,dict_unmatched
Romania. Liga II,Romania,Bihor Oradea,,,dict_unmatched,0,0,dict_unmatched
Romania. Liga II,Romania,CS Dinamo București,15300,Dinamo,dict,100,29,scraped
Romania. Liga II,Romania,CSM Satu Mare,,,dict_unmatched,0,0,dict_unmatched
Romania. Liga II,Romania,Ceahlăul Piatra Neamţ,,,dict_unmatched,0,0,dict_unmatched
Romania. Liga II,Romania,Chindia Târgovişte,,,dict_unmatched,0,0,dict_unmatched
Romania. Liga II,Romania,Concordia Chiajna,,,dict_unmatched,0,0,dict_unmatched
Romania. Liga II,Romania,Corvinul Hunedoara,,,dict_unmatched,0,0,dict_unmatched
Romania. Liga II,Romania,Dumbrăviţa,,,dict_unmatched,0,0,dict_unmatched
Romania. Liga II,Romania,Gloria Bistriţa,,,dict_unmatched,0,0,dict_unmatched
Romania. Liga II,Romania,Metalul Buzău,,,dict_unmatched,0,0,dict_unmatched
Romania. Liga II,Romania,Poli Iaşi,,,dict_unmatched,0,0,dict_unmatched
Romania. Liga II,Romania,Sepsi,952,UTA Arad,dict,100,28,scraped
Romania. Liga II,Romania,Slatina,,,dict_unmatched,0,0,dict_unmatched
Romania. Liga II,Romania,Steaua Bucureşti,,,dict_unmatched,0,0,dict_unmatched
Romania. Liga II,Romania,Tunari,,,dict_unmatched,0,0,dict_unmatched
Romania. Liga II,Romania,Voluntari,16574,AIK U19,dict,100,11,scraped
Romania. Liga II,Romania,Şcolar Reşiţa,,,dict_unmatched,0,0,dict_unmatched
Romania. Superliga,Romania,Argeș,41278,FC Arges,dict,100,27,scraped
Romania. Superliga,Romania,Botoşani,8818,FC Botosani,dict,100,28,scraped
Romania. Superliga,Romania,CFR Cluj,7769,CFR Cluj,dict,100,28,scraped
Romania. Superliga,Romania,Csikszereda Miercurea Ciuc,37255,FK Csikszereda,dict,100,25,scraped
Romania. Superliga,Romania,Dinamo Bucureşti,15300,Dinamo,dict,100,29,scraped
Romania. Superliga,Romania,FCS Bucureşti,2025,FCSB,dict,100,0,dict
Romania. Superliga,Romania,Farul Constanţa,,,dict_unmatched,0,0,dict_unmatched
Romania. Superliga,Romania,Hermannstadt,58049,FC Hermannstadt,dict,100,0,dict
Romania. Superliga,Romania,Metaloglobus,37624,Metaloglobus,dict,100,28,scraped
Romania. Superliga,Romania,Oţelul,4959,Otelul Galati,dict,100,26,scraped
Romania. Superliga,Romania,Petrolul 52,9465,Petrolul,dict,100,26,scraped
Romania. Superliga,Romania,Rapid Bucureşti,,,dict_unmatched,0,0,dict_unmatched
Romania. Superliga,Romania,UTA Arad,952,UTA Arad,dict,100,28,scraped
Romania. Superliga,Romania,Unirea Slobozia,29700,Unirea Slobozia,dict,100,27,scraped
Romania. Superliga,Romania,Universitatea Cluj,6429,U Cluj,dict,100,32,scraped
Romania. Superliga,Romania,Universitatea Craiova,3385,Panserraikos,dict,100,33,scraped
Russia. Premier League,Russia,Akhmat Grozny,3725,Akhmat Grozny,dict,100,25,scraped
Russia. Premier League,Russia,Akron Togliatti,71985,Akron Togliatti,dict,100,26,scraped
Russia. Premier League,Russia,Baltika,2741,Baltika,dict,100,31,scraped
Russia. Premier League,Russia,CSKA Moskva,,,dict_unmatched,0,0,dict_unmatched
Russia. Premier League,Russia,Dinamo Moskva,15300,Dinamo,dict,100,29,scraped
Russia. Premier League,Russia,Dynamo Makhachkala,75231,Dinamo Makhach.,dict,100,28,scraped
Russia. Premier League,Russia,Krasnodar,16704,Krasnodar,dict,100,27,scraped
Russia. Premier League,Russia,Krylya Sovetov,,,dict_unmatched,0,0,dict_unmatched
Russia. Premier League,Russia,Lokomotiv Moskva,932,Loko Moscow,dict,100,27,scraped
Russia. Premier League,Russia,Nizhny Novgorod,,,dict_unmatched,0,0,dict_unmatched
Russia. Premier League,Russia,Orenburg,14589,Orenburg,dict,100,31,scraped
Russia. Premier League,Russia,Rostov,1083,Rostov,dict,100,28,scraped
Russia. Premier League,Russia,Rubin Kazan',2698,Rubin Kazan,dict,100,26,scraped
Russia. Premier League,Russia,Sochi,41231,FK Sochi,dict,100,23,scraped
Russia. Premier League,Russia,Spartak Moskva,15276,Spartak,dict,100,30,scraped
Russia. Premier League,Russia,Zenit,964,Zenit S-Pb,dict,100,26,scraped
Saudi Arabia. Division 1,Saudi Arabia,Abha,,,dict_unmatched,0,0,dict_unmatched
Saudi Arabia. Division 1,Saudi Arabia,Al Adalah,,,dict_unmatched,0,0,dict_unmatched
Saudi Arabia. Division 1,Saudi Arabia,Al Anwar Club,,,dict_unmatched,0,0,dict_unmatched
Saudi Arabia. Division 1,Saudi Arabia,Al Arabi,,,dict_unmatched,0,0,dict_unmatched
Saudi Arabia. Division 1,Saudi Arabia,Al Batin,,,dict_unmatched,0,0,dict_unmatched
Saudi Arabia. Division 1,Saudi Arabia,Al Bukayriyah,,,dict_unmatched,0,0,dict_unmatched
Saudi Arabia. Division 1,Saudi Arabia,Al Draih,,,dict_unmatched,0,0,dict_unmatched
Saudi Arabia. Division 1,Saudi Arabia,Al Faisaly,13592,Al-Faisaly,dict,100,30,scraped
Saudi Arabia. Division 1,Saudi Arabia,Al Jabalain,,,dict_unmatched,0,0,dict_unmatched
Saudi Arabia. Division 1,Saudi Arabia,Al Jandal,,,dict_unmatched,0,0,dict_unmatched
Saudi Arabia. Division 1,Saudi Arabia,Al Jubail,,,dict_unmatched,0,0,dict_unmatched
Saudi Arabia. Division 1,Saudi Arabia,Al Orubah,,,dict_unmatched,0,0,dict_unmatched
Saudi Arabia. Division 1,Saudi Arabia,Al Raed,,,dict_unmatched,0,0,dict_unmatched
Saudi Arabia. Division 1,Saudi Arabia,Al Ta'ee,,,dict_unmatched,0,0,dict_unmatched
Saudi Arabia. Division 1,Saudi Arabia,Al Ula,,,dict_unmatched,0,0,dict_unmatched
Saudi Arabia. Division 1,Saudi Arabia,Al Wehda,15796,Al-Wehdat SC,dict,100,30,scraped
Saudi Arabia. Division 1,Saudi Arabia,Al Zulfi,,,dict_unmatched,0,0,dict_unmatched
Saudi Arabia. Division 1,Saudi Arabia,Jeddah,,,dict_unmatched,0,0,dict_unmatched
Saudi Arabia. Pro League,Saudi Arabia,Al Ahli,18487,Al-Ahli,dict,100,27,scraped
Saudi Arabia. Pro League,Saudi Arabia,Al Akhdoud,71665,Al-Okhdood,dict,100,24,scraped
Saudi Arabia. Pro League,Saudi Arabia,Al Ettifaq,7732,Al-Ettifaq,dict,100,26,scraped
Saudi Arabia. Pro League,Saudi Arabia,Al Fateh,27221,Al-Fateh,dict,100,30,scraped
Saudi Arabia. Pro League,Saudi Arabia,Al Feiha,,,dict_unmatched,0,0,dict_unmatched
Saudi Arabia. Pro League,Saudi Arabia,Al Hazem,9131,Al-Hazem,dict,100,32,scraped
Saudi Arabia. Pro League,Saudi Arabia,Al Hilal,1114,Al-Hilal,dict,100,28,scraped
Saudi Arabia. Pro League,Saudi Arabia,Al Ittihad,8023,Al-Ittihad,dict,100,35,scraped
Saudi Arabia. Pro League,Saudi Arabia,Al Khaleej,6070,Al-Khaleej,dict,100,31,scraped
Saudi Arabia. Pro League,Saudi Arabia,Al Kholood,91427,Al-Kholood,dict,100,24,scraped
Saudi Arabia. Pro League,Saudi Arabia,Al Najma,32328,Al-Najma,dict,100,32,scraped
Saudi Arabia. Pro League,Saudi Arabia,Al Nassr,18544,Al-Nassr,dict,100,27,scraped
Saudi Arabia. Pro League,Saudi Arabia,Al Qadisiyah,26069,Al-Qadsiah,dict,100,29,scraped
Saudi Arabia. Pro League,Saudi Arabia,Al Riyadh,31008,Al-Riyadh,dict,100,27,scraped
Saudi Arabia. Pro League,Saudi Arabia,Al Shabab,9840,Al-Shabab,dict,100,29,scraped
Saudi Arabia. Pro League,Saudi Arabia,Al Taawon,28844,Al-Taawoun,dict,100,28,scraped
Saudi Arabia. Pro League,Saudi Arabia,Dhamk,,,dict_unmatched,0,0,dict_unmatched
Saudi Arabia. Pro League,Saudi Arabia,NEOM,34911,NEOM SC,dict,100,29,scraped
Scotland. Championship,Scotland,Airdrieonians,2802,Airdrieonians,dict,100,27,scraped
Scotland. Championship,Scotland,Arbroath,3021,Arbroath,dict,100,22,scraped
Scotland. Championship,Scotland,Ayr United,1192,Ayr United,dict,100,22,scraped
Scotland. Championship,Scotland,Dunfermline Athletic,64918,Athletic,dict,100,36,scraped
Scotland. Championship,Scotland,Greenock Morton,3026,Morton,dict,100,25,scraped
Scotland. Championship,Scotland,Partick Thistle,2760,Partick Thistle,dict,100,20,scraped
Scotland. Championship,Scotland,Queen's Park,3031,Queen's Park,dict,100,23,scraped
Scotland. Championship,Scotland,Raith Rovers,2795,Raith Rovers,dict,100,22,scraped
Scotland. Championship,Scotland,Ross County,2759,Ross County,dict,100,24,scraped
Scotland. Championship,Scotland,St. Johnstone,2578,St. Johnstone,dict,100,26,scraped
Scotland. Premiership,Scotland,Aberdeen,370,Aberdeen FC,dict,100,28,scraped
Scotland. Premiership,Scotland,Celtic,371,Celtic,dict,100,29,scraped
Scotland. Premiership,Scotland,Dundee,511,Dundee FC,dict,100,25,scraped
Scotland. Premiership,Scotland,Dundee United,1519,Dundee United,dict,100,24,scraped
Scotland. Premiership,Scotland,Falkirk,1191,Falkirk,dict,100,29,scraped
Scotland. Premiership,Scotland,Hearts,,,dict_unmatched,0,0,dict_unmatched
Scotland. Premiership,Scotland,Hibernian,903,Hibernian FC,dict,100,29,scraped
Scotland. Premiership,Scotland,Kilmarnock,2553,Kilmarnock FC,dict,100,22,scraped
Scotland. Premiership,Scotland,Livingston,1241,Livingston FC,dict,100,29,scraped
Scotland. Premiership,Scotland,Motherwell,987,Motherwell FC,dict,100,30,scraped
Scotland. Premiership,Scotland,Rangers,124,Rangers,dict,100,29,scraped
Scotland. Premiership,Scotland,St. Mirren,465,St. Mirren,dict,100,29,scraped
Serbia. Prva Liga,Serbia,Borac Čačak,2209,Borac Cacak,dict,100,26,scraped
Serbia. Prva Liga,Serbia,Dinamo,15300,Dinamo,dict,100,29,scraped
Serbia. Prva Liga,Serbia,Dubočica,42813,Dubocica,dict,100,24,scraped
Serbia. Prva Liga,Serbia,Grafičar,4655,Graficar,dict,100,26,scraped
Serbia. Prva Liga,Serbia,Jedinstvo Ub,20887,Jedinstvo Ub,dict,100,29,scraped
Serbia. Prva Liga,Serbia,Kabel Novi Sad,2389,Kabel Novi Sad,dict,100,21,scraped
Serbia. Prva Liga,Serbia,Loznica,3069,FK Loznica,dict,100,30,scraped
Serbia. Prva Liga,Serbia,Mačva Šabac,4657,Macva,dict,100,30,scraped
Serbia. Prva Liga,Serbia,OFK Vršac,36923,Vrsac,dict,100,27,scraped
Serbia. Prva Liga,Serbia,Priboj,15552,FK FAP Priboj,dict,100,21,scraped
Serbia. Prva Liga,Serbia,Smederevo 1924,3544,Smederevo 1924,dict,100,28,scraped
Serbia. Prva Liga,Serbia,Tekstilac Odžaci,36922,Tekstilac,dict,100,18,scraped
Serbia. Prva Liga,Serbia,Trayal Kruševac,57460,Trayal,dict,100,24,scraped
Serbia. Prva Liga,Serbia,Ušće NB,,,dict_unmatched,0,0,dict_unmatched
Serbia. Prva Liga,Serbia,Voždovac,4634,Vozdovac,dict,100,32,scraped
Serbia. Prva Liga,Serbia,Zemun,3521,FK Zemun,dict,100,29,scraped
Serbia. Super Liga,Serbia,Bačka Topola,265,Panathinaikos,dict,100,36,scraped
Serbia. Super Liga,Serbia,Crvena Zvezda,4655,Graficar,dict,100,26,scraped
Serbia. Super Liga,Serbia,IMT Novi Beograd,,,dict_unmatched,0,0,dict_unmatched
Serbia. Super Liga,Serbia,Javor Ivanjica,,,dict_unmatched,0,0,dict_unmatched
Serbia. Super Liga,Serbia,Mladost Lučani,6622,Mladost,dict,100,30,scraped
Serbia. Super Liga,Serbia,Napredak Kruševac,788,Napredak,dict,100,29,scraped
Serbia. Super Liga,Serbia,Novi Pazar,4633,Novi Pazar,dict,100,32,scraped
Serbia. Super Liga,Serbia,OFK Beograd,53,OFK Beograd,dict,100,34,scraped
Serbia. Super Liga,Serbia,Partizan,669,Partizan,dict,100,34,scraped
Serbia. Super Liga,Serbia,Radnik Surdulica,33328,Radnik,dict,100,30,scraped
Serbia. Super Liga,Serbia,Radnički Kragujevac,7567,Radnicki Nis,dict,100,26,scraped
Serbia. Super Liga,Serbia,Radnički Niš,7567,Radnicki Nis,dict,100,26,scraped
Serbia. Super Liga,Serbia,Spartak Subotica,15276,Spartak,dict,100,30,scraped
Serbia. Super Liga,Serbia,Vojvodina,448,Vojvodina,dict,100,30,scraped
Serbia. Super Liga,Serbia,Čukarički,6621,Cukaricki,dict,100,36,scraped
Serbia. Super Liga,Serbia,Železničar Pancevo,59358,Zelez. Pancevo,dict,100,27,scraped
Slovakia. 2. liga,Slovakia,Banik Lehota pod Vtacnikom,,,dict_unmatched,0,0,dict_unmatched
Slovakia. 2. liga,Slovakia,Dukla Banská Bystrica,,,dict_unmatched,0,0,dict_unmatched
Slovakia. 2. liga,Slovakia,Inter Bratislava,46,Inter,dict,100,24,scraped
Slovakia. 2. liga,Slovakia,Lokomotíva Zvolen,11194,NK Lokomotiva,dict,100,41,scraped
Slovakia. 2. liga,Slovakia,Malženice,,,dict_unmatched,0,0,dict_unmatched
Slovakia. 2. liga,Slovakia,Petržalka Akadémia,,,dict_unmatched,0,0,dict_unmatched
Slovakia. 2. liga,Slovakia,Pohronie,,,dict_unmatched,0,0,dict_unmatched
Slovakia. 2. liga,Slovakia,Považská Bystrica,,,dict_unmatched,0,0,dict_unmatched
Slovakia. 2. liga,Slovakia,Púchov,,,dict_unmatched,0,0,dict_unmatched
Slovakia. 2. liga,Slovakia,Slovan Bratislava II,540,Slo. Bratislava,dict,100,31,scraped
Slovakia. 2. liga,Slovakia,Slávia TU Košice,51316,Kosice,dict,100,28,scraped
Slovakia. 2. liga,Slovakia,Stará Ľubovňa,,,dict_unmatched,0,0,dict_unmatched
Slovakia. 2. liga,Slovakia,Tatran Liptovský Mikuláš,,,dict_unmatched,0,0,dict_unmatched
Slovakia. 2. liga,Slovakia,Zlaté Moravce,,,dict_unmatched,0,0,dict_unmatched
Slovakia. 2. liga,Slovakia,Šamorín,,,dict_unmatched,0,0,dict_unmatched
Slovakia. 2. liga,Slovakia,Žilina II,20634,MSK Zilina B,dict,100,26,scraped
Slovakia. Niké Liga,Slovakia,DAC,,,dict_unmatched,0,0,dict_unmatched
Slovakia. Niké Liga,Slovakia,FC Košice,51316,Kosice,dict,100,28,scraped
Slovakia. Niké Liga,Slovakia,Komárno,32314,Komarno,dict,100,28,scraped
Slovakia. Niké Liga,Slovakia,Podbrezová,20063,Podbrezova,dict,100,23,scraped
Slovakia. Niké Liga,Slovakia,Ružomberok,7087,Ruzomberok,dict,100,28,scraped
Slovakia. Niké Liga,Slovakia,Skalica,35488,Skalica,dict,100,25,scraped
Slovakia. Niké Liga,Slovakia,Slovan Bratislava,540,Slo. Bratislava,dict,100,31,scraped
Slovakia. Niké Liga,Slovakia,Spartak Trnava,365,Spartak Trnava,dict,100,27,scraped
Slovakia. Niké Liga,Slovakia,Tatran Prešov,4531,Tatran Presov,dict,100,25,scraped
Slovakia. Niké Liga,Slovakia,Trenčín,7918,AS Trencin,dict,100,31,scraped
Slovakia. Niké Liga,Slovakia,Zemplín Michalovce,13744,Michalovce,dict,100,29,scraped
Slovakia. Niké Liga,Slovakia,Žilina,1443,MSK Zilina,dict,100,23,scraped
Slovenia. 1. SNL,Slovenia,Aluminij,11033,NK Aluminij,dict,100,28,scraped
Slovenia. 1. SNL,Slovenia,AŠK Bravo,26985,NK Bravo,dict,100,23,scraped
Slovenia. 1. SNL,Slovenia,Celje,710,NK Celje,dict,100,35,scraped
Slovenia. 1. SNL,Slovenia,Domžale,6248,NK Domzale,dict,100,0,dict
Slovenia. 1. SNL,Slovenia,Koper,433,FC Koper,dict,100,27,scraped
Slovenia. 1. SNL,Slovenia,Maribor,790,NK Maribor,dict,100,26,scraped
Slovenia. 1. SNL,Slovenia,Mura,4059,NS Mura,dict,100,31,scraped
Slovenia. 1. SNL,Slovenia,Olimpija,629,Olimpia,dict,100,34,scraped
Slovenia. 1. SNL,Slovenia,Primorje,4507,ND Primorje,dict,100,22,scraped
Slovenia. 1. SNL,Slovenia,Radomlje,21460,NK Radomlje,dict,100,24,scraped
Slovenia. 2. SNL,Slovenia,Beltinci,20118,Beltinci,dict,100,23,scraped
Slovenia. 2. SNL,Slovenia,Bilje,21448,ND Bilje,dict,100,26,scraped
Slovenia. 2. SNL,Slovenia,Bistrica,27807,Kety Bistrica,dict,100,22,scraped
Slovenia. 2. SNL,Slovenia,Brinje-Grosuplje,31193,Brinje,dict,100,27,scraped
Slovenia. 2. SNL,Slovenia,Dekani,21414,NK Dekani,dict,100,24,scraped
Slovenia. 2. SNL,Slovenia,Dravinja,20248,ND Dravinja,dict,100,22,scraped
Slovenia. 2. SNL,Slovenia,Gorica,24575,HNK Gorica,dict,100,31,scraped
Slovenia. 2. SNL,Slovenia,Ilirija,33481,ND Ilirija,dict,100,26,scraped
Slovenia. 2. SNL,Slovenia,Jesenice,23246,NK Jesenice,dict,100,24,scraped
Slovenia. 2. SNL,Slovenia,Krka,12908,NK Krka,dict,100,25,scraped
Slovenia. 2. SNL,Slovenia,Krško,17136,NK Krsko,dict,100,22,scraped
Slovenia. 2. SNL,Slovenia,ND Slovan Ljubljana,1996,ND Slovan Lj.,dict,100,25,scraped
Slovenia. 2. SNL,Slovenia,Nafta,9233,NK Nafta 1903,dict,100,22,scraped
Slovenia. 2. SNL,Slovenia,Rudar,789,Rudar Velenje,dict,100,24,scraped
Slovenia. 2. SNL,Slovenia,Tabor Sežana,20656,Tabor Sezana,dict,100,22,scraped
Slovenia. 2. SNL,Slovenia,Triglav,17836,NK Triglav,dict,100,26,scraped
South Africa. PSL,South Africa,AmaZulu,9370,AmaZulu FC,dict,100,37,scraped
South Africa. PSL,South Africa,Chippa United,31283,Chippa United,dict,100,35,scraped
South Africa. PSL,South Africa,Durban City,14187,Durban City FC,dict,100,42,scraped
South Africa. PSL,South Africa,Golden Arrows,7011,Golden Arrows,dict,100,42,scraped
South Africa. PSL,South Africa,Kaizer Chiefs,568,Kaizer Chiefs,dict,100,34,scraped
South Africa. PSL,South Africa,Magesi,54146,Magesi FC,dict,100,33,scraped
South Africa. PSL,South Africa,Mamelodi Sundowns,6356,Sundowns,dict,100,44,scraped
South Africa. PSL,South Africa,Marumo Gallants,61852,Marumo,dict,100,39,scraped
South Africa. PSL,South Africa,Orbit College,45783,Orbit College,dict,100,38,scraped
South Africa. PSL,South Africa,Orlando Pirates,2557,Orlando Pirates,dict,100,38,scraped
South Africa. PSL,South Africa,Polokwane City,21202,Polokwane City,dict,100,39,scraped
South Africa. PSL,South Africa,Richards Bay,12668,Richards Bay,dict,100,29,scraped
South Africa. PSL,South Africa,Sekhukhune United,85501,Sekhukhune,dict,100,37,scraped
South Africa. PSL,South Africa,Siwelele Football Club,132785,Siwelele FC,dict,100,37,scraped
South Africa. PSL,South Africa,Stellenbosch FC,23287,Stellenbosch FC,dict,100,25,scraped
South Africa. PSL,South Africa,TS Galaxy FC,67074,TS Galaxy FC,dict,100,39,scraped
Spain. La Liga,Spain,Athletic Club,621,Athletic Club,dict,100,25,scraped
Spain. La Liga,Spain,Atlético Madrid,13,Atlético,dict,100,25,scraped
Spain. La Liga,Spain,Barcelona,131,Barcelona,dict,100,27,scraped
Spain. La Liga,Spain,Celta de Vigo,940,Celta de Vigo,dict,100,25,scraped
Spain. La Liga,Spain,Deportivo Alavés,1108,Alavés,dict,100,24,scraped
Spain. La Liga,Spain,Elche,1531,Elche CF,dict,100,28,scraped
Spain. La Liga,Spain,Espanyol,714,Espanyol,dict,100,25,scraped
Spain. La Liga,Spain,Getafe,3709,Getafe,dict,100,23,scraped
Spain. La Liga,Spain,Girona,12321,Girona,dict,100,26,scraped
Spain. La Liga,Spain,Levante,3368,Levante,dict,100,26,scraped
Spain. La Liga,Spain,Mallorca,237,RCD Mallorca,dict,100,28,scraped
Spain. La Liga,Spain,Osasuna,331,CA Osasuna,dict,100,23,scraped
Spain. La Liga,Spain,Rayo Vallecano,367,Rayo Vallecano,dict,100,27,scraped
Spain. La Liga,Spain,Real Betis,150,Real Betis,dict,100,25,scraped
Spain. La Liga,Spain,Real Madrid,418,Real Madrid,dict,100,27,scraped
Spain. La Liga,Spain,Real Oviedo,2497,Real Oviedo,dict,100,25,scraped
Spain. La Liga,Spain,Real Sociedad,681,Real Sociedad,dict,100,24,scraped
Spain. La Liga,Spain,Sevilla,368,Sevilla FC,dict,100,26,scraped
Spain. La Liga,Spain,Valencia,1049,Valencia,dict,100,27,scraped
Spain. La Liga,Spain,Villarreal,1050,Villarreal,dict,100,24,scraped
Spain. Segunda División,Spain,Albacete,1532,Albacete,dict,100,27,scraped
Spain. Segunda División,Spain,Almería,3302,UD Almería,dict,100,26,scraped
Spain. Segunda División,Spain,Burgos,1536,Burgos CF,dict,100,24,scraped
Spain. Segunda División,Spain,Castellón,2502,Castellón,dict,100,28,scraped
Spain. Segunda División,Spain,Ceuta,8568,AD Ceuta,dict,100,26,scraped
Spain. Segunda División,Spain,Cultural Leonesa,,,dict_unmatched,0,0,dict_unmatched
Spain. Segunda División,Spain,Cádiz,2687,Cádiz CF,dict,100,27,scraped
Spain. Segunda División,Spain,Córdoba,993,Córdoba CF,dict,100,27,scraped
Spain. Segunda División,Spain,Deportivo La Coruña,,,dict_unmatched,0,0,dict_unmatched
Spain. Segunda División,Spain,Eibar,1533,SD Eibar,dict,100,25,scraped
Spain. Segunda División,Spain,FC Andorra,10718,FC Andorra,dict,100,27,scraped
Spain. Segunda División,Spain,Granada,16795,Granada CF,dict,100,20,scraped
Spain. Segunda División,Spain,Huesca,5358,SD Huesca,dict,100,24,scraped
Spain. Segunda División,Spain,Las Palmas,472,UD Las Palmas,dict,100,28,scraped
Spain. Segunda División,Spain,Leganés,1244,CD Leganés,dict,100,23,scraped
Spain. Segunda División,Spain,Mirandés,13222,CD Mirandés,dict,100,24,scraped
Spain. Segunda División,Spain,Málaga,1084,Málaga CF,dict,100,28,scraped
Spain. Segunda División,Spain,Racing Santander,630,Racing,dict,100,24,scraped
Spain. Segunda División,Spain,Real Sociedad B,9899,Real Sociedad B,dict,100,24,scraped
Spain. Segunda División,Spain,Real Valladolid,366,Real Valladolid,dict,100,29,scraped
Spain. Segunda División,Spain,Real Zaragoza,142,Real Zaragoza,dict,100,23,scraped
Spain. Segunda División,Spain,Sporting Gijón,2448,Sporting Gijón,dict,100,23,scraped
Sweden. Allsvenskan,Sweden,AIK,272,AIK,dict,100,33,scraped
Sweden. Allsvenskan,Sweden,Brommapojkarna,1092,Brommapojkarna,dict,100,29,scraped
Sweden. Allsvenskan,Sweden,Degerfors,3641,Degerfors,dict,100,22,scraped
Sweden. Allsvenskan,Sweden,Djurgården,1044,Djurgården,dict,100,25,scraped
Sweden. Allsvenskan,Sweden,Elfsborg,1101,Elfsborg,dict,100,24,scraped
Sweden. Allsvenskan,Sweden,GAIS,7009,GAIS,dict,100,27,scraped
Sweden. Allsvenskan,Sweden,Halmstad,7915,Halmstad U19,dict,100,2,scraped
Sweden. Allsvenskan,Sweden,Hammarby,1059,Hammarby,dict,100,23,scraped
Sweden. Allsvenskan,Sweden,Häcken,1109,Häcken,dict,100,25,scraped
Sweden. Allsvenskan,Sweden,IFK Göteborg,801,IFK Göteborg,dict,100,28,scraped
Sweden. Allsvenskan,Sweden,IFK Norrköping,2844,Norrköping,dict,100,26,scraped
Sweden. Allsvenskan,Sweden,Malmö FF,496,Malmö,dict,100,31,scraped
Sweden. Allsvenskan,Sweden,Mjällby,2719,Mjällby AIF,dict,100,29,scraped
Sweden. Allsvenskan,Sweden,Sirius,7945,Sirius,dict,100,24,scraped
Sweden. Allsvenskan,Sweden,Värnamo,3622,Värnamo,dict,100,25,scraped
Sweden. Allsvenskan,Sweden,Öster,,,dict_unmatched,0,0,dict_unmatched
Sweden. Superettan,Sweden,Brage,3362,Brage,dict,100,26,scraped
Sweden. Superettan,Sweden,Falkenberg,5196,Falkenbergs FF,dict,100,24,scraped
Sweden. Superettan,Sweden,GIF Sundsvall,2843,GIF Sundsvall,dict,100,25,scraped
Sweden. Superettan,Sweden,Helsingborg,699,Helsingborgs IF,dict,100,26,scraped
Sweden. Superettan,Sweden,Kalmar,3654,Kalmar FF,dict,100,27,scraped
Sweden. Superettan,Sweden,Landskrona,2294,Landskrona,dict,100,23,scraped
Sweden. Superettan,Sweden,Oddevold,6018,IK Oddevold,dict,100,25,scraped
Sweden. Superettan,Sweden,Sandviken,8843,Sandvikens IF,dict,100,27,scraped
Sweden. Superettan,Sweden,Trelleborg,701,Trelleborg,dict,100,25,scraped
Sweden. Superettan,Sweden,Umeå,8885,Umeå FC,dict,100,27,scraped
Sweden. Superettan,Sweden,Utsikten,13653,Utsiktens BK,dict,100,24,scraped
Sweden. Superettan,Sweden,Varbergs,10507,Varbergs BoIS,dict,100,24,scraped
Sweden. Superettan,Sweden,Västerås SK,5202,Västerås SK,dict,100,27,scraped
Sweden. Superettan,Sweden,Örebro,1056,Örebro SK,dict,100,25,scraped
Sweden. Superettan,Sweden,Örgryte,1118,Örgryte,dict,100,27,scraped
Sweden. Superettan,Sweden,Östersunds FK,9614,Östersund,dict,100,23,scraped
Switzerland. Challenge League,Switzerland,Aarau,116,FC Aarau,dict,100,27,scraped
Switzerland. Challenge League,Switzerland,Bellinzona,2047,AC Bellinzona,dict,100,36,scraped
Switzerland. Challenge League,Switzerland,Neuchâtel Xamax,625,Neuchâtel Xamax,dict,100,29,scraped
Switzerland. Challenge League,Switzerland,Rapperswil-Jona,8463,Rapperswil-Jona,dict,100,29,scraped
Switzerland. Challenge League,Switzerland,Stade Lausanne-Ouchy,5499,StadeLO,dict,100,26,scraped
Switzerland. Challenge League,Switzerland,Stade Nyonnais,5507,Stade Nyonnais,dict,100,28,scraped
Switzerland. Challenge League,Switzerland,Vaduz,163,FC Vaduz,dict,100,27,scraped
Switzerland. Challenge League,Switzerland,Wil,850,FC Wil 1900,dict,100,27,scraped
Switzerland. Challenge League,Switzerland,Yverdon Sport,322,Yverdon Sport,dict,100,24,scraped
Switzerland. Challenge League,Switzerland,Étoile Carouge,1292,Etoile Carouge,dict,100,30,scraped
Switzerland. Super League,Switzerland,Basel,26,Basel,dict,100,26,scraped
Switzerland. Super League,Switzerland,Grasshopper,504,Grasshoppers,dict,100,33,scraped
Switzerland. Super League,Switzerland,Lausanne Sport,527,Lausanne-Sport,dict,100,27,scraped
Switzerland. Super League,Switzerland,Lugano,2790,FC Lugano,dict,100,31,scraped
Switzerland. Super League,Switzerland,Luzern,434,FC Luzern,dict,100,29,scraped
Switzerland. Super League,Switzerland,Servette,61,Servette FC,dict,100,30,scraped
Switzerland. Super League,Switzerland,Sion,321,FC Sion,dict,100,31,scraped
Switzerland. Super League,Switzerland,St. Gallen,257,FC St. Gallen,dict,100,30,scraped
Switzerland. Super League,Switzerland,Thun,938,FC Thun,dict,100,30,scraped
Switzerland. Super League,Switzerland,Winterthur,242,FC Winterthur,dict,100,28,scraped
Switzerland. Super League,Switzerland,Young Boys,452,Young Boys,dict,100,25,scraped
Switzerland. Super League,Switzerland,Zürich,260,FC Zürich,dict,100,29,scraped
Tunisia. Ligue 1,Tunisia,AS Soliman,52128,AS Soliman,dict,100,32,scraped
Tunisia. Ligue 1,Tunisia,Ben Guerdane,30507,US Ben Guerdane,dict,100,38,scraped
Tunisia. Ligue 1,Tunisia,CA Bizertin,12717,CA Bizertin,dict,100,34,scraped
Tunisia. Ligue 1,Tunisia,CS Sfaxien,581,CS Sfaxien,dict,100,36,scraped
Tunisia. Ligue 1,Tunisia,Club Africain,819,Club Africain,dict,100,33,scraped
Tunisia. Ligue 1,Tunisia,ES Tunis,3342,Espérance sportive de Tunis,dict,100,35,scraped
Tunisia. Ligue 1,Tunisia,Etoile du Sahel,,,dict_unmatched,0,0,dict_unmatched
Tunisia. Ligue 1,Tunisia,Gabès,22812,AS Gabès,dict,100,17,scraped
Tunisia. Ligue 1,Tunisia,Jeunesse Sportive Omrane,88478,JS Omrane,dict,100,38,scraped
Tunisia. Ligue 1,Tunisia,Kairouan,17534,JS Kairouan,dict,100,35,scraped
Tunisia. Ligue 1,Tunisia,Marsa,18792,AS Marsa,dict,100,45,scraped
Tunisia. Ligue 1,Tunisia,Monastir,9890,US Monastir,dict,100,38,scraped
Tunisia. Ligue 1,Tunisia,Métlaoui,39801,ES Metlaoui,dict,100,40,scraped
Tunisia. Ligue 1,Tunisia,Olympique Béja,8117,Olympique Beja,dict,100,41,scraped
Tunisia. Ligue 1,Tunisia,Stade Tunisien,4812,Stade Tunisien,dict,100,38,scraped
Tunisia. Ligue 1,Tunisia,Zarzis,2205,ES Zarzis,dict,100,43,scraped
Türkiye. 1. Lig,Türkiye,Adana Demirspor,3840,Adana Demirspor,dict,100,25,scraped
Türkiye. 1. Lig,Türkiye,Amed SK,12382,Amed SK,dict,100,27,scraped
Türkiye. 1. Lig,Türkiye,Ankara Keçiörengücü,12388,A. Keciörengücü,dict,100,29,scraped
Türkiye. 1. Lig,Türkiye,BB Erzurumspor,39722,Erzurumspor FK,dict,100,30,scraped
Türkiye. 1. Lig,Türkiye,Bandırmaspor,20760,Bandirmaspor,dict,100,34,scraped
Türkiye. 1. Lig,Türkiye,Bodrumspor,44006,Bodrum FK,dict,100,33,scraped
Türkiye. 1. Lig,Türkiye,Boluspor,3207,Boluspor,dict,100,32,scraped
Türkiye. 1. Lig,Türkiye,Esenler Erokspor,45269,E. Erokspor,dict,100,28,scraped
Türkiye. 1. Lig,Türkiye,Hatayspor,7775,Hatayspor,dict,100,20,scraped
Türkiye. 1. Lig,Türkiye,Iğdır FK,74664,Igdir FK,dict,100,30,scraped
Türkiye. 1. Lig,Türkiye,Manisa F.K.,48913,Manisa FK,dict,100,28,scraped
Türkiye. 1. Lig,Türkiye,Pendikspor,3209,Pendikspor,dict,100,33,scraped
Türkiye. 1. Lig,Türkiye,Sakaryaspor,2463,Sakaryaspor,dict,100,22,scraped
Türkiye. 1. Lig,Türkiye,Sarıyer,518,Sariyer,dict,100,29,scraped
Türkiye. 1. Lig,Türkiye,Serik Belediyespor,,,dict_unmatched,0,0,dict_unmatched
Türkiye. 1. Lig,Türkiye,Sivasspor,2381,Sivasspor,dict,100,32,scraped
Türkiye. 1. Lig,Türkiye,Vanspor FK,,,dict_unmatched,0,0,dict_unmatched
Türkiye. 1. Lig,Türkiye,Çorum FK,37951,Corum FK,dict,100,30,scraped
Türkiye. 1. Lig,Türkiye,Ümranıyespor,24245,Ümraniyespor,dict,100,32,scraped
Türkiye. 1. Lig,Türkiye,İstanbulspor,924,Istanbulspor,dict,100,36,scraped
Türkiye. 2. Lig,Türkiye,Adana 01,,,dict_unmatched,0,0,dict_unmatched
Türkiye. 2. Lig,Türkiye,Altınordu,,,no_mapping,0,0,no_mapping
Türkiye. 2. Lig,Türkiye,Ankaraspor,2463,Sakaryaspor,dict,100,22,scraped
Türkiye. 2. Lig,Türkiye,Batman Petrolspor,,,no_mapping,0,0,no_mapping
Türkiye. 2. Lig,Türkiye,Beykoz Anadolu,,,dict_unmatched,0,0,dict_unmatched
Türkiye. 2. Lig,Türkiye,Beyoğlu Yeni Çarşı,,,no_mapping,0,0,no_mapping
Türkiye. 2. Lig,Türkiye,Bucaspor 1928,,,dict_unmatched,0,0,dict_unmatched
Türkiye. 2. Lig,Türkiye,Elazığspor,,,dict_unmatched,0,0,dict_unmatched
Türkiye. 2. Lig,Türkiye,Erbaaspor,,,dict_unmatched,0,0,dict_unmatched
Türkiye. 2. Lig,Türkiye,Erzincanspor,,,dict_unmatched,0,0,dict_unmatched
Türkiye. 2. Lig,Türkiye,Karacabey Birlikspor,,,no_mapping,0,0,no_mapping
Türkiye. 2. Lig,Türkiye,Kepezspor,,,dict_unmatched,0,0,dict_unmatched
Türkiye. 2. Lig,Türkiye,Muğlaspor,,,dict_unmatched,0,0,dict_unmatched
Türkiye. 2. Lig,Türkiye,İnegölspor,,,dict_unmatched,0,0,dict_unmatched
Türkiye. 2. Lig,Türkiye,İskenderunspor,,,dict_unmatched,0,0,dict_unmatched
Türkiye. Süper Lig,Türkiye,Alanyaspor,11282,Alanyaspor,dict,100,31,scraped
Türkiye. Süper Lig,Türkiye,Antalyaspor,589,Antalyaspor,dict,100,35,scraped
Türkiye. Süper Lig,Türkiye,Beşiktaş,114,Besiktas,dict,100,36,scraped
Türkiye. Süper Lig,Türkiye,Eyüpspor,7160,Eyüpspor,dict,100,29,scraped
Türkiye. Süper Lig,Türkiye,Fatih Karagümrük,6646,Karagümrük,dict,100,27,scraped
Türkiye. Süper Lig,Türkiye,Fenerbahçe,36,Fenerbahçe,dict,100,31,scraped
Türkiye. Süper Lig,Türkiye,Galatasaray,141,Galatasaray,dict,100,33,scraped
Türkiye. Süper Lig,Türkiye,Gaziantep,2832,Gaziantep FK,dict,100,31,scraped
Türkiye. Süper Lig,Türkiye,Gençlerbirliği,820,Genclerbirligi,dict,100,31,scraped
Türkiye. Süper Lig,Türkiye,Göztepe,1467,Göztepe,dict,100,25,scraped
Türkiye. Süper Lig,Türkiye,Kasımpaşa,10484,Kasimpasa,dict,100,32,scraped
Türkiye. Süper Lig,Türkiye,Kayserispor,3205,Kayserispor,dict,100,29,scraped
Türkiye. Süper Lig,Türkiye,Kocaelispor,120,Kocaelispor,dict,100,31,scraped
Türkiye. Süper Lig,Türkiye,Konyaspor,2293,Konyaspor,dict,100,27,scraped
Türkiye. Süper Lig,Türkiye,Rizespor,126,C. Rizespor,dict,100,29,scraped
Türkiye. Süper Lig,Türkiye,Samsunspor,152,Samsunspor,dict,100,34,scraped
Türkiye. Süper Lig,Türkiye,Trabzonspor,449,Trabzonspor,dict,100,30,scraped
Türkiye. Süper Lig,Türkiye,İstanbul Başakşehir,6890,Basaksehir,dict,100,30,scraped
Ukraine. Druha Liga,Ukraine,Atlet Kyiv,,,dict_unmatched,0,0,dict_unmatched
Ukraine. Druha Liga,Ukraine,Bukovyna Chernivtsi II,21903,Bukovyna,dict,100,25,scraped
Ukraine. Druha Liga,Ukraine,Chayka,,,dict_unmatched,0,0,dict_unmatched
Ukraine. Druha Liga,Ukraine,Chornomorets II,6992,Chornomorets,dict,100,29,scraped
Ukraine. Druha Liga,Ukraine,Dinaz Vyshhorod,,,dict_unmatched,0,0,dict_unmatched
Ukraine. Druha Liga,Ukraine,Hirnyk-Sport,,,dict_unmatched,0,0,dict_unmatched
Ukraine. Druha Liga,Ukraine,Kolos Kovalivka II,48332,Kolos Kovalivka,dict,100,27,scraped
Ukraine. Druha Liga,Ukraine,Kulykiv,,,dict_unmatched,0,0,dict_unmatched
Ukraine. Druha Liga,Ukraine,Lisne,,,dict_unmatched,0,0,dict_unmatched
Ukraine. Druha Liga,Ukraine,Livyi Bereh II,86209,Livyi Bereg,dict,100,28,scraped
Ukraine. Druha Liga,Ukraine,Lokomotiv Kyiv,,,dict_unmatched,0,0,dict_unmatched
Ukraine. Druha Liga,Ukraine,Nyva Ternopil II,2712,Nyva Ternopil,dict,100,30,scraped
Ukraine. Druha Liga,Ukraine,Nyva Vinnytsya,,,dict_unmatched,0,0,dict_unmatched
Ukraine. Druha Liga,Ukraine,Oleksandria II,120273,Oleksandriya-2,dict,100,26,scraped
Ukraine. Druha Liga,Ukraine,Penuel Kryvyi Rih,,,dict_unmatched,0,0,dict_unmatched
Ukraine. Druha Liga,Ukraine,Polissya II,53646,Polissya,dict,100,30,scraped
Ukraine. Druha Liga,Ukraine,Real Pharm,6992,Chornomorets,dict,100,29,scraped
Ukraine. Druha Liga,Ukraine,Rebel Kyiv,,,dict_unmatched,0,0,dict_unmatched
Ukraine. Druha Liga,Ukraine,Skala 1911 Stryi,,,dict_unmatched,0,0,dict_unmatched
Ukraine. Druha Liga,Ukraine,Trostianets,,,dict_unmatched,0,0,dict_unmatched
Ukraine. Druha Liga,Ukraine,Uzhhorod,,,dict_unmatched,0,0,dict_unmatched
Ukraine. Druha Liga,Ukraine,Vilkhivtsi,,,dict_unmatched,0,0,dict_unmatched
Ukraine. Persha Liga,Ukraine,Ahrobiznes Volochysk,36949,Dynamo Kyiv U19,dict,100,15,scraped
Ukraine. Persha Liga,Ukraine,Bukovyna,21903,Bukovyna,dict,100,25,scraped
Ukraine. Persha Liga,Ukraine,Chernihiv,81169,Chernigiv,dict,100,26,scraped
Ukraine. Persha Liga,Ukraine,Chornomorets,6992,Chornomorets,dict,100,29,scraped
Ukraine. Persha Liga,Ukraine,FSC Mariupol,65423,Feniks Mariupol,dict,100,23,scraped
Ukraine. Persha Liga,Ukraine,Inhulets,49364,Ingulets,dict,100,27,scraped
Ukraine. Persha Liga,Ukraine,Livyi Bereh,86209,Livyi Bereg,dict,100,28,scraped
Ukraine. Persha Liga,Ukraine,Metalist Kharkiv,83678,Metalist,dict,100,28,scraped
Ukraine. Persha Liga,Ukraine,Metalurh Zaporizhya,,,dict_unmatched,0,0,dict_unmatched
Ukraine. Persha Liga,Ukraine,Nyva Ternopil,2712,Nyva Ternopil,dict,100,30,scraped
Ukraine. Persha Liga,Ukraine,Podillya Khmelnytskyi,30697,Podillya,dict,100,26,scraped
Ukraine. Persha Liga,Ukraine,Probiy Horodenka,111182,Probiy,dict,100,28,scraped
Ukraine. Persha Liga,Ukraine,Prykarpattia,53645,Prykarpattya,dict,100,26,scraped
Ukraine. Persha Liga,Ukraine,UCSA,110586,UCSA,dict,100,30,scraped
Ukraine. Persha Liga,Ukraine,Viktoriya Sumy,67939,Viktoriya,dict,100,23,scraped
Ukraine. Persha Liga,Ukraine,Vorskla,2740,Vorskla Poltava,dict,100,2,scraped
Ukraine. VBET League,Ukraine,Dynamo Kyiv,338,Dynamo Kyiv,dict,100,36,scraped
Ukraine. VBET League,Ukraine,Epitsentr Dunayivtsi,,,dict_unmatched,0,0,dict_unmatched
Ukraine. VBET League,Ukraine,Epitsentr Kamyanets-Podilskyi,,,dict_unmatched,0,0,dict_unmatched
Ukraine. VBET League,Ukraine,Karpaty,120394,Karpaty U19,dict,100,11,scraped
Ukraine. VBET League,Ukraine,Kolos Kovalivka,48332,Kolos Kovalivka,dict,100,27,scraped
Ukraine. VBET League,Ukraine,Kryvbas KR,3592,Kryvbas,dict,100,21,scraped
Ukraine. VBET League,Ukraine,Kudrivka,87883,FC Kudrivka,dict,100,29,scraped
Ukraine. VBET League,Ukraine,LNZ Cherkasy,63007,LNZ Cherkasy,dict,100,25,scraped
Ukraine. VBET League,Ukraine,Metalist 1925 Kharkiv,83678,Metalist,dict,100,28,scraped
Ukraine. VBET League,Ukraine,Obolon,39097,Obolon,dict,100,28,scraped
Ukraine. VBET League,Ukraine,Oleksandria,120273,Oleksandriya-2,dict,100,26,scraped
Ukraine. VBET League,Ukraine,Polissya,53646,Polissya,dict,100,30,scraped
Ukraine. VBET League,Ukraine,Rukh Lviv,48726,Rukh Lviv,dict,100,37,scraped
Ukraine. VBET League,Ukraine,SK Poltava,81401,SC Poltava,dict,100,23,scraped
Ukraine. VBET League,Ukraine,Shakhtar Donetsk,660,Shakhtar D.,dict,100,34,scraped
Ukraine. VBET League,Ukraine,Veres,26459,Veres Rivne,dict,100,23,scraped
Ukraine. VBET League,Ukraine,Zorya,10690,Zorya Lugansk,dict,100,28,scraped
United States. MLS,United States,Atlanta United,51663,Atlanta,dict,100,25,scraped
United States. MLS,United States,Austin FC,72309,Austin,dict,100,23,scraped
United States. MLS,United States,CF Montréal,4078,Montréal,dict,100,30,scraped
United States. MLS,United States,Charlotte FC,78435,Charlotte,dict,100,29,scraped
United States. MLS,United States,Chicago Fire,432,Chicago,dict,100,28,scraped
United States. MLS,United States,Cincinnati,51772,Cincinnati,dict,100,29,scraped
United States. MLS,United States,Colorado Rapids,1247,Colorado,dict,100,28,scraped
United States. MLS,United States,Columbus Crew,813,Columbus,dict,100,31,scraped
United States. MLS,United States,DC United,45500,DN United,dict,100,28,scraped
United States. MLS,United States,Dallas,8816,Dallas,dict,100,36,scraped
United States. MLS,United States,Houston Dynamo,9168,Houston,dict,100,24,scraped
United States. MLS,United States,Inter Miami,46,Inter,dict,100,24,scraped
United States. MLS,United States,Los Angeles FC,51828,LAFC,dict,100,28,scraped
United States. MLS,United States,Los Angeles Galaxy,1061,LA Galaxy,dict,100,27,scraped
United States. MLS,United States,Minnesota United,56089,Minnesota,dict,100,29,scraped
United States. MLS,United States,Nashville SC,63966,Nashville,dict,100,28,scraped
United States. MLS,United States,New England,626,New England,dict,100,30,scraped
United States. MLS,United States,New York City,40058,New York City,dict,100,35,scraped
United States. MLS,United States,New York RB,623,New York,dict,100,29,scraped
United States. MLS,United States,Orlando City,45604,Orlando,dict,100,28,scraped
United States. MLS,United States,Philadelphia Union,25467,Philadelphia,dict,100,27,scraped
United States. MLS,United States,Portland Timbers,4291,Portland,dict,100,27,scraped
United States. MLS,United States,Real Salt Lake,6643,Salt Lake,dict,100,39,scraped
United States. MLS,United States,SJ Earthquakes,218,SJ Earthquakes,dict,100,32,scraped
United States. MLS,United States,San Diego,114977,San Diego,dict,100,31,scraped
United States. MLS,United States,Seattle Sounders,9636,Seattle,dict,100,27,scraped
United States. MLS,United States,Sporting KC,54649,Sporting FC,dict,100,27,scraped
United States. MLS,United States,St. Louis City,82686,St. Louis CITY,dict,100,31,scraped
United States. MLS,United States,Toronto,11141,Toronto,dict,100,31,scraped
United States. MLS,United States,Vancouver Whitecaps,6321,Vancouver,dict,100,30,scraped
Uruguay. Primera División,Uruguay,Boston River,18074,Boston River,dict,100,29,scraped
Uruguay. Primera División,Uruguay,Cerro,20189,Cerro Largo,dict,100,32,scraped
Uruguay. Primera División,Uruguay,Cerro Largo,20189,Cerro Largo,dict,100,32,scraped
Uruguay. Primera División,Uruguay,Danubio,1306,Danubio FC,dict,100,29,scraped
Uruguay. Primera División,Uruguay,Defensor Sporting,336,Sporting,dict,100,29,scraped
Uruguay. Primera División,Uruguay,Juventud,17428,Juventud,dict,100,30,scraped
Uruguay. Primera División,Uruguay,Liverpool,31,Liverpool,dict,100,27,scraped
Uruguay. Primera División,Uruguay,Miramar Misiones,7477,Miramar,dict,100,30,scraped
Uruguay. Primera División,Uruguay,Nacional,7098,Nacional,dict,100,29,scraped
Uruguay. Primera División,Uruguay,Peñarol,861,Peñarol,dict,100,32,scraped
Uruguay. Primera División,Uruguay,Plaza Colonia,6044,Plaza Colonia,dict,100,30,scraped
Uruguay. Primera División,Uruguay,Progreso,17595,Progreso,dict,100,30,scraped
Uruguay. Primera División,Uruguay,Racing,630,Racing,dict,100,24,scraped
Uruguay. Primera División,Uruguay,River Plate,2419,River Plate,dict,100,29,scraped
Uruguay. Primera División,Uruguay,Torque,96355,Torque B,dict,100,9,scraped
Uruguay. Primera División,Uruguay,Wanderers,2723,Wanderers,dict,100,26,scraped
Uzbekistan. Super League,Uzbekistan,AGMK,,,dict_unmatched,0,0,dict_unmatched
Uzbekistan. Super League,Uzbekistan,Andijan,,,dict_unmatched,0,0,dict_unmatched
Uzbekistan. Super League,Uzbekistan,Bunyodkor,19401,Bunyodkor,dict,100,24,scraped
Uzbekistan. Super League,Uzbekistan,Buxoro,20151,FC Buxoro,dict,100,25,scraped
Uzbekistan. Super League,Uzbekistan,Dinamo Samarqand,15300,Dinamo,dict,100,29,scraped
Uzbekistan. Super League,Uzbekistan,Kokand-1912,53299,Kokand 1912,dict,100,23,scraped
Uzbekistan. Super League,Uzbekistan,Mash'al,13649,Mash'al,dict,100,31,scraped
Uzbekistan. Super League,Uzbekistan,Nasaf,20591,Nasaf Qarshi,dict,100,24,scraped
Uzbekistan. Super League,Uzbekistan,Navbahor,15310,Navbahor,dict,100,23,scraped
Uzbekistan. Super League,Uzbekistan,Neftchi,13306,Neftchi,dict,100,25,scraped
Uzbekistan. Super League,Uzbekistan,Pakhtakor,3718,Pakhtakor,dict,100,21,scraped
Uzbekistan. Super League,Uzbekistan,Qizilqum,20115,Qizilqum,dict,100,28,scraped
Uzbekistan. Super League,Uzbekistan,Shortan,,,dict_unmatched,0,0,dict_unmatched
Uzbekistan. Super League,Uzbekistan,Sogdiana,35157,Sogdiana,dict,100,26,scraped
Uzbekistan. Super League,Uzbekistan,Surkhon,65036,Surkhon,dict,100,28,scraped
Uzbekistan. Super League,Uzbekistan,Xorazm,38976,Xorazm FС,dict,100,27,scraped
Venezuela. Primera División,Venezuela,Academia Puerto Cabello,45193,Puerto Cabello,dict,100,28,scraped
Venezuela. Primera División,Venezuela,Anzoátegui FC,97642,Anzoátegui,dict,100,27,scraped
Venezuela. Primera División,Venezuela,Carabobo,14682,Carabobo FC,dict,100,30,scraped
Venezuela. Primera División,Venezuela,Caracas,531,Caracas FC,dict,100,25,scraped
Venezuela. Primera División,Venezuela,Deportivo La Guaira,26468,Dep. La Guaira,dict,100,27,scraped
Venezuela. Primera División,Venezuela,Deportivo Táchira,13297,Táchira,dict,100,30,scraped
Venezuela. Primera División,Venezuela,Estudiantes de Mérida,14555,Estudiantes,dict,100,25,scraped
Venezuela. Primera División,Venezuela,Metropolitanos,42918,Metropolitanos,dict,100,31,scraped
Venezuela. Primera División,Venezuela,Monagas,14596,Monagas SC,dict,100,30,scraped
Venezuela. Primera División,Venezuela,Portuguesa,22918,Portuguesa FC,dict,100,28,scraped
Venezuela. Primera División,Venezuela,Rayo Zuliano,93338,Rayo Zuliano,dict,100,38,scraped
Venezuela. Primera División,Venezuela,UCV,43146,UCV FC,dict,100,28,scraped
Venezuela. Primera División,Venezuela,Yaracuyanos,24982,Yaracuyanos,dict,100,31,scraped
Venezuela. Primera División,Venezuela,Zamora,18018,Zamora FC,dict,100,30,scraped
Wales. Premier League,Wales,Bala Town,27843,Bala,dict,100,21,scraped
Wales. Premier League,Wales,Barry Town United,1115,Barry Town,dict,100,20,scraped
Wales. Premier League,Wales,Briton Ferry,29221,Briton Ferry,dict,100,24,scraped
Wales. Premier League,Wales,Caernarfon Town,22461,Caernarfon,dict,100,20,scraped
Wales. Premier League,Wales,Cardiff MU,53152,Cardiff Met,dict,100,24,scraped
Wales. Premier League,Wales,Colwyn Bay,22546,Colwyn Bay,dict,100,22,scraped
Wales. Premier League,Wales,Connah's Quay,22499,Connah's Quay,dict,100,20,scraped
Wales. Premier League,Wales,Flint Town United,31188,Flint Town,dict,100,19,scraped
Wales. Premier League,Wales,Haverfordwest County,25232,Haverfordwest,dict,100,31,scraped
Wales. Premier League,Wales,Llanelli Town,11915,Llanelli AFC,dict,100,22,scraped
Wales. Premier League,Wales,Penybont,62026,Penybont,dict,100,25,scraped
Wales. Premier League,Wales,The New Saints,10734,The New Saints,dict,100,26,scraped
